archive_url,penalty_note,sandbox_note,notes,fetched_at,row_id,state,state_name,instrument_type,title_original,title_en,machine_translation,status,date,authority_role,authority_name,quote_original,summary,source_url,verification,lead_source,url
https://web.archive.org/web/20260907214805/https://www.digitalaustria.gv.at/themen/kuenstliche-intelligenz/ki-organisation.html,,,Licence: Austrian federal-government web terms; quote kept under 25 words. Human review: final KI-Marktüberwachungsgesetz/designation not found on checked pages.,2026-09-07T00:00:00Z,at-authority-page-ki-governance,AT,Austria,authority-page,KI-Governance in Österreich,AI governance in Austria,True,operational,2023,"[""none""]",Digital Austria / federal ministries / RTR KI-Servicestelle,"""Zu Strategie und Umsetzungsplan für künstliche Intelligenz wurde in Österreich 2023 eine Governance-Struktur eingerichtet""","Digital Austria describes the national AI governance structure: interministerial coordination, an AI Advisory Board and RTR’s AI Service Desk. It confirms a preparatory governance ecosystem but not a final MSA/SPOC law.",https://www.digitalaustria.gv.at/themen/kuenstliche-intelligenz/ki-organisation.html,fetched-and-read,"[""official-site crawl""]",https://safelegalai.com/regulation/eu-ai-act/at#at-authority-page-ki-governance
https://web.archive.org/web/20260907214712/https://www.rtr.at/ki-servicestelle,,,Licence: RTR page states CC BY 4.0 unless otherwise indicated; quote kept under 25 words. This is not a final Article 70 MSA designation.,2026-09-07T00:00:00Z,at-authority-page-rtr-ki-servicestelle,AT,Austria,authority-page,Servicestelle für Künstliche Intelligenz,Artificial Intelligence Service Desk,True,operational,2024,"[""none""]",RTR-GmbH KI-Servicestelle,"""Die Rechtsgrundlage für die KI-Servicestelle bilden § 20c KOG und § 194a TKG""","RTR states that its AI Service Desk is based on §20c KOG and §194a TKG, as amended by BGBl. I No. 6/2024, and serves as Austria’s public information and contact hub for AI Act implementation.",https://ki.rtr.at/,fetched-and-read,"[""AI Act Service Desk national resources"", ""official-site crawl""]",https://safelegalai.com/regulation/eu-ai-act/at#at-authority-page-rtr-ki-servicestelle
https://web.archive.org/web/20260907214830/https://www.digitalaustria.gv.at/themen/kuenstliche-intelligenz/publicai.html,,,"Licence: Austrian federal-government web terms; quote kept short. Not a justice-specific AI Act notice, but relevant national deployer guidance for public administration.",2026-09-07T00:00:00Z,at-deployer-guidance-public-ai,AT,Austria,deployer-guidance,Public AI - KI in der Verwaltung,Public AI - AI in public administration,True,operational,2026,"[""none""]",Digital Austria,"""Mit der Public AI Initiative schafft Österreich die Grundlage""","Digital Austria’s Public AI page gives public-administration deployment context, emphasising secure and responsible AI use, public-sector infrastructure, use cases and support for officials and citizen-facing services.",https://www.digitalaustria.gv.at/themen/kuenstliche-intelligenz/publicai.html,fetched-and-read,"[""official-site crawl""]",https://safelegalai.com/regulation/eu-ai-act/at#at-deployer-guidance-public-ai
https://web.archive.org/web/20260907214712/https://www.rtr.at/ki-servicestelle,,,Licence: RTR CC BY 4.0 statement on the source page; quote kept short. Relevant to legal and public-sector deployers as general national guidance.,2026-09-07T00:00:00Z,at-deployer-guidance-rtr-ai-act-help,AT,Austria,deployer-guidance,Der AI Act,The AI Act,True,operational,2026-08-05,"[""none""]",RTR-GmbH KI-Servicestelle,"""Übersichten und weitere Hilfestellungen""","RTR’s service desk page gives deployers and providers plain-language overviews, FAQs and help on AI Act topics such as operator duties, transparency, AI literacy, risk levels, sanctions and implementation documents.",https://ki.rtr.at/,fetched-and-read,"[""official-site crawl""]",https://safelegalai.com/regulation/eu-ai-act/at#at-deployer-guidance-rtr-ai-act-help
https://web.archive.org/web/20260907214741/https://www.digitalaustria.gv.at/themen/kuenstliche-intelligenz/behoerden-art77-ai-act.html,,,"Licence: Austrian federal-government web terms apply; short quotation only. Row covers Article 77 bodies, not AI Act Article 70 market authorities.",2026-09-07T00:00:00Z,at-designation-notice-art77-authorities,AT,Austria,designation-notice,AI Act: Artikel 77 stärkt Grundrechte,AI Act: Article 77 strengthens fundamental rights,True,designated,2024-11-02,"[""fundamental-rights""]","Volksanwaltschaft, Datenschutzbehörde, equality, labour, media, election, consumer bodies","""Bis 2. November 2024 mussten Behörden und öffentliche Stellen benannt werden""","Digital Austria publishes Austria’s Article 77 fundamental-rights authority list, including the Ombudsman Board, Data Protection Authority, equality bodies, labour inspectorates, KommAustria, election bodies, consumer/product bodies and others.",https://www.digitalaustria.gv.at/themen/kuenstliche-intelligenz/behoerden-art77-ai-act.html,fetched-and-read,"[""official-site crawl""]",https://safelegalai.com/regulation/eu-ai-act/at#at-designation-notice-art77-authorities
,,,Licence: FPS Economy official public-sector page; quote kept under 25 words. Human review: no final Belgian Article 70 implementing act found here.,2026-09-07T00:00:00Z,be-authority-page-fps-ai-act,BE,Belgium,authority-page,Artificial Intelligence Act,Artificial Intelligence Act,False,operational,2026-09-03,"[""none""]",FPS Economy,"""De AI Act werd aangenomen op 21 mei 2024""","FPS Economy maintains Belgium’s official AI Act information page. It explains the phased EU regulation and links to the Belgian Article 77 list, but the checked page did not provide a final Article 70 MSA/SPOC designation.",https://economie.fgov.be/nl/themas/online/artificiele-intelligentie,fetched-and-read,"[""AI Act Service Desk national resources"", ""official-site crawl""]",https://safelegalai.com/regulation/eu-ai-act/be#be-authority-page-fps-ai-act
,,,"Checked 2026-09-07: FPS Economy AI Act page, linked Article 77 PDF, AI Act Service Desk Belgium filter/resources, federal-government pages. Only Article 77 list verified.",2026-09-07T00:00:00Z,be-authority-page-no-article70-instrument,BE,Belgium,authority-page,Artificial Intelligence Act,Artificial Intelligence Act,False,unknown,2026-09-07,"[""none""]",,"""Zie hieronder voor een overzicht van de Belgische autoriteiten""","No final Belgian national Article 70 implementing instrument, SPOC, market-surveillance authority or notifying authority was found in the checked official FPS Economy page, Belgian Article 77 PDF, Service Desk national resources and government pages.",https://economie.fgov.be/nl/themas/online/artificiele-intelligentie,page-read-no-document,"[""official-site crawl"", ""AI Act Service Desk national resources"", ""Future of Life Institute national implementation plans""]",https://safelegalai.com/regulation/eu-ai-act/be#be-authority-page-no-article70-instrument
,,,Licence: Belgian official public-sector document; quote kept under 25 words. The list is Article 77 only and does not designate market-surveillance or notifying authorities.,2026-09-07T00:00:00Z,be-designation-notice-art77-authorities,BE,Belgium,designation-notice,Overzicht van de Belgische autoriteiten voor de bescherming van de grondrechten,Overview of Belgian authorities for the protection of fundamental rights,True,designated,2024-11-02,"[""fundamental-rights""]","Multiple federal, Brussels, Flemish, German-speaking, French Community and Walloon authorities","""Overzicht van de Belgische autoriteiten voor de bescherming van de grondrechten""","The Belgian Article 77 PDF lists public bodies with fundamental-rights supervision or enforcement powers, including federal inspection, labour, cyber, police oversight, prison oversight, ombuds and human-rights bodies plus federated authorities.",https://economie.fgov.be/sites/default/files/Files/Online/Overzicht-van-de-Belgische-autoriteiten-voor-de-bescherming-van-de-grondrechten.pdf,fetched-and-read,"[""official-site crawl""]",https://safelegalai.com/regulation/eu-ai-act/be#be-designation-notice-art77-authorities
,,,"Licence: FPS Economy official page; quote kept short. This is an implementation update, not a political policy position on the Omnibus.",2026-09-07T00:00:00Z,be-omnibus-position-fps-update,BE,Belgium,omnibus-position,Digitale Omnibus inzake AI,Digital Omnibus on AI,True,adopted,2026-09-03,"[""none""]",FPS Economy,"""De implementatie van de AI Act werd inmiddels bijgestuurd""","FPS Economy explicitly notes that AI Act implementation has been adjusted by the Digital Omnibus on AI, mainly by changing application deadlines while leaving the AI Act’s basic rules intact.",https://economie.fgov.be/nl/themas/online/artificiele-intelligentie,fetched-and-read,"[""official-site crawl""]",https://safelegalai.com/regulation/eu-ai-act/be#be-omnibus-position-fps-update
,,,"Checked 2026-09-07: Ministry of Transport and Communications digital-transformation pages, Bulgarian government/ministry pages, AI Act Service Desk Bulgaria filter/resources. No official implementation instrument found.",2026-09-07T00:00:00Z,bg-authority-page-no-instrument,BG,Bulgaria,authority-page,Digital Transformation,Digital Transformation,False,unknown,2026-09-07,"[""none""]",,"""Digital Transformation""","No Bulgarian AI Act implementing act, Article 70 MSA/SPOC/notifying designation, penalty law, sandbox notice or legal-practice guidance was found in the official pages checked for this slice.",https://www.mtc.government.bg/en/category/58/digital-transformation,page-read-no-document,"[""official-site crawl"", ""AI Act Service Desk national resources"", ""Future of Life Institute national implementation plans""]",https://safelegalai.com/regulation/eu-ai-act/bg#bg-authority-page-no-instrument
,,,"Checked 2026-09-07: MPUDT/RDD homepage and digital-transformation navigation, AI Act Service Desk Croatia filter/resources, national official pages surfaced from those checks. No instrument found.",2026-09-07T00:00:00Z,hr-authority-page-no-instrument,HR,Croatia,authority-page,"Ministarstvo pravosuđa, uprave i digitalne transformacije Republike Hrvatske - Naslovna","Ministry of Justice, Public Administration and Digital Transformation of Croatia - Home",True,unknown,2026-09-07,"[""none""]",,"""Digitalna transformacija""","No Croatian AI Act implementing act, Article 70 authority designation, separate penalties, sandbox or justice/legal deployer guidance was verified on the checked Ministry and national-resource pages.",https://rdd.gov.hr/,page-read-no-document,"[""official-site crawl"", ""AI Act Service Desk national resources"", ""Future of Life Institute national implementation plans""]",https://safelegalai.com/regulation/eu-ai-act/hr#hr-authority-page-no-instrument
https://web.archive.org/web/20260729234308/https://www.gov.cy/dmrid/mi-katigoriopoiimeno/ethnikes-armodies-arches-gia-tin-epopteia-toy-kanonismoy-gia-tin-techniti-noimosyni-ai-act/,,,"Licence: gov.cy official public-authority page; live source blocked during fetch, Wayback snapshot read. Quote kept under 25 Greek words.",2026-09-07T00:00:00Z,cy-designation-notice-council-authorities,CY,Cyprus,designation-notice,Εθνικές Αρμόδιες Αρχές για την Εποπτεία του Κανονισμού για την Τεχνητή Νοημοσύνη,National competent authorities for supervision of the AI Regulation,True,designated,2025-01-22,"[""msa"", ""spoc"", ""notifying""]",Commissioner of Communications; Commissioner for Personal Data Protection,"""προχώρησε στον ορισμό των εθνικών αρμόδιων αρχών""","A Deputy Ministry notice says the Council of Ministers designated national competent authorities for the AI Act on 22 January 2025, meeting Article 70 requirements and notifying the Commission.",https://www.gov.cy/dmrid/mi-katigoriopoiimeno/ethnikes-armodies-arches-gia-tin-epopteia-toy-kanonismoy-gia-tin-techniti-noimosyni-ai-act/,mirror-read,"[""official-site crawl"", ""Wayback""]",https://safelegalai.com/regulation/eu-ai-act/cy#cy-designation-notice-council-authorities
https://web.archive.org/web/20260729234308/https://www.gov.cy/dmrid/mi-katigoriopoiimeno/ethnikes-armodies-arches-gia-tin-epopteia-toy-kanonismoy-gia-tin-techniti-noimosyni-ai-act/,,,Licence: gov.cy official public-authority page; live fetch was blocked and Wayback was read. The AI Cyprus governance page independently confirms the roles.,2026-09-07T00:00:00Z,cy-designation-notice-commissioner-communications,CY,Cyprus,designation-notice,Επίτροπος Επικοινωνιών,Commissioner of Communications,True,designated,2025-01-22,"[""msa"", ""spoc"", ""notifying""]",Commissioner of Communications,"""Κοινοποιούσα Αρχή (Notifying Authority)""","The Council notice designates the Commissioner of Communications as notifying authority, market-surveillance authority and single point of contact for national AI Act implementation.",https://www.gov.cy/dmrid/mi-katigoriopoiimeno/ethnikes-armodies-arches-gia-tin-epopteia-toy-kanonismoy-gia-tin-techniti-noimosyni-ai-act/,mirror-read,"[""official-site crawl"", ""Wayback""]",https://safelegalai.com/regulation/eu-ai-act/cy#cy-designation-notice-commissioner-communications
https://web.archive.org/web/20260729234308/https://www.gov.cy/dmrid/mi-katigoriopoiimeno/ethnikes-armodies-arches-gia-tin-epopteia-toy-kanonismoy-gia-tin-techniti-noimosyni-ai-act/,,,Licence: gov.cy official public-authority page; short quote only. Confirmed also by AI Cyprus governance page.,2026-09-07T00:00:00Z,cy-designation-notice-data-protection-msa,CY,Cyprus,designation-notice,Επίτροπος Προστασίας Δεδομένων Προσωπικού Χαρακτήρα,Commissioner for Personal Data Protection,True,designated,2025-01-22,"[""msa""]",Commissioner for Personal Data Protection,"""Αρχή Εποπτείας της Αγοράς (Market Surveillance Authority)""","The notice designates the Personal Data Protection Commissioner as market-surveillance authority for Annex III points 1, 6, 7 and 8 high-risk systems and for prohibited-practice supervision within its remit.",https://www.gov.cy/dmrid/mi-katigoriopoiimeno/ethnikes-armodies-arches-gia-tin-epopteia-toy-kanonismoy-gia-tin-techniti-noimosyni-ai-act/,mirror-read,"[""official-site crawl"", ""Wayback""]",https://safelegalai.com/regulation/eu-ai-act/cy#cy-designation-notice-data-protection-msa
,,,Licence: AI Cyprus/government-linked public page; quote kept under 25 words. Page also describes Cyprus’s centralised AI Act governance model.,2026-09-07T00:00:00Z,cy-designation-notice-art77-authorities,CY,Cyprus,designation-notice,Fundamental Rights Organizations,Fundamental Rights Organizations,False,designated,2026,"[""fundamental-rights""]",Personal Data Protection Commissioner; Ombudsman; Attorney-General,"""The list of public authorities designated by the Republic of Cyprus is as follows""","AI Cyprus lists the Article 77 fundamental-rights authorities as the Personal Data Protection Commissioner, Commissioner for Administration and Human Rights (Ombudsman), and Attorney-General of the Republic.",https://ai.cy/governance/,fetched-and-read,"[""official-site crawl""]",https://safelegalai.com/regulation/eu-ai-act/cy#cy-designation-notice-art77-authorities
,,,Licence: AI Cyprus public page; quote kept short. Consultation ran through the e-Consultation platform until 17 September 2026.,2026-09-07T00:00:00Z,cy-implementing-act-draft-2026,CY,Cyprus,implementing-act,The Artificial Intelligence Law of 2026,The Artificial Intelligence Law of 2026,False,draft,2026,"[""none""]",,"""Its purpose is to implement Regulation (EU) 2024/1689""","AI Cyprus announced consultation on a draft Artificial Intelligence Law of 2026 to set the national governance, market-surveillance, control, procedural and sanctions framework for the AI Act in Cyprus.",https://ai.cy/blog/the-artificial-intelligence-law-of-2026/,fetched-and-read,"[""official-site crawl""]",https://safelegalai.com/regulation/eu-ai-act/cy#cy-implementing-act-draft-2026
,,Draft law would create an AI Regulatory Sandbox to support responsible innovation; operator details not yet final in the consultation notice.,Licence: AI Cyprus public page; quote kept short. Human review should update when the draft law is enacted and operator details are confirmed.,2026-09-07T00:00:00Z,cy-sandbox-draft-2026,CY,Cyprus,sandbox,The Artificial Intelligence Law of 2026,The Artificial Intelligence Law of 2026,False,announced,2026,"[""sandbox-operator""]",To be set under draft Artificial Intelligence Law of 2026,"""the creation of an AI Regulatory Sandbox""","The draft-law consultation notice states that Cyprus’s implementing law would create an AI Regulatory Sandbox aimed at supporting responsible innovation alongside governance, control and sanctions provisions.",https://ai.cy/blog/the-artificial-intelligence-law-of-2026/,fetched-and-read,"[""official-site crawl""]",https://safelegalai.com/regulation/eu-ai-act/cy#cy-sandbox-draft-2026
,,,"Licence: Czech ministry official public page; quote kept under 25 words. Role is policy/implementation coordinator, not a final Article 70 authority designation.",2026-09-07T00:00:00Z,cz-authority-page-mpo-ai-act-gestor,CZ,Czechia,authority-page,Umělá inteligence,Artificial intelligence,True,operational,2025-05-28,"[""none""]",Ministerstvo průmyslu a obchodu,"""Gestorem AI Aktu bylo dne 28. května 2025 určeno Ministerstvo průmyslu a obchodu""",MPO’s AI page states that the Ministry of Industry and Trade became the Czech gestor for the AI Act on 28 May 2025 and links the national strategy and implementation work.,https://www.mpo.gov.cz/cz/podnikani/digitalni-ekonomika/umela-inteligence/,fetched-and-read,"[""official-site crawl"", ""AI Act Service Desk national resources""]",https://safelegalai.com/regulation/eu-ai-act/cz#cz-authority-page-mpo-ai-act-gestor
https://web.archive.org/web/20260907215005/https://ctu.gov.cz/umela-inteligence,,,Licence: ČTÚ official public page; quote kept short. Page states information is current to November 2025 and based partly on a draft national law.,2026-09-07T00:00:00Z,cz-deployer-guidance-ctu-ai-act,CZ,Czechia,deployer-guidance,Umělá inteligence,Artificial intelligence,True,operational,2025-11,"[""none""]",Český telekomunikační úřad,"""Co dělat pro dodržení AIA""","ČTÚ’s AI Act page provides national-facing compliance guidance sections for regulated actors, including who the AIA applies to, what to do for compliance, relevant entities and where to seek help.",https://ctu.gov.cz/umela-inteligence,fetched-and-read,"[""official-site crawl""]",https://safelegalai.com/regulation/eu-ai-act/cz#cz-deployer-guidance-ctu-ai-act
,,,Licence: Czech ministry official public page; quote kept short. Covers Article 77 only.,2026-09-07T00:00:00Z,cz-designation-notice-art77-authorities,CZ,Czechia,designation-notice,Orgány dle čl. 77 AI Aktu,Authorities under Article 77 of the AI Act,True,designated,2025-05-28,"[""fundamental-rights""]",ÚOOÚ; Kancelář veřejného ochránce práv,"""Orgány dle čl. 77 AI Aktu jsou Úřad pro ochranu osobních údajů""","MPO identifies the Czech Article 77 authorities as the Office for Personal Data Protection and the Office of the Public Defender of Rights, for fundamental-rights access under the AI Act.",https://www.mpo.gov.cz/cz/podnikani/digitalni-ekonomika/umela-inteligence/,fetched-and-read,"[""official-site crawl""]",https://safelegalai.com/regulation/eu-ai-act/cz#cz-designation-notice-art77-authorities
,,,Licence: ČTÚ official public page; quote kept under 25 words. Human review: exact statutory basis and full authority matrix still pending.,2026-09-07T00:00:00Z,cz-designation-notice-ctu-msa-announced,CZ,Czechia,designation-notice,TISKOVÁ ZPRÁVA: ČTÚ od září posiluje dohled nad umělou inteligencí,Press release: ČTÚ strengthens AI oversight from September,True,announced,2026-09-01,"[""msa""]",Český telekomunikační úřad,"""ČTÚ byl v rámci implementace evropského Aktu o umělé inteligenci určen jedním z orgánů dozoru""","ČTÚ announced a new standalone AI supervision department from 1 September 2026 and says it has been determined as one market-surveillance body, while practical powers await the relevant legislation.",https://www.ctu.gov.cz/tiskova-zprava-ctu-od-zari-posiluje-dohled-nad-umelou-inteligenci-nove-oddeleni-povede-anna-hroudova,fetched-and-read,"[""official-site crawl""]",https://safelegalai.com/regulation/eu-ai-act/cz#cz-designation-notice-ctu-msa-announced
https://web.archive.org/web/20260907215005/https://ctu.gov.cz/umela-inteligence,,,Licence: ČTÚ official public page; quote kept under 25 words. Human review: final Czech act and penalties not verified in this slice.,2026-09-07T00:00:00Z,cz-implementing-act-draft-ai-law,CZ,Czechia,implementing-act,Návrh zákona o umělé inteligenci,Draft Act on Artificial Intelligence,True,draft,2025-11,"[""none""]",,"""vyžaduje národní adaptační zákony pro institucionální a sankční mechanismy""","ČTÚ’s AI Act information page says the directly applicable EU AI Act still requires Czech national adaptation laws for institutional and penalty mechanisms, and that the page is based on a draft AI law.",https://ctu.gov.cz/umela-inteligence,fetched-and-read,"[""official-site crawl"", ""Future of Life Institute national implementation plans""]",https://safelegalai.com/regulation/eu-ai-act/cz#cz-implementing-act-draft-ai-law
,,,Licence: Danish agency official public page; quote kept short.,2026-09-07T00:00:00Z,dk-deployer-guidance-digst-ai-rules,DK,Denmark,deployer-guidance,Reglerne i AI-forordningen,The rules in the AI Regulation,True,operational,2026,"[""none""]",Digitaliseringsstyrelsen,"""Aktører i AI-forordningen""","Digitaliseringsstyrelsen publishes deployer-facing guidance on AI Act risk categories, dates, AI literacy, transparency, high-risk systems and actors, helping businesses and authorities understand obligations.",https://digst.dk/tilsyn/ai-forordningen/reglerne-i-ai-forordningen/,fetched-and-read,"[""official-site crawl""]",https://safelegalai.com/regulation/eu-ai-act/dk#dk-deployer-guidance-digst-ai-rules
,,,Licence: Danish official legal text/open public legal information; quote kept short. Roles are based on sections in the law text.,2026-09-07T00:00:00Z,dk-designation-notice-digst-spoc-notifying-msa,DK,Denmark,designation-notice,Digitaliseringsstyrelsen,Danish Agency for Digital Government,True,designated,2025-08-02,"[""msa"", ""spoc"", ""notifying""]",Digitaliseringsstyrelsen,"""Digitaliseringsstyrelsen er national kompetent myndighed""","Act No. 467 designates the Danish Agency for Digital Government as a national competent authority and gives it notifying-authority, single-point-of-contact and market-surveillance roles for specified prohibited AI practices.",https://api.retsinformation.dk/eli/lta/2025/467,fetched-and-read,"[""official API crawl""]",https://safelegalai.com/regulation/eu-ai-act/dk#dk-designation-notice-digst-spoc-notifying-msa
,,,Licence: Danish official legal text/open public legal information; quote kept short.,2026-09-07T00:00:00Z,dk-designation-notice-datatilsynet-msa,DK,Denmark,designation-notice,Datatilsynet,Danish Data Protection Agency,True,designated,2025-08-02,"[""msa""]",Datatilsynet,"""Datatilsynet er national kompetent myndighed""",The law designates the Danish Data Protection Agency as a national competent authority and market-surveillance authority for prohibited AI practices linked to Article 5(1)(d) and (g).,https://api.retsinformation.dk/eli/lta/2025/467,fetched-and-read,"[""official API crawl""]",https://safelegalai.com/regulation/eu-ai-act/dk#dk-designation-notice-datatilsynet-msa
,,,Licence: Danish official legal text/open public legal information; quote kept short. Relevant for justice-sector AI deployment and oversight.,2026-09-07T00:00:00Z,dk-designation-notice-domstolsstyrelsen-justice,DK,Denmark,designation-notice,Domstolsstyrelsen,Danish Court Administration,True,designated,2025-08-02,"[""msa""]",Domstolsstyrelsen and relevant court authorities,"""Domstolsstyrelsen er national kompetent myndighed""","Act No. 467 gives the Danish Court Administration a national competent authority role for certain court AI uses, while some court-use decisions are handled by the relevant court authority.",https://api.retsinformation.dk/eli/lta/2025/467,fetched-and-read,"[""official API crawl""]",https://safelegalai.com/regulation/eu-ai-act/dk#dk-designation-notice-domstolsstyrelsen-justice
,,,Licence: Danish official legal text/open public legal information; quote kept under 25 words. Source read through the official Retsinformation API.,2026-09-07T00:00:00Z,dk-implementing-act-lov-467-2025,DK,Denmark,implementing-act,Lov nr. 467 af 14/05/2025,Act No. 467 of 14 May 2025,True,in-force,2025-08-02,"[""none""]",,"""Loven træder i kraft den 2. august 2025""",Denmark’s Act No. 467/2025 implements national AI Act authority designations and enforcement provisions. The official law text states that it entered into force on 2 August 2025.,https://api.retsinformation.dk/eli/lta/2025/467,fetched-and-read,"[""AI Act Service Desk national resources"", ""official API crawl""]",https://safelegalai.com/regulation/eu-ai-act/dk#dk-implementing-act-lov-467-2025
,Act No. 467 includes fine provisions for violations of listed AI Act obligations and national enforcement duties.,,Licence: Danish official legal text/open public legal information; quote kept under 25 words.,2026-09-07T00:00:00Z,dk-penalty-law-lov-467-fines,DK,Denmark,penalty-law,Straf,Penalties,True,in-force,2025-08-02,"[""none""]",,"""Med bøde straffes den, der overtræder""","The Danish implementing act contains penalty provisions, using fines for breaches of specified AI Act obligations and Danish authority procedures connected with market surveillance and notified bodies.",https://api.retsinformation.dk/eli/lta/2025/467,fetched-and-read,"[""official API crawl""]",https://safelegalai.com/regulation/eu-ai-act/dk#dk-penalty-law-lov-467-fines
https://web.archive.org/web/20260907215124/https://digst.dk/tilsyn/ai-forordningen/regulatorisk-sandkasse-for-ai/,,Digitaliseringsstyrelsen and Datatilsynet operate a free regulatory sandbox for AI projects involving GDPR and AI Act risk classification guidance.,Licence: Danish agency official public page; quote kept short. The page says the sandbox is not an approval scheme and gives no dispensation from existing rules.,2026-09-07T00:00:00Z,dk-sandbox-digst-datatilsynet-ai,DK,Denmark,sandbox,Regulatorisk sandkasse for AI,Regulatory sandbox for AI,True,operational,2026,"[""sandbox-operator""]",Digitaliseringsstyrelsen and Datatilsynet,"""etableret en regulatorisk sandkasse for AI""",The Danish sandbox page states that the Agency for Digital Government and Data Protection Agency have established an AI regulatory sandbox giving companies and authorities project-specific guidance on GDPR and AI Act risk classification.,https://digst.dk/tilsyn/ai-forordningen/regulatorisk-sandkasse-for-ai/,fetched-and-read,"[""official-site crawl""]",https://safelegalai.com/regulation/eu-ai-act/dk#dk-sandbox-digst-datatilsynet-ai
,,,"Checked 2026-09-07: MKM, TTJA, RIA and Kratid official pages plus AI Act Service Desk Estonia filter/resources. Public-sector AI guidance exists, but no Article 70 instrument found.",2026-09-07T00:00:00Z,ee-authority-page-no-article70-instrument,EE,Estonia,authority-page,Tehisintellekt,Artificial intelligence,True,unknown,2026-09-07,"[""none""]",,"""Tehisintellekt""","No Estonian AI Act implementing act, Article 70 MSA/SPOC/notifying designation, penalty law or official sandbox operator notice was verified in the official pages checked for this slice.",https://www.kratid.ee/,page-read-no-document,"[""official-site crawl"", ""AI Act Service Desk national resources"", ""Future of Life Institute national implementation plans""]",https://safelegalai.com/regulation/eu-ai-act/ee#ee-authority-page-no-article70-instrument
,,,"Licence: Estonian public-sector portal; quote kept under 25 words. This is guidance/context, not an AI Act Article 70 designation.",2026-09-07T00:00:00Z,ee-deployer-guidance-kratid-public-sector,EE,Estonia,deployer-guidance,Tehisintellekt,Artificial intelligence,True,operational,2026,"[""none""]",Justiits- ja Digiministeerium; Riigi Infosüsteemi Amet,"""andmete ja tehisintellekti teemadest Eesti avalikus sektoris""","The Kratid portal provides official public-sector AI and data materials for Estonia, including AI project information and contacts at the Ministry of Justice and Digital Affairs and the State Information System Authority.",https://www.kratid.ee/,fetched-and-read,"[""official-site crawl""]",https://safelegalai.com/regulation/eu-ai-act/ee#ee-deployer-guidance-kratid-public-sector
https://web.archive.org/web/20260729234305/https://tem.fi/en/ai-regulation,,,"Licence: Finnish ministry official web page; live page was blocked/limited in collection, Wayback snapshot read. Quote kept under 25 words.",2026-09-07T00:00:00Z,fi-designation-notice-art77-authorities,FI,Finland,designation-notice,Authorities protecting fundamental rights under EU Artificial Intelligence Act,Authorities protecting fundamental rights under EU Artificial Intelligence Act,False,designated,2026,"[""fundamental-rights""]","DPO, Non-Discrimination Ombudsman, Equality Ombudsman, Parliamentary Ombudsman, Consumer Ombudsman","""The Finnish authorities protecting fundamental rights under the AI Act""","TEM’s AI regulation page lists Finnish Article 77 authorities protecting fundamental rights, including the Data Protection Ombudsman, Non-Discrimination Ombudsman, Ombudsman for Equality, Parliamentary Ombudsman and Consumer Ombudsman.",https://tem.fi/en/ai-regulation,mirror-read,"[""official-site crawl"", ""Wayback""]",https://safelegalai.com/regulation/eu-ai-act/fi#fi-designation-notice-art77-authorities
,,,Licence: Finlex official legal text; quote kept under 25 words.,2026-09-07T00:00:00Z,fi-designation-notice-traficom-spoc,FI,Finland,designation-notice,Liikenne- ja viestintävirasto toimii keskitettynä yhteyspisteenä,Traficom acts as the single point of contact,True,designated,2026-01-01,"[""spoc"", ""msa""]",Liikenne- ja viestintävirasto Traficom,"""Liikenne- ja viestintävirasto toimii tekoälyasetuksen 70 artiklan 2 kohdassa tarkoitettuna keskitettynä yhteyspisteenä""","The Finnish act designates Traficom as the AI Act Article 70(2) single point of contact and assigns it market-surveillance tasks, including Article 50 transparency supervision within the national framework.",https://www.finlex.fi/fi/lainsaadanto/saadoskokoelma/2025/1377,fetched-and-read,"[""official-site crawl""]",https://safelegalai.com/regulation/eu-ai-act/fi#fi-designation-notice-traficom-spoc
,,,Licence: Finlex official legal text; quote kept short. Authority-name field is abbreviated because the statute lists multiple sector bodies.,2026-09-07T00:00:00Z,fi-designation-notice-sectoral-msas,FI,Finland,designation-notice,Markkinavalvontaviranomaiset,Market surveillance authorities,True,designated,2026-01-01,"[""msa""]","Tukes, Customs, Traficom, Fimea, Energy Authority, DPO, FIN-FSA and others","""Tekoälyasetuksen 6 artiklan 1 kohdassa tarkoitetun tekoälyjärjestelmän markkinavalvontaviranomaisia ovat""","Finland uses a decentralised market-surveillance model. The act lists sector authorities including Tukes, Customs, Traficom, the supervisory agency, Fimea, Energy Authority, Data Protection Ombudsman and FIN-FSA.",https://www.finlex.fi/fi/lainsaadanto/saadoskokoelma/2025/1377,fetched-and-read,"[""official-site crawl""]",https://safelegalai.com/regulation/eu-ai-act/fi#fi-designation-notice-sectoral-msas
,,,Licence: Finlex official legal text; quote kept under 25 words.,2026-09-07T00:00:00Z,fi-designation-notice-notifying-authorities,FI,Finland,designation-notice,Ilmoittamisesta vastaavat viranomaiset,Authorities responsible for notification,True,designated,2026-01-01,"[""notifying""]","TEM, Traficom, Fimea, Ministry of Social Affairs and Health","""Ilmoittamisesta vastaava viranomainen vastaa ilmoitettujen laitosten arvioinnista""","The act designates several notifying authorities for conformity-assessment bodies, including the Ministry of Economic Affairs and Employment, Traficom, Fimea and the Ministry of Social Affairs and Health.",https://www.finlex.fi/fi/lainsaadanto/saadoskokoelma/2025/1377,fetched-and-read,"[""official-site crawl""]",https://safelegalai.com/regulation/eu-ai-act/fi#fi-designation-notice-notifying-authorities
,,,Licence: Finlex/Suomen säädöskokoelma official legal text; quote kept short. Machine translation supplied for the English title.,2026-09-07T00:00:00Z,fi-implementing-act-1377-2025,FI,Finland,implementing-act,Laki eräiden tekoälyjärjestelmien valvonnasta,Act on supervision of certain artificial intelligence systems,True,in-force,2026-01-01,"[""none""]",,"""Tämä laki tulee voimaan 1 päivänä tammikuuta 2026""","Finland’s Act 1377/2025 on supervision of certain AI systems establishes national market-surveillance, notifying, single-point and sanction mechanisms and entered into force on 1 January 2026.",https://www.finlex.fi/fi/lainsaadanto/saadoskokoelma/2025/1377,fetched-and-read,"[""AI Act Service Desk national resources"", ""official-site crawl""]",https://safelegalai.com/regulation/eu-ai-act/fi#fi-implementing-act-1377-2025
,The act creates a sanctions board and sets maximum administrative penalty levels mirroring AI Act Article 99 bands.,,Licence: Finlex official legal text; quote kept short.,2026-09-07T00:00:00Z,fi-penalty-law-sanctions-board,FI,Finland,penalty-law,Tekoälyjärjestelmien valvonnan seuraamusmaksulautakunta,Sanctions board for supervision of AI systems,True,in-force,2026-01-01,"[""none""]",Tekoälyjärjestelmien valvonnan seuraamusmaksulautakunta,"""Tekoälyjärjestelmien valvonnan seuraamusmaksulautakunta""","Finland creates a sanctions board connected with Traficom for administrative penalties. The law sets maxima including EUR 35 million/7%, EUR 15 million/3%, and EUR 7.5 million/1% bands.",https://www.finlex.fi/fi/lainsaadanto/saadoskokoelma/2025/1377,fetched-and-read,"[""official-site crawl""]",https://safelegalai.com/regulation/eu-ai-act/fi#fi-penalty-law-sanctions-board
,,Traficom describes the AI regulatory sandbox as a controlled experimentation and testing environment under competent-authority supervision.,Licence: Traficom official public page; quote kept under 25 words. Human review: update status if Traficom publishes application/operator details.,2026-09-07T00:00:00Z,fi-sandbox-traficom-ai-regulatory-sandboxes,FI,Finland,sandbox,AI regulatory sandboxes,AI regulatory sandboxes,False,announced,2026-04-13,"[""sandbox-operator""]",Traficom and competent authorities,"""a controlled experimentation and testing environment""","Traficom’s AI regulatory sandbox page explains the sandbox as a controlled testing environment for AI innovation under competent-authority supervision, implementing the AI Act sandbox concept in Finland.",https://www.traficom.fi/en/ai-regulation/ai-regulatory-sandboxes,fetched-and-read,"[""official-site crawl"", ""web search lead""]",https://safelegalai.com/regulation/eu-ai-act/fi#fi-sandbox-traficom-ai-regulatory-sandboxes
,,,Licence: French ministry press/public-information page; quote kept under 25 words. Guidance reflects a proposed model that still requires parliamentary approval.,2026-09-07T00:00:00Z,fr-deployer-guidance-enterprises-ai-regulation,FR,France,deployer-guidance,Règlement européen sur l’intelligence artificielle,European regulation on artificial intelligence,True,operational,2025-09-09,"[""none""]",DGE/DGCCRF,"""si une entreprise est déjà régulée sur son secteur""",The French government guidance explains that regulated companies should generally deal with their usual sector regulator for AI Act implementation under the proposed decentralised authority model.,https://presse.economie.gouv.fr/la-dge-et-la-dgccrf-publient-le-projet-de-designation-des-autorites-nationales-en-charge-de-la-mise-en-oeuvre-du-reglement-europeen-sur-lia/,fetched-and-read,"[""official-site crawl""]",https://safelegalai.com/regulation/eu-ai-act/fr#fr-deployer-guidance-enterprises-ai-regulation
,,,"Licence: French ministry press/public-information page, generally under Etalab/open public-sector reuse terms; quote kept short. Human review: proposal is not final law.",2026-09-07T00:00:00Z,fr-designation-notice-governance-proposal,FR,France,designation-notice,La DGE et la DGCCRF publient le projet de désignation des autorités nationales,DGE and DGCCRF publish the draft designation of national authorities,True,announced,2025-09-09,"[""msa"", ""spoc"", ""notifying""]","DGE, DGCCRF, CNIL and sector authorities","""Ce schéma doit être soumis au Parlement""",The French government published a proposed AI Act governance scheme coordinated by DGE and DGCCRF and using existing sector regulators. The notice says the scheme still needs to be submitted to Parliament via a bill.,https://presse.economie.gouv.fr/la-dge-et-la-dgccrf-publient-le-projet-de-designation-des-autorites-nationales-en-charge-de-la-mise-en-oeuvre-du-reglement-europeen-sur-lia/,fetched-and-read,"[""AI Act Service Desk national resources"", ""official-site crawl""]",https://safelegalai.com/regulation/eu-ai-act/fr#fr-designation-notice-governance-proposal
,,,Licence: French government public page/Etalab-style reuse; quote kept under 25 words. Status remains announced because the page says parliamentary acceptance is required.,2026-09-07T00:00:00Z,fr-designation-notice-dgccrf-spoc-msa,FR,France,designation-notice,Coordination et point de contact unique,Coordination and single point of contact,True,announced,2025-09-09,"[""msa"", ""spoc""]",DGCCRF,"""jouera à ce titre le rôle de point de contact unique""",The detailed French government page assigns DGCCRF operational coordination of market-surveillance authorities and the Article 70(2) single point of contact role under the proposed scheme.,https://www.entreprises.gouv.fr/priorites-et-actions/transition-numerique/soutenir-le-developpement-de-lia-au-service-de-0,fetched-and-read,"[""official-site crawl""]",https://safelegalai.com/regulation/eu-ai-act/fr#fr-designation-notice-dgccrf-spoc-msa
,,,Licence: French government public page/Etalab-style reuse; quote kept short. Human review: confirm once statute is enacted.,2026-09-07T00:00:00Z,fr-designation-notice-cnil-market-surveillance,FR,France,designation-notice,Commission nationale de l’informatique et des libertés (CNIL),National Commission for Informatics and Liberties (CNIL),True,announced,2025-09-09,"[""msa"", ""fundamental-rights""]",CNIL,"""la CNIL sera chargée du contrôle des systèmes d’IA""","France’s proposed scheme gives CNIL extensive supervision for prohibited practices, transparency and many Annex III high-risk areas, including biometrics, employment, law-enforcement, migration and democratic processes.",https://www.entreprises.gouv.fr/priorites-et-actions/transition-numerique/soutenir-le-developpement-de-lia-au-service-de-0,fetched-and-read,"[""official-site crawl""]",https://safelegalai.com/regulation/eu-ai-act/fr#fr-designation-notice-cnil-market-surveillance
,,,Licence: French government public page/Etalab-style reuse; quote kept short. Relevant to legal-practice and justice-sector AI systems; still subject to law.,2026-09-07T00:00:00Z,fr-designation-notice-justice-authorities,FR,France,designation-notice,Administration de la justice,Administration of justice,True,announced,2025-09-09,"[""msa""]","Conseil d’État, Cour de cassation, Cour des comptes, CNIL","""Administration de la justice : Conseil d’État, Cour de cassation, Cour des comptes""","The proposed French authority matrix assigns specified justice-administration AI systems to the Conseil d’État, Cour de cassation and Cour des comptes, with CNIL handling other justice-related AI categories.",https://www.entreprises.gouv.fr/priorites-et-actions/transition-numerique/soutenir-le-developpement-de-lia-au-service-de-0,fetched-and-read,"[""official-site crawl""]",https://safelegalai.com/regulation/eu-ai-act/fr#fr-designation-notice-justice-authorities
,,,Licence: German federal agency page; short quotation only.,2026-09-07T00:00:00Z,de-deployer-guidance-bnetza-service-desk,DE,Germany,deployer-guidance,KI-Service Desk,AI Service Desk,True,operational,2026,"[""none""]",Bundesnetzagentur,"""unterstützt Unternehmen, Behörden und Organisationen bei der Umsetzung""","Bundesnetzagentur’s AI page says its KI-Service Desk supports companies, authorities and organisations implementing the AI Regulation in Germany, with factsheets, FAQs and compliance resources.",https://www.bundesnetzagentur.de/DE/Fachthemen/Digitales/KI/start_ki.html,fetched-and-read,"[""official-site crawl""]",https://safelegalai.com/regulation/eu-ai-act/de#de-deployer-guidance-bnetza-service-desk
,,,"Licence: German official legal text, UrhG §5; quote kept short. Sector/product authorities and BaFin retain roles where specified.",2026-09-07T00:00:00Z,de-designation-notice-bnetza-msa-spoc,DE,Germany,designation-notice,Bundesnetzagentur,Federal Network Agency,True,designated,2026-07-29,"[""msa"", ""spoc""]",Bundesnetzagentur,"""Die Bundesnetzagentur ist die für die Einhaltung der Verordnung zuständige Marktüberwachungsbehörde""","KI-MIG designates the Federal Network Agency as the default AI Act market-surveillance authority unless the statute assigns a sector authority, and makes it the central contact hub for authority information.",https://www.gesetze-im-internet.de/ki-mig/BJNR0DF0B0026.html,fetched-and-read,"[""official-site crawl""]",https://safelegalai.com/regulation/eu-ai-act/de#de-designation-notice-bnetza-msa-spoc
,,,"Licence: German official legal text, UrhG §5; quote kept under 25 words. Important for legal/justice AI oversight.",2026-09-07T00:00:00Z,de-designation-notice-market-surveillance-chamber,DE,Germany,designation-notice,KI-Marktüberwachungskammer,AI Market Surveillance Chamber,True,designated,2026-07-29,"[""msa""]",Bundesnetzagentur KI-Marktüberwachungskammer,"""KI-Marktüberwachungskammer handelt völlig unabhängig""","KI-MIG creates an AI Market Surveillance Chamber inside Bundesnetzagentur for Annex III high-risk systems used for law enforcement, border management, justice and democracy-related purposes.",https://www.gesetze-im-internet.de/ki-mig/BJNR0DF0B0026.html,fetched-and-read,"[""official-site crawl""]",https://safelegalai.com/regulation/eu-ai-act/de#de-designation-notice-market-surveillance-chamber
,,,"Licence: German official legal text, UrhG §5; quote kept under 25 words.",2026-09-07T00:00:00Z,de-implementing-act-ki-mig,DE,Germany,implementing-act,Gesetz zur Durchführung der Verordnung (EU) 2024/1689,Act implementing Regulation (EU) 2024/1689,True,in-force,2026-07-29,"[""none""]",,"""Dieses Gesetz dient der Durchführung der Verordnung (EU) 2024/1689""","Germany’s KI-MIG implements national AI Act authority, innovation-support and fine rules. The official consolidated text states it supplements Regulation (EU) 2024/1689 and entered into force in July 2026.",https://www.gesetze-im-internet.de/ki-mig/BJNR0DF0B0026.html,fetched-and-read,"[""AI Act Service Desk national resources"", ""official-site crawl""]",https://safelegalai.com/regulation/eu-ai-act/de#de-implementing-act-ki-mig
,"KI-MIG adds administrative-offence procedures and penalties supplementing AI Act Article 99; some national offences have EUR 50,000 caps.",,"Licence: German official legal text, UrhG §5; quote kept under 25 words.",2026-09-07T00:00:00Z,de-penalty-law-ki-mig-bussgeld,DE,Germany,penalty-law,Bußgeldvorschriften zur Verordnung (EU) 2024/1689,Fine provisions for Regulation (EU) 2024/1689,True,in-force,2026-07-29,"[""none""]",,"""Die Ordnungswidrigkeit kann mit einer Geldbuße bis zu fünfzigtausend Euro geahndet werden""","KI-MIG contains German fine and procedure provisions for AI Act violations, assigning administrative-offence competence to the relevant market-surveillance or notifying authorities in their areas.",https://www.gesetze-im-internet.de/ki-mig/BJNR0DF0B0026.html,fetched-and-read,"[""official-site crawl""]",https://safelegalai.com/regulation/eu-ai-act/de#de-penalty-law-ki-mig-bussgeld
,,KI-MIG requires Bundesnetzagentur to establish and operate at least one AI regulatory sandbox under AI Act Articles 57 and 58.,"Licence: German official legal text, UrhG §5; quote kept short. Status set to announced because operation details were not found in the legal text.",2026-09-07T00:00:00Z,de-sandbox-bnetza-ki-reallabor,DE,Germany,sandbox,KI-Reallabore,AI regulatory sandboxes,True,announced,2026-07-29,"[""sandbox-operator""]",Bundesnetzagentur,"""Die Bundesnetzagentur errichtet und betreibt mindestens ein KI-Reallabor""","Germany’s KI-MIG gives Bundesnetzagentur responsibility to establish and operate at least one AI regulatory sandbox and cooperate with relevant authorities, including data-protection authorities where needed.",https://www.gesetze-im-internet.de/ki-mig/BJNR0DF0B0026.html,fetched-and-read,"[""official-site crawl""]",https://safelegalai.com/regulation/eu-ai-act/de#de-sandbox-bnetza-ki-reallabor
,,,Licence: Greek Special Secretariat official public page; quote kept under 25 Greek words.,2026-09-07T00:00:00Z,gr-deployer-guidance-justice-webinars,GR,Greece,deployer-guidance,Διαδικτυακά σεμινάρια για τη χρήση της Τεχνητής Νοημοσύνης στη δικαιοσύνη,Online seminars on the use of artificial intelligence in justice,True,announced,2026,"[""none""]",Special Secretariat for AI and Data Governance,"""απευθύνεται σε όλους τους επαγγελματίες του χώρου της δικαιοσύνης""","AI.gov.gr announces webinars for justice professionals, providers of administrative AI tools in justice and legal/technical experts, supporting deployer awareness in the justice sector.",https://ai.gov.gr/events/diadiktyaka-seminaria-gia-ti-chrisi-tis-technitis-noimosynis-sti-dikaiosyni/,fetched-and-read,"[""official-site crawl""]",https://safelegalai.com/regulation/eu-ai-act/gr#gr-deployer-guidance-justice-webinars
https://web.archive.org/web/20260907215247/https://ai.gov.gr/events/3o-foroym-diavoyleysis-axiopisti-techniti-noimosyni-ston-dimosio-tomea/,,,Licence: Greek Special Secretariat official public page; quote kept under 25 words. Row uses event agenda text pending direct statute text confirmation.,2026-09-07T00:00:00Z,gr-designation-notice-eett-notifying,GR,Greece,designation-notice,Το εθνικό πλαίσιο εφαρμογής του AI Act,The national framework for implementation of the AI Act,True,designated,2026,"[""notifying"", ""sandbox-operator""]",ΕΕΤΤ,"""ο ρόλος της ΕΕΤΤ ως κοινοποιούσας αρχής""",AI.gov.gr event material identifies EETT’s role as notifying authority in the national AI Act framework and describes regulatory sandboxes together with the competent-authority structure.,https://ai.gov.gr/events/3o-foroym-diavoyleysis-axiopisti-techniti-noimosyni-ston-dimosio-tomea/,fetched-and-read,"[""official-site crawl""]",https://safelegalai.com/regulation/eu-ai-act/gr#gr-designation-notice-eett-notifying
,,,Licence: Greek Special Secretariat official public page; quote kept short.,2026-09-07T00:00:00Z,gr-designation-notice-art77-authorities,GR,Greece,designation-notice,Αρχές προστασίας θεμελιωδών δικαιωμάτων,Fundamental-rights protection authorities,True,designated,2026,"[""fundamental-rights""]","HDPA, ADAE, National Commission for Human Rights, Ombudsman","""τον κατάλογο των αρμόδιων αρχών προστασίας θεμελιωδών δικαιωμάτων""","AI.gov.gr states Greece notified the Commission of the Article 77 list: Hellenic DPA, Communications Privacy Authority, National Commission for Human Rights and the Ombudsman.",https://ai.gov.gr/artificial-intelligence/,fetched-and-read,"[""official-site crawl""]",https://safelegalai.com/regulation/eu-ai-act/gr#gr-designation-notice-art77-authorities
,,,Licence: Hellenic DPA official public page; quote kept short. Title adjusted to avoid source-title ranking language.,2026-09-07T00:00:00Z,gr-designation-notice-hdpa-msa-spoc,GR,Greece,designation-notice,Hellenic DPA takes a role in implementing the EU AI Act in Greece,Hellenic DPA takes a role in implementing the EU AI Act in Greece,False,designated,2026-07-20,"[""msa"", ""spoc"", ""sandbox-operator""]",Hellenic Data Protection Authority,"""as the single point of contact for Greece""","The Hellenic DPA says Law 5321/2026 designates it as market-surveillance authority for prohibited practices, Annex III high-risk systems and Article 50 transparency, and as Greece’s single point of contact.",https://www.dpa.gr/en/enimerwtiko/press-releases/hellenic-dpa-takes-leading-role-implementing-eu-ai-act-greece,fetched-and-read,"[""official-site crawl""]",https://safelegalai.com/regulation/eu-ai-act/gr#gr-designation-notice-hdpa-msa-spoc
,,,"Licence: Hellenic DPA official public page; quote kept short. Human review: et.gr gazette PDF fetch returned HTML error, so source is DPA plus AADE law citation.",2026-09-07T00:00:00Z,gr-implementing-act-law-5321-2026,GR,Greece,implementing-act,Νόμος 5321/2026,Law 5321/2026,True,in-force,2026-07-20,"[""none""]",,"""Measures for the implementation of Regulation (EU) 2024/1689""","Greek official authority pages cite Law 5321/2026 as the national AI Act implementation law, published in Government Gazette Series I No. 114/2026 and amending Law 4961/2022.",https://www.dpa.gr/en/enimerwtiko/press-releases/hellenic-dpa-takes-leading-role-implementing-eu-ai-act-greece,fetched-and-read,"[""official-site crawl""]",https://safelegalai.com/regulation/eu-ai-act/gr#gr-implementing-act-law-5321-2026
,,"DPA press release says HDPA, together with EETT, is competent for operating the national AI regulatory sandbox.",Licence: Hellenic DPA official public page; quote kept under 25 words. Status announced because operational application details were not found.,2026-09-07T00:00:00Z,gr-sandbox-law-5321-hdpa-eett,GR,Greece,sandbox,Ρυθμιστικά Δοκιμαστήρια (Sandboxes),Regulatory sandboxes,True,announced,2026,"[""sandbox-operator""]",Hellenic DPA and EETT,"""competent authority for the operation of the national AI regulatory sandbox""",The Hellenic DPA states it and EETT are competent authorities for operating Greece’s national AI regulatory sandbox under Law 5321/2026; AI.gov.gr also lists sandboxes in national implementation events.,https://www.dpa.gr/en/enimerwtiko/press-releases/hellenic-dpa-takes-leading-role-implementing-eu-ai-act-greece,fetched-and-read,"[""official-site crawl""]",https://safelegalai.com/regulation/eu-ai-act/gr#gr-sandbox-law-5321-hdpa-eett
,,,Licence: Hungarian national legal-information portal/public legal text; quote kept short. English authority name is a translation of the decree text.,2026-09-07T00:00:00Z,hu-designation-notice-market-authority-spoc,HU,Hungary,designation-notice,344/2025. (X. 31.) Korm. rendelet,Government Decree 344/2025 (XI.29),True,designated,2025-12-02,"[""msa"", ""spoc""]",Minister responsible for enterprise development,"""a Kormány piacfelügyeleti hatóságként a vállalkozásfejlesztésért felelős minisztert jelöli ki""",Government Decree 344/2025 designates the minister responsible for enterprise development as Hungary’s AI Act market-surveillance authority and single point of contact.,https://njt.jog.gov.hu/eli/R/2025/Korm/344,fetched-and-read,"[""official-site crawl""]",https://safelegalai.com/regulation/eu-ai-act/hu#hu-designation-notice-market-authority-spoc
,,,Licence: Hungarian national legal-information portal/public legal text; quote kept under 25 words.,2026-09-07T00:00:00Z,hu-designation-notice-national-accreditation-notifying,HU,Hungary,designation-notice,Nemzeti Akkreditáló Hatóság,National Accreditation Authority,True,designated,2025-12-02,"[""notifying""]",Nemzeti Akkreditáló Hatóság,"""bejelentő hatóságként a Nemzeti Akkreditáló Hatóságot jelöli ki""",The same Hungarian decree designates the National Accreditation Authority as the notifying authority for AI Act conformity-assessment body notification functions.,https://njt.jog.gov.hu/eli/R/2025/Korm/344,fetched-and-read,"[""official-site crawl""]",https://safelegalai.com/regulation/eu-ai-act/hu#hu-designation-notice-national-accreditation-notifying
,,,Licence: Hungarian national legal-information portal/public legal text; quote kept under 25 words. Some provisions enter on different dates.,2026-09-07T00:00:00Z,hu-implementing-act-law-lxxv-2025,HU,Hungary,implementing-act,2025. évi LXXV. törvény a mesterséges intelligencia rendszerekről,Act LXXV of 2025 on artificial intelligence systems,True,in-force,2025-12-01,"[""none""]",,"""gondoskodni szükséges a bejelentő és piacfelügyeleti hatóságok kijelöléséről""","Hungary’s Act LXXV of 2025 creates the national AI Act implementation framework, requiring designation of notifying and market-surveillance authorities, procedures, innovation support and fundamental-rights safeguards.",https://njt.jog.gov.hu/eli/TV/2025/75,fetched-and-read,"[""AI Act Service Desk national resources"", ""official-site crawl""]",https://safelegalai.com/regulation/eu-ai-act/hu#hu-implementing-act-law-lxxv-2025
,Decree 344/2025 sets administrative penalty maxima in forints corresponding to AI Act Articles 99 and 100.,,Licence: Hungarian national legal-information portal/public legal text; quote kept under 25 words.,2026-09-07T00:00:00Z,hu-penalty-law-decree-344-fines,HU,Hungary,penalty-law,A mesterséges intelligencia rendszerekről szóló törvény végrehajtásáról,On implementation of the Act on artificial intelligence systems,True,in-force,2025-12-02,"[""none""]",,"""a bírság legmagasabb mértéke""","Government Decree 344/2025 sets Hungarian administrative fine maxima for AI Act infringements, including HUF levels aligned with Articles 99 and 100 and powers for the market-surveillance authority.",https://njt.jog.gov.hu/eli/R/2025/Korm/344,fetched-and-read,"[""official-site crawl""]",https://safelegalai.com/regulation/eu-ai-act/hu#hu-penalty-law-decree-344-fines
,,Act LXXV assigns operation of an AI regulatory sandbox to the market-surveillance authority; sandbox provisions enter on 2 August 2026.,Licence: Hungarian national legal-information portal/public legal text; quote kept short. Operator name follows the separately designated MSA.,2026-09-07T00:00:00Z,hu-sandbox-market-authority-law,HU,Hungary,sandbox,MI szabályozói tesztkörnyezet,AI regulatory sandbox,True,announced,2026-08-02,"[""sandbox-operator""]",Market-surveillance authority,"""MI szabályozói tesztkörnyezetet működtet""","Hungary’s implementing act assigns the AI regulatory sandbox to the market-surveillance authority, with sandbox provisions scheduled for application from 2 August 2026.",https://njt.jog.gov.hu/eli/TV/2025/75,fetched-and-read,"[""official-site crawl""]",https://safelegalai.com/regulation/eu-ai-act/hu#hu-sandbox-market-authority-law
,,,Official EFTA page; quote under 25 words. Used for EEA status.,2026-09-07T21:55:00Z,is-authority-page-eea-ai-act-status,IS,Iceland,authority-page,Factsheet - 32024R1689,Factsheet - 32024R1689,False,announced,,"[""none""]",EFTA Secretariat,"""under scrutiny for incorporation into the EEA Agreement""","EFTA's EEA-Lex factsheet records the AI Act as marked EEA relevant and under scrutiny for incorporation into the EEA Agreement by Iceland, Liechtenstein and Norway. It is not yet an Icelandic implementing designation.",https://www.efta.int/eea-lex/32024r1689,fetched-and-read,"[""official source crawl""]",https://safelegalai.com/regulation/eu-ai-act/is#is-authority-page-eea-ai-act-status
,,,Official government page; quote under 25 words. No separate Article 99 penalty law or sandbox designation found.,2026-09-07T21:55:00Z,is-authority-page-ai-action-plan-news,IS,Iceland,authority-page,English version of the AI Action Plan,English version of the AI Action Plan,False,adopted,2025-10-10,"[""none""]",Government of Iceland,"""English version of the AI Action Plan""","The Government of Iceland publishes the English version of the national AI Action Plan. The plan is the main official source found for Icelandic AI Act preparation; no national MSA, SPOC, notifying authority or sandbox designation was verified.",https://www.government.is/news/article/2025-10-10-English-version-of-the-AI-Action-Plan/,fetched-and-read,"[""official source crawl""]",https://safelegalai.com/regulation/eu-ai-act/is#is-authority-page-ai-action-plan-news
,,,Official government PDF in English; quote under 25 words. Spelling of 'Intilligence' follows the extracted source text.,2026-09-07T21:55:00Z,is-implementing-act-ai-bill-action-plan,IS,Iceland,implementing-act,Iceland's AI Action Plan 2025-2027,Iceland's AI Action Plan 2025-2027,False,announced,2025-07,"[""none""]","Ministry of Culture, Innovation and Higher Education","""Product A bill on Artificial Intilligence""","Iceland's AI Action Plan says EU AI legislation is being incorporated into the EEA Agreement and sets an action to prepare draft Icelandic legislation, including defining institutional roles, with a bill scheduled for spring 2026.",https://government.is/library/01-Ministries/Ministry-of-Culture--Innovation-and-Higher-Education-/Iceland's%20AI%20Action%20Plan%20electronic%20version%20(5).pdf,fetched-and-read,"[""Future of Life Institute national implementation plans"", ""official source crawl""]",https://safelegalai.com/regulation/eu-ai-act/is#is-implementing-act-ai-bill-action-plan
,,DETE says the AI Office will support coordinated implementation and host a regulatory sandbox.,Licence: DETE official public page; quote kept short. Page also says the Office coordinates Ireland’s distributed competent authorities.,2026-09-07T00:00:00Z,ie-authority-page-ai-office-spoc-sandbox,IE,Ireland,authority-page,AI Office of Ireland,AI Office of Ireland,False,operational,2026-08-02,"[""spoc"", ""sandbox-operator""]",Oifig IS na hÉireann / AI Office of Ireland,"""Act as the Single Point of Contact for the EU AI Act""","DETE states that the AI Office of Ireland is the central coordinating body for AI Act implementation, expected to be operational by 2 August 2026 and to act as SPOC while supporting regulatory sandbox work.",https://enterprise.gov.ie/en/news-and-events/department-news/2026/july/20260730.html,fetched-and-read,"[""official-site crawl""]",https://safelegalai.com/regulation/eu-ai-act/ie#ie-authority-page-ai-office-spoc-sandbox
,,,Licence: Irish Statute Book public legal text/PSI reuse; quote kept short.,2026-09-07T00:00:00Z,ie-designation-notice-si-366-minister-spoc,IE,Ireland,designation-notice,S.I. No. 366/2025 - European Union (Artificial Intelligence) Regulations 2025,S.I. No. 366/2025 - European Union (Artificial Intelligence) Regulations 2025,False,designated,2025-07-25,"[""spoc"", ""msa"", ""notifying""]","Minister for Enterprise, Tourism and Employment","""The Minister is designated as the single point of contact""","S.I. 366/2025 designates the Minister for Enterprise, Tourism and Employment as Ireland’s national competent authority and single point of contact, with notifying and market-surveillance roles in specified areas.",https://www.irishstatutebook.ie/eli/2025/si/366/made/en/,fetched-and-read,"[""AI Act Service Desk national resources"", ""official-site crawl""]",https://safelegalai.com/regulation/eu-ai-act/ie#ie-designation-notice-si-366-minister-spoc
,,,Licence: DETE official public page; quote kept under 25 words. Irish Statute Book S.I. provides the legal schedule; DETE page gives the readable consolidated list.,2026-09-07T00:00:00Z,ie-designation-notice-si-366-authorities,IE,Ireland,designation-notice,Schedule 1 - National competent authorities,Schedule 1 - National competent authorities,False,designated,2025-07-25,"[""msa"", ""notifying""]","15 national competent authorities including CBI, DPC, ComReg, HPRA, CCPC, HSA, WRC","""Ireland has to date designated 15 national competent authorities""","Ireland uses a distributed authority model. Official DETE material and S.I. 366/2025 list 15 competent authorities, including Central Bank, DPC, ComReg, HPRA, CCPC, HSA, transport and workplace bodies.",https://enterprise.gov.ie/en/news-and-events/department-news/2025/september/20250916.html,fetched-and-read,"[""official-site crawl""]",https://safelegalai.com/regulation/eu-ai-act/ie#ie-designation-notice-si-366-authorities
,,,Licence: Irish Statute Book public legal text/PSI reuse; quote kept short.,2026-09-07T00:00:00Z,ie-designation-notice-dpc-cbi-msas,IE,Ireland,designation-notice,European Union (Artificial Intelligence) Regulations 2025,European Union (Artificial Intelligence) Regulations 2025,False,designated,2025-07-25,"[""msa""]",Central Bank of Ireland; Data Protection Commission,"""Central Bank of Ireland and Data Protection Commission""","S.I. 366/2025 designates the Central Bank of Ireland and the Data Protection Commission for Article 74 market-surveillance functions, alongside the broader distributed competent-authority schedule.",https://www.irishstatutebook.ie/eli/2025/si/366/made/en/,fetched-and-read,"[""official-site crawl""]",https://safelegalai.com/regulation/eu-ai-act/ie#ie-designation-notice-dpc-cbi-msas
,,,Licence: DETE official public page; quote kept short. Human review: this page states the count but does not reproduce the full Article 77 list.,2026-09-07T00:00:00Z,ie-designation-notice-article77-authorities,IE,Ireland,designation-notice,Ireland leads the way in EU AI regulation,Ireland leads the way in EU AI regulation,False,designated,2025-09-16,"[""fundamental-rights""]",Nine public authorities protecting fundamental rights,"""designation of nine public authorities tasked with protecting fundamental rights""","DETE states that Ireland had earlier designated nine public authorities tasked with protecting fundamental rights under the AI Act, empowered to oversee high-risk AI systems and citizens’ rights.",https://enterprise.gov.ie/en/news-and-events/department-news/2025/september/20250916.html,fetched-and-read,"[""official-site crawl""]",https://safelegalai.com/regulation/eu-ai-act/ie#ie-designation-notice-article77-authorities
https://web.archive.org/web/20260907215610/https://enterprise.gov.ie/en/legislation/regulation-of-artificial-intelligence-act.html,,,Licence: DETE official public page; quote kept under 25 words. The DETE press page says the President signed the Act on 21 July 2026.,2026-09-07T00:00:00Z,ie-implementing-act-regulation-ai-act-2026,IE,Ireland,implementing-act,Regulation of Artificial Intelligence Act,Regulation of Artificial Intelligence Act,False,in-force,2026-07-21,"[""none""]",,"""establishment of a body to be known as Oifig IS na hÉireann""","DETE’s legislation page says the Regulation of Artificial Intelligence Act gives further effect to the AI Act and establishes Oifig IS na hÉireann, the AI Office of Ireland.",https://enterprise.gov.ie/en/legislation/regulation-of-artificial-intelligence-act.html,fetched-and-read,"[""official-site crawl""]",https://safelegalai.com/regulation/eu-ai-act/ie#ie-implementing-act-regulation-ai-act-2026
,,,"Licence: Italian official acts, L. 633/1941 art. 5; quote kept short.",2026-09-07T00:00:00Z,it-designation-notice-agid-acn-national-authorities,IT,Italy,designation-notice,Autorità nazionali per l’intelligenza artificiale,National authorities for artificial intelligence,True,designated,2025-10-10,"[""msa"", ""spoc"", ""notifying""]",AgID and ACN,"""AgID e ACN sono designate quali Autorità nazionali""","Article 20 of Law 132/2025 designates AgID and the National Cybersecurity Agency as Italy’s national AI authorities, dividing innovation, notification, market surveillance, inspection and sanction functions.",https://www.gazzettaufficiale.it/eli/id/2025/09/25/25G00143/SG,fetched-and-read,"[""official-site crawl""]",https://safelegalai.com/regulation/eu-ai-act/it#it-designation-notice-agid-acn-national-authorities
,,,"Licence: Italian official acts, L. 633/1941 art. 5; quote kept under 25 words.",2026-09-07T00:00:00Z,it-designation-notice-agid-notifying,IT,Italy,designation-notice,Agenzia per l’Italia digitale (AgID),Agency for Digital Italy (AgID),True,designated,2025-10-10,"[""notifying""]",AgID,"""l’AgID è designata quale autorità di notifica""",Law 132/2025 gives AgID responsibility for promoting innovation and AI development and designates it as Italy’s notifying authority for conformity-assessment body procedures under the AI Act.,https://www.gazzettaufficiale.it/eli/id/2025/09/25/25G00143/SG,fetched-and-read,"[""official-site crawl""]",https://safelegalai.com/regulation/eu-ai-act/it#it-designation-notice-agid-notifying
,,,"Licence: Italian official acts, L. 633/1941 art. 5; quote kept short.",2026-09-07T00:00:00Z,it-designation-notice-acn-msa-spoc,IT,Italy,designation-notice,Agenzia per la cybersicurezza nazionale (ACN),National Cybersecurity Agency (ACN),True,designated,2025-10-10,"[""msa"", ""spoc""]",ACN,"""l’ACN è altresì responsabile per la vigilanza del mercato""","Law 132/2025 assigns ACN market-surveillance, inspection and sanctions responsibilities and designates it as Italy’s single contact point for AI Act coordination.",https://www.gazzettaufficiale.it/eli/id/2025/09/25/25G00143/SG,fetched-and-read,"[""official-site crawl""]",https://safelegalai.com/regulation/eu-ai-act/it#it-designation-notice-acn-msa-spoc
,,,"Licence: Italian official acts, L. 633/1941 art. 5; quote kept under 25 words. Correct source date is 23 September 2025, not 14 September.",2026-09-07T00:00:00Z,it-implementing-act-legge-132-2025,IT,Italy,implementing-act,"LEGGE 23 settembre 2025, n. 132",Law No. 132 of 23 September 2025,True,in-force,2025-10-10,"[""none""]",,"""Disposizioni e deleghe al Governo in materia di intelligenza artificiale""","Italy’s Law No. 132/2025 on artificial intelligence was published in the Gazzetta Ufficiale and entered into force on 10 October 2025, setting national AI governance and delegated implementation rules.",https://www.gazzettaufficiale.it/eli/id/2025/09/25/25G00143/SG,fetched-and-read,"[""AI Act Service Desk national resources"", ""official-site crawl""]",https://safelegalai.com/regulation/eu-ai-act/it#it-implementing-act-legge-132-2025
,Article 24 delegates further AI Act adaptation and sanctions; Article 26 introduces AI-related criminal-law provisions.,,"Licence: Italian official acts, L. 633/1941 art. 5; quote kept short.",2026-09-07T00:00:00Z,it-penalty-law-delegation-sanctions-crimes,IT,Italy,penalty-law,Deleghe al Governo in materia di intelligenza artificiale,Delegations to the Government on artificial intelligence,True,adopted,2025-10-10,"[""none""]",,"""sistema di sanzioni effettive, proporzionate e dissuasive""","Law 132/2025 delegates the Government to adopt further measures for AI Act adaptation, including an effective, proportionate and dissuasive sanctions system, and separately adds AI-related criminal provisions.",https://www.gazzettaufficiale.it/eli/id/2025/09/25/25G00143/SG,fetched-and-read,"[""official-site crawl""]",https://safelegalai.com/regulation/eu-ai-act/it#it-penalty-law-delegation-sanctions-crimes
,,"Law 132/2025 assigns AgID and ACN, within their respective competences, to manage experimentation spaces; Ministry of Justice is consulted for judicial AI systems.","Licence: Italian official acts, L. 633/1941 art. 5; quote kept under 25 words. Operational application details were not found.",2026-09-07T00:00:00Z,it-sandbox-agid-acn-experimentation-spaces,IT,Italy,sandbox,Spazi di sperimentazione,Experimentation spaces,True,announced,2025-10-10,"[""sandbox-operator""]",AgID and ACN,"""spazi di sperimentazione normativa""",Law 132/2025 provides for AI experimentation spaces run by AgID and ACN within their competences and requires consultation with the Ministry of Justice for judicial AI models and systems.,https://www.gazzettaufficiale.it/eli/id/2025/09/25/25G00143/SG,fetched-and-read,"[""official-site crawl""]",https://safelegalai.com/regulation/eu-ai-act/it#it-sandbox-agid-acn-experimentation-spaces
,,,Official TAP source; quote under 25 words. Status is coded draft because the fetched item is labelled a protocol-decision project.,2026-09-07T21:55:00Z,lv-designation-notice-em-notifying-latak,LV,Latvia,designation-notice,MK sēdes protokollēmuma projekts 24-TA-2633,Cabinet protocol-decision draft 24-TA-2633,True,draft,,"[""notifying""]",Ekonomikas ministrija; Latvijas nacionālais akreditācijas birojs,"""EM veic MI aktā noteiktās paziņojošās iestādes funkcijas""",The Latvian Cabinet draft assigns AI Act notifying-authority functions to the Ministry of Economics. It also records that the Latvian National Accreditation Bureau will carry out national accreditation-body functions for AI Act conformity-assessment work.,https://tapportals.mk.gov.lv/structuralizer/data/nodes/b11cd72b-4f85-48ad-b8ab-67fc1102089e/preview,fetched-and-read,"[""Future of Life Institute national implementation plans"", ""official source crawl""]",https://safelegalai.com/regulation/eu-ai-act/lv#lv-designation-notice-em-notifying-latak
,,,Official TAP source; quote under 25 words. Multiple sector authorities are listed in the source text.,2026-09-07T21:55:00Z,lv-designation-notice-ptac-spoc-msas,LV,Latvia,designation-notice,MK sēdes protokollēmuma projekts 24-TA-2633,Cabinet protocol-decision draft 24-TA-2633,True,draft,,"[""msa"", ""spoc""]",Patērētāju tiesību aizsardzības centrs and listed sector authorities,"""Noteikt PTAC par MI akta vienoto kontaktpunktu""","The Latvian draft lists PTAC and sector bodies as market surveillance authorities and names PTAC as the single contact point for communication with the public, Member State partners and EU institutions under the AI Act.",https://tapportals.mk.gov.lv/structuralizer/data/nodes/b11cd72b-4f85-48ad-b8ab-67fc1102089e/preview,fetched-and-read,"[""Future of Life Institute national implementation plans"", ""official source crawl""]",https://safelegalai.com/regulation/eu-ai-act/lv#lv-designation-notice-ptac-spoc-msas
,,,Official TAP source; quote under 25 words. This row records the justice/legal-practice relevant allocation.,2026-09-07T21:55:00Z,lv-designation-notice-dvi-annex-iii-justice,LV,Latvia,designation-notice,MK sēdes protokollēmuma projekts 24-TA-2633,Cabinet protocol-decision draft 24-TA-2633,True,draft,,"[""msa""]",Datu valsts inspekcija,"""DVI nodrošināt MI tirgus uzraudzību""","The Latvian draft assigns the Data State Inspectorate market-surveillance tasks for specified Annex III high-risk AI systems, including law-enforcement, border-management, justice and democracy uses, and supervision of prohibited AI practices under Article 5.",https://tapportals.mk.gov.lv/structuralizer/data/nodes/b11cd72b-4f85-48ad-b8ab-67fc1102089e/preview,fetched-and-read,"[""Future of Life Institute national implementation plans"", ""official source crawl""]",https://safelegalai.com/regulation/eu-ai-act/lv#lv-designation-notice-dvi-annex-iii-justice
,,,"Official Latvian government TAP source; quote kept under 25 words. TAP preview is a draft protocol-decision text, not a consolidated statute.",2026-09-07T21:55:00Z,lv-implementing-act-ai-act-requirements-report,LV,Latvia,implementing-act,"Informatīvais ziņojums ""Par Mākslīgā intelekta akta prasību ieviešanu""",Informative report on implementing the AI Act requirements,True,draft,,"[""none""]",,"""Par Mākslīgā intelekta akta prasību ieviešanu""","Latvia's TAP portal publishes a Cabinet protocol-decision draft and informative report for organising national AI Act implementation. The draft records proposed authority roles, staffing needs from 2026 and responsibility allocation for EU-level communication and cooperation.",https://tapportals.mk.gov.lv/structuralizer/data/nodes/b11cd72b-4f85-48ad-b8ab-67fc1102089e/preview,fetched-and-read,"[""Future of Life Institute national implementation plans"", ""official source crawl""]",https://safelegalai.com/regulation/eu-ai-act/lv#lv-implementing-act-ai-act-requirements-report
,,Cabinet-approved rules for a special regulatory environment; the first project call was planned for February 2026.,Official ministry page; quote under 25 words. No separate Latvian Art. 99 penalty law was verified in this slice.,2026-09-07T21:55:00Z,lv-sandbox-mic-special-regulatory-environment,LV,Latvia,sandbox,VARAM izstrāda regulējumu drošai mākslīgā intelekta risinājumu testēšanai speciālajā regulatīvajā vidē,VARAM develops rules for safe testing of AI solutions in a special regulatory environment,True,announced,2026-01-13,"[""sandbox-operator""]",Mākslīgā intelekta centrs,"""Speciālā regulatīvā vide izveidota kā kontrolēts un drošs ietvars""","VARAM reports Cabinet approval of rules for the Artificial Intelligence Centre to organise a special regulatory environment for AI testing. The page describes supervised projects, consultations, data safeguards and a planned first call.",https://www.varam.gov.lv/lv/jaunums/varam-izstrada-regulejumu-drosai-maksliga-intelekta-risinajumu-testesanai-specialaja-regulativaja-vide,fetched-and-read,"[""Future of Life Institute national implementation plans"", ""official source crawl""]",https://safelegalai.com/regulation/eu-ai-act/lv#lv-sandbox-mic-special-regulatory-environment
,,,Official EFTA page; quote under 25 words. Used for EEA status.,2026-09-07T21:55:00Z,li-authority-page-eea-ai-act-status,LI,Liechtenstein,authority-page,Factsheet - 32024R1689,Factsheet - 32024R1689,False,announced,,"[""none""]",EFTA Secretariat,"""under scrutiny for incorporation into the EEA Agreement""","EFTA's EEA-Lex factsheet records Regulation (EU) 2024/1689 as EEA relevant and under scrutiny for incorporation into the EEA Agreement by Iceland, Liechtenstein and Norway. No Liechtenstein AI Act designation is given.",https://www.efta.int/eea-lex/32024r1689,fetched-and-read,"[""official source crawl""]",https://safelegalai.com/regulation/eu-ai-act/li#li-authority-page-eea-ai-act-status
,,,Official government page read. LLV Office for Digital Innovation was a bot challenge; LLV EEA register pages were checked without a usable AI Act designation.,2026-09-07T21:55:00Z,li-authority-page-no-ai-act-designation,LI,Liechtenstein,authority-page,KI-Strategie der Landesverwaltung,AI strategy of the national administration,True,unknown,,"[""none""]",Liechtensteinische Landesverwaltung,"""Die Integration ... orientiert sich an vier Prinzipien""","No formal Liechtenstein AI Act implementing act, market surveillance authority, single point of contact, notifying authority, penalty law or sandbox designation was verified. The readable official material concerned the administration's AI strategy.",https://www.regierung.li/text/17057/ki-strategie,fetched-and-read,"[""Future of Life Institute national implementation plans"", ""official source crawl""]",https://safelegalai.com/regulation/eu-ai-act/li#li-authority-page-no-ai-act-designation
,,,Official government press release; quote under 25 words. LLV Office for Digital Innovation page returned a bot challenge.,2026-09-07T21:55:00Z,li-authority-page-llv-ai-strategy,LI,Liechtenstein,authority-page,Liechtensteinische Landesverwaltung erhält KI-Strategie,Liechtenstein national administration receives AI strategy,True,adopted,2026-04-14,"[""none""]",Regierung des Fürstentums Liechtenstein,"""hat die Regierung die KI-Strategie ... verabschiedet""","Liechtenstein's government reports adoption of the national administration AI strategy on 14 April 2026. The strategy concerns responsible, human-centred, transparent and efficiency-oriented use of AI within the administration, not EU AI Act implementation.",https://www.regierung.li/medienportal-medium/16182/234380/medienmitteilung,fetched-and-read,"[""official source crawl""]",https://safelegalai.com/regulation/eu-ai-act/li#li-authority-page-llv-ai-strategy
,,The Service Desk says the Innovation Agency must create and supervise the Lithuanian AI regulatory sandbox.,Commission Service Desk used because ministry/E-TAR pages were not readable by this collection run.,2026-09-07T21:55:00Z,lt-designation-notice-innovation-agency,LT,Lithuania,designation-notice,Nacionalinės kompetentingos institucijos - Lietuvos Respublikos ekonomikos ir inovacijų ministerija,National competent authorities - Ministry of Economy and Innovation of Lithuania,True,designated,,"[""notifying"", ""sandbox-operator""]",Innovation Agency Lithuania,"""Innovation Agency Lithuania was designated with the functions of the notifying authority""",The AI Act Service Desk records Innovation Agency Lithuania as notifying authority under Articles 28 and 70. It also says the agency was obliged to create and supervise Lithuania's AI regulatory sandbox under Article 57.,https://ai-act-service-desk.ec.europa.eu/en/national-resources,fetched-and-read,"[""AI Act Service Desk national resources"", ""official source crawl""]",https://safelegalai.com/regulation/eu-ai-act/lt#lt-designation-notice-innovation-agency
,,,Commission Service Desk page read; official Lithuanian pages checked but EIMIN/E-TAR were bot-challenge pages.,2026-09-07T21:55:00Z,lt-designation-notice-rrt-msa-spoc,LT,Lithuania,designation-notice,Nacionalinės kompetentingos institucijos - Lietuvos Respublikos ekonomikos ir inovacijų ministerija,National competent authorities - Ministry of Economy and Innovation of Lithuania,True,designated,,"[""msa"", ""spoc""]",Communications Regulatory Authority of the Republic of Lithuania (RRT),"""main market surveillance authority and the single contact point""","The AI Act Service Desk records the Communications Regulatory Authority of Lithuania as the main market surveillance authority and single contact point under Articles 70(1) and 70(2), based on amendments to the information-society-services law.",https://ai-act-service-desk.ec.europa.eu/en/national-resources,fetched-and-read,"[""AI Act Service Desk national resources"", ""official source crawl""]",https://safelegalai.com/regulation/eu-ai-act/lt#lt-designation-notice-rrt-msa-spoc
,,,European Commission Service Desk page read; Lithuanian E-TAR pages returned an anti-bot page during this collection.,2026-09-07T21:55:00Z,lt-implementing-act-law-amendments-service-desk,LT,Lithuania,implementing-act,Technologijų ir inovacijų įstatymo pakeitimai; Informacinės visuomenės paslaugų įstatymo pakeitimai,Amendments to the Law on Technology and Innovation and the Law on Information Society Services,True,adopted,,"[""none""]",,"""According to the amendments of the Law on Technology and Innovation""",The Commission AI Act Service Desk records Lithuanian amendments to the Law on Technology and Innovation and the Law on Information Society Services as the legal basis for national AI Act authority and sandbox designations.,https://ai-act-service-desk.ec.europa.eu/en/national-resources,fetched-and-read,"[""AI Act Service Desk national resources"", ""official source crawl""]",https://safelegalai.com/regulation/eu-ai-act/lt#lt-implementing-act-law-amendments-service-desk
,,Interested AI ecosystem participants may already ask the AI sandbox for consultations and explanations.,Official Innovation Agency page; quote under 25 words. More detailed participation information was described as forthcoming.,2026-09-07T21:55:00Z,lt-sandbox-innovation-agency-consultations,LT,Lithuania,sandbox,Reguliacinė dirbtinio intelekto (DI) smėliadėžė,Regulatory artificial-intelligence sandbox,True,operational,,"[""sandbox-operator""]",Innovation Agency Lithuania,"""Jau dabar DI ekosistemos dalyviai ... gali kreiptis į DI smėliadėžę""",Innovation Agency Lithuania describes its AI regulatory sandbox as a pilot environment for consultations on applying EU AI Act requirements in practice. The page says ecosystem participants can already contact the sandbox for explanations.,https://inovacijuagentura.lt/paslaugu-sarasas/di-smeliadeze.html?lang=lt,fetched-and-read,"[""AI Act Service Desk national resources"", ""official source crawl""]",https://safelegalai.com/regulation/eu-ai-act/lt#lt-sandbox-innovation-agency-consultations
,,,Agency guidance page found via the Commission Service Desk; quote under 25 words. Not justice-specific guidance.,2026-09-07T21:55:00Z,lu-deployer-guidance-luxinnovation-ai-act,LU,Luxembourg,deployer-guidance,European funding: Understanding the AI Act,European funding: Understanding the AI Act,False,adopted,2024-07-03,"[""none""]",Luxinnovation,"""take the AI Act into account""","Luxinnovation, Luxembourg's national innovation agency, published an AI Act policy brief for companies and research centres seeking EU funding. It is guidance for funding applicants, not a designation or binding implementation measure.",https://luxinnovation.lu/news/european-funding-understanding-the-ai-act,fetched-and-read,"[""AI Act Service Desk national resources"", ""official source crawl""]",https://safelegalai.com/regulation/eu-ai-act/lu#lu-deployer-guidance-luxinnovation-ai-act
,,,"Official CNPD page; quote under 25 words. The source describes roles under a bill, so status is announced rather than in force.",2026-09-07T21:55:00Z,lu-designation-notice-cnpd-spoc-msa-fra,LU,Luxembourg,designation-notice,Mise en oeuvre nationale de l'« AI Act » : la CNPD désignée comme autorité compétente,National implementation of the AI Act: CNPD designated as competent authority,True,announced,2024-12-04,"[""msa"", ""spoc"", ""fundamental-rights""]",Commission nationale pour la protection des données; ALIA; ITM,"""La CNPD se verra attribuer plusieurs rôles""","CNPD states that the Luxembourg bill would give it several AI Act roles: single contact point, national coordinator, default market surveillance authority and fundamental-rights authority alongside ALIA and ITM.",https://cnpd.public.lu/fr/actualites/national/2024/11/cnpd-ai-act.html,fetched-and-read,"[""Future of Life Institute national implementation plans"", ""official source crawl""]",https://safelegalai.com/regulation/eu-ai-act/lu#lu-designation-notice-cnpd-spoc-msa-fra
,,,"Official parliamentary dossier; quote under 25 words. Date is the government approval date reported by CNPD, not final adoption.",2026-09-07T21:55:00Z,lu-implementing-act-bill-8476,LU,Luxembourg,implementing-act,Projet de loi portant mise en oeuvre de certaines dispositions du règlement (UE) 2024/1689,Bill implementing certain provisions of Regulation (EU) 2024/1689,True,bill,2024-11-29,"[""none""]",,"""Projet de loi portant mise en oeuvre de certaines dispositions""","Luxembourg's Chamber of Deputies lists bill 8476, a bill to implement parts of the AI Act and amend CNPD, financial-sector and insurance-supervision statutes. The dossier remains in the media and communications committee record.",https://www.chd.lu/fr/dossier/8476,fetched-and-read,"[""Future of Life Institute national implementation plans"", ""official source crawl""]",https://safelegalai.com/regulation/eu-ai-act/lu#lu-implementing-act-bill-8476
,,CNPD says it would have an obligation to set up a regulatory sandbox under the bill.,Official CNPD page; quote under 25 words. CNPD thematic page and opinions were also checked.,2026-09-07T21:55:00Z,lu-sandbox-cnpd-ai-act,LU,Luxembourg,sandbox,Mise en oeuvre nationale de l'« AI Act » : la CNPD désignée comme autorité compétente,National implementation of the AI Act: CNPD designated as competent authority,True,announced,2024-12-04,"[""sandbox-operator""]",Commission nationale pour la protection des données,"""mettre en place un bac à sable règlementaire""",CNPD reports that Luxembourg's national AI Act bill would oblige it to establish a regulatory sandbox. No separate operational sandbox page was found in the official sources read for this slice.,https://cnpd.public.lu/fr/actualites/national/2024/11/cnpd-ai-act.html,fetched-and-read,"[""Future of Life Institute national implementation plans"", ""official source crawl""]",https://safelegalai.com/regulation/eu-ai-act/lu#lu-sandbox-cnpd-ai-act
,,,Official IDPC page; quote under 25 words. IDPC's later 13 October 2025 notice confirming LN 227 was also read.,2026-09-07T21:55:00Z,mt-designation-notice-idpc-annex-iii,MT,Malta,designation-notice,IDPC as FRA and MSA under the AI Act,IDPC as FRA and MSA under the AI Act,False,designated,2025-03-07,"[""msa"", ""fundamental-rights""]",Information and Data Protection Commissioner,"""designated as the Fundamental Rights Authority""","IDPC states it was designated as Malta's AI Act fundamental-rights authority for personal-data protection. The page also states IDPC would be designated MSA for Annex III points 1, 6, 7 and 8 systems by August 2025.",https://idpc.org.mt/idpc-publications/idpc-as-fra-and-msa-under-the-ai-act/,fetched-and-read,"[""Future of Life Institute national implementation plans"", ""official source crawl""]",https://safelegalai.com/regulation/eu-ai-act/mt#mt-designation-notice-idpc-annex-iii
,,,Official Malta legislation source; quote under 25 words. The notice also allows other bodies to be designated by Gazette order.,2026-09-07T21:55:00Z,mt-designation-notice-mdia-msa-spoc,MT,Malta,designation-notice,"Artificial Intelligence (Designation of the Malta Digital Innovation Authority) Regulations, 2025","Artificial Intelligence (Designation of the Malta Digital Innovation Authority) Regulations, 2025",False,designated,2025-10-10,"[""msa"", ""spoc""]",Malta Digital Innovation Authority,"""designated as the single point of contact""","Legal Notice 226 designates the Malta Digital Innovation Authority as market surveillance authority unless another law provides otherwise, and expressly designates MDIA as Malta's single point of contact for Regulation (EU) 2024/1689.",https://legislation.mt/eli/ln/2025/226/eng,fetched-and-read,"[""Future of Life Institute national implementation plans"", ""official source crawl""]",https://safelegalai.com/regulation/eu-ai-act/mt#mt-designation-notice-mdia-msa-spoc
,,,Official Malta legislation source; quote under 25 words. Accreditation body role is recorded in authority_name because schema has no accreditation role.,2026-09-07T21:55:00Z,mt-designation-notice-mdia-notifying,MT,Malta,designation-notice,"Artificial Intelligence (Designation of the Malta Digital Innovation Authority) Regulations, 2025","Artificial Intelligence (Designation of the Malta Digital Innovation Authority) Regulations, 2025",False,designated,2025-10-10,"[""notifying""]",Malta Digital Innovation Authority; National Accreditation Board (Malta),"""designated as the Notifying Authority""",Legal Notice 226 designates MDIA as notifying authority for Regulation (EU) 2024/1689. The same provision says the National Accreditation Board carries out Article 28(1) assessment and monitoring tasks.,https://legislation.mt/eli/ln/2025/226/eng,fetched-and-read,"[""Future of Life Institute national implementation plans"", ""official source crawl""]",https://safelegalai.com/regulation/eu-ai-act/mt#mt-designation-notice-mdia-notifying
,,,"Official Malta legislation source and PDF read; official acts are public legal texts, quote still under 25 words.",2026-09-07T21:55:00Z,mt-implementing-act-ln226-2025,MT,Malta,implementing-act,"Artificial Intelligence (Designation of the Malta Digital Innovation Authority) Regulations, 2025","Artificial Intelligence (Designation of the Malta Digital Innovation Authority) Regulations, 2025",False,in-force,2025-10-10,"[""none""]",,"""shall have the same meaning as assigned to them in Regulation (EU) 2024/1689""","Legal Notice 226 of 2025 creates Malta's main AI Act implementation framework for the Malta Digital Innovation Authority. It covers MDIA's market-surveillance, single-contact-point, notifying-authority, sandbox and enforcement powers.",https://legislation.mt/eli/ln/2025/226/eng,fetched-and-read,"[""Future of Life Institute national implementation plans"", ""official source crawl""]",https://safelegalai.com/regulation/eu-ai-act/mt#mt-implementing-act-ln226-2025
,"MDIA may impose public-authority administrative penalties up to €50,000 per infringement plus €50 daily penalties.",,Official Malta legislation source; quote under 25 words.,2026-09-07T21:55:00Z,mt-penalty-law-ln226-administrative-penalties,MT,Malta,penalty-law,"Artificial Intelligence (Designation of the Malta Digital Innovation Authority) Regulations, 2025","Artificial Intelligence (Designation of the Malta Digital Innovation Authority) Regulations, 2025",False,in-force,2025-10-10,"[""none""]",Malta Digital Innovation Authority,"""shall not exceed fifty thousand euro (€50,000) for each infringement""","Legal Notice 226 gives MDIA enforcement powers and an administrative-penalty mechanism. For public authorities or bodies, the notice caps penalties at fifty thousand euro per infringement plus daily penalties for continuing infringement.",https://legislation.mt/eli/ln/2025/226/eng,fetched-and-read,"[""Future of Life Institute national implementation plans"", ""official source crawl""]",https://safelegalai.com/regulation/eu-ai-act/mt#mt-penalty-law-ln226-administrative-penalties
,,LN 226 makes MDIA responsible for establishment and functioning of Malta's national AI regulatory sandbox.,Official Malta legislation source; quote under 25 words. MDIA technology sandbox pages were separately checked.,2026-09-07T21:55:00Z,mt-sandbox-mdia-national-ai-sandbox,MT,Malta,sandbox,"Artificial Intelligence (Designation of the Malta Digital Innovation Authority) Regulations, 2025","Artificial Intelligence (Designation of the Malta Digital Innovation Authority) Regulations, 2025",False,designated,2025-10-10,"[""sandbox-operator""]",Malta Digital Innovation Authority,"""establishment and functioning of a national AI regulatory sandbox""",Legal Notice 226 makes MDIA the sole national competent authority responsible for establishing and operating Malta's national AI regulatory sandbox. The text records the legal designation rather than a separate operational call.,https://legislation.mt/eli/ln/2025/226/eng,fetched-and-read,"[""Future of Life Institute national implementation plans"", ""official source crawl""]",https://safelegalai.com/regulation/eu-ai-act/mt#mt-sandbox-mdia-national-ai-sandbox
,,,Official government brochure page; quote under 25 words.,2026-09-07T21:55:00Z,nl-deployer-guidance-gids-ai-verordening,NL,Netherlands,deployer-guidance,Gids AI-verordening,AI Regulation Guide,True,adopted,2025-09-04,"[""none""]",Rijksoverheid,"""regels voor het verantwoord ontwikkelen en gebruiken van AI""","Rijksoverheid publishes a guide for entrepreneurs and organisations explaining the content and possible implications of the EU AI Regulation for their use and development of AI. It is general deployer guidance, not justice-specific guidance.",https://www.rijksoverheid.nl/documenten/brochures/2024/10/16/gids-ai-verordening,fetched-and-read,"[""Future of Life Institute national implementation plans"", ""official source crawl""]",https://safelegalai.com/regulation/eu-ai-act/nl#nl-deployer-guidance-gids-ai-verordening
,,,Official Rijksoverheid page; quote under 25 words. AP's own page was robots-disallowed during collection.,2026-09-07T21:55:00Z,nl-designation-notice-ap-rdi-coordination,NL,Netherlands,designation-notice,Kabinet zet stap met toezicht op Europese AI-regels,Cabinet takes step on supervision of European AI rules,True,draft,2026-04-20,"[""msa""]",Autoriteit Persoonsgegevens; Rijksinspectie Digitale Infrastructuur,"""de Autoriteit Persoonsgegevens (AP) voorgesteld als de toezichthouder""","The Dutch government says the bill proposes AP as supervisor for areas without a clear existing authority, and assigns AP and RDI coordinating roles within the intended AI Act supervision system.",https://www.rijksoverheid.nl/actueel/nieuws/2026/04/20/kabinet-zet-stap-met-toezicht-op-europese-ai-regels,fetched-and-read,"[""Future of Life Institute national implementation plans"", ""official source crawl""]",https://safelegalai.com/regulation/eu-ai-act/nl#nl-designation-notice-ap-rdi-coordination
,,RDI's task list includes regulatory sandboxes and daily coordination through the AICC.,Official RDI page; quote under 25 words. Task list was a UHT annex for a concept law and some tasks were not fully crystallised.,2026-09-07T21:55:00Z,nl-designation-notice-rdi-spoc-sandbox,NL,Netherlands,designation-notice,Resultaat UHT uitvoeringswet AI-verordening,Result of executability and enforceability test for the AI Regulation Implementation Act,True,draft,2026-09-03,"[""msa"", ""spoc"", ""notifying"", ""sandbox-operator""]",Rijksinspectie Digitale Infrastructuur; AICC,"""Centraal contactpunt (SPOC) (uitgevoerd door AICC)""","RDI's UHT publication lists intended RDI tasks under the implementation bill, including supervision for RED and critical infrastructure, notifying-authority tasks, regulatory sandboxes, a central contact point through AICC and coordination with AP.",https://www.rdi.nl/documenten/2026/09/03/resultaat-uht-uitvoeringswet-ai-verordening,fetched-and-read,"[""Future of Life Institute national implementation plans"", ""official source crawl""]",https://safelegalai.com/regulation/eu-ai-act/nl#nl-designation-notice-rdi-spoc-sandbox
,,,Official Rijksoverheid page; quote under 25 words. Internetconsultatie page was robots-disallowed.,2026-09-07T21:55:00Z,nl-implementing-act-uitvoeringswet-ai-verordening,NL,Netherlands,implementing-act,Uitvoeringswet AI-verordening,AI Regulation Implementation Act,True,draft,2026-04-20,"[""none""]",,"""De uitvoeringswet AI-verordening maakt dat toezicht mogelijk""",The Dutch government states that the AI Regulation Implementation Act was opened for online consultation on 20 April 2026. The proposal sets up national supervision for Regulation (EU) 2024/1689 and was open for consultation until 1 June 2026.,https://www.rijksoverheid.nl/actueel/nieuws/2026/04/20/kabinet-zet-stap-met-toezicht-op-europese-ai-regels,fetched-and-read,"[""Future of Life Institute national implementation plans"", ""official source crawl""]",https://safelegalai.com/regulation/eu-ai-act/nl#nl-implementing-act-uitvoeringswet-ai-verordening
,,,"Official EFTA page; quote under 25 words. Used for EEA status, not a Norwegian implementing statute.",2026-09-07T21:55:00Z,no-authority-page-eea-ai-act-status,NO,Norway,authority-page,Factsheet - 32024R1689,Factsheet - 32024R1689,False,announced,,"[""none""]",EFTA Secretariat,"""under scrutiny for incorporation into the EEA Agreement""","EFTA's EEA-Lex factsheet records Regulation (EU) 2024/1689 as an EU act with possible EEA relevance and under scrutiny for incorporation into the EEA Agreement by Iceland, Liechtenstein and Norway.",https://www.efta.int/eea-lex/32024r1689,fetched-and-read,"[""official source crawl""]",https://safelegalai.com/regulation/eu-ai-act/no#no-authority-page-eea-ai-act-status
,,,Official Nkom page; quote under 25 words. This is not coded as notifying authority because the source describes accreditation tasks only.,2026-09-07T21:55:00Z,no-authority-page-norsk-akkreditering,NO,Norway,authority-page,Hvem skal håndheve KI-forordningen i Norge?,Who will enforce the AI Regulation in Norway?,True,designated,2026-03-24,"[""none""]",Norsk Akkreditering,"""Norsk Akkreditering skal utføre disse oppgavene""","Nkom states that the Norwegian Government decided Norwegian Accreditation will perform AI Act Article 28 assessment and monitoring tasks for conformity-assessment bodies. The schema has no accreditation role, so the row is coded as an authority page.",https://nkom.no/ki/regulering/hvem-handhever,fetched-and-read,"[""Future of Life Institute national implementation plans"", ""official source crawl""]",https://safelegalai.com/regulation/eu-ai-act/no#no-authority-page-norsk-akkreditering
,,,Official Nkom page; quote under 25 words. Government pages fetched during the run were Cloudflare/security pages.,2026-09-07T21:55:00Z,no-designation-notice-nkom-msa-spoc,NO,Norway,designation-notice,Hvem skal håndheve KI-forordningen i Norge?,Who will enforce the AI Regulation in Norway?,True,designated,2026-03-24,"[""msa"", ""spoc""]",Nasjonal kommunikasjonsmyndighet,"""koordinerende markedstilsynsmyndighet og nasjonalt kontaktpunkt""","Nkom states that the Norwegian Government decided Nkom will be the coordinating market surveillance authority and national contact point for the AI Regulation in Norway, while the full national organisation remains to be determined.",https://nkom.no/ki/regulering/hvem-handhever,fetched-and-read,"[""Future of Life Institute national implementation plans"", ""official source crawl""]",https://safelegalai.com/regulation/eu-ai-act/no#no-designation-notice-nkom-msa-spoc
,,Digdir says KI Norge will open in August 2026 and include a regulatory AI sandbox run with Nkom and Datatilsynet.,Official Digdir page; quote under 25 words.,2026-09-07T21:55:00Z,no-sandbox-ki-norge-digdir,NO,Norway,sandbox,Digdir etablerer KI Norge,Digdir establishes AI Norway,True,announced,2025-09-18,"[""sandbox-operator""]",Digitaliseringsdirektoratet; Nkom; Datatilsynet,"""I august 2026 åpner vi KI Norge""","Digdir says KI Norge will be a national arena for responsible AI and that Digdir, Nkom and the Data Protection Authority will jointly offer guidance and a regulatory AI sandbox, with KI Norge opening in August 2026.",https://www.digdir.no/kunstig-intelligens/digdir-etablerer-ki-norge/7412,fetched-and-read,"[""Future of Life Institute national implementation plans"", ""official source crawl""]",https://safelegalai.com/regulation/eu-ai-act/no#no-sandbox-ki-norge-digdir
,,,"Official ELI PDF read; quote under 25 words. Polish official acts are legal texts, still quoted narrowly.",2026-09-07T21:55:00Z,pl-designation-notice-kribsi-msa-spoc,PL,Poland,designation-notice,Ustawa z dnia 3 lipca 2026 r. o systemach sztucznej inteligencji,Act of 3 July 2026 on artificial intelligence systems,True,designated,2026-08-11,"[""msa"", ""spoc""]",Komisja Rozwoju i Bezpieczeństwa Sztucznej Inteligencji,"""Komisja ... jest organem nadzoru rynku""",Article 5 of Poland's AI systems law establishes the Commission for AI Development and Security as the market surveillance authority for AI systems and says it acts as the single contact point under Article 70(2).,https://eli.gov.pl/api/acts/DU/2026/1003/text/O/D20261003.pdf,fetched-and-read,"[""Future of Life Institute national implementation plans"", ""official source crawl""]",https://safelegalai.com/regulation/eu-ai-act/pl#pl-designation-notice-kribsi-msa-spoc
,,,Official ELI PDF read; quote under 25 words. Accreditation body recorded in authority_name because schema lacks that role.,2026-09-07T21:55:00Z,pl-designation-notice-minister-notifying,PL,Poland,designation-notice,Ustawa z dnia 3 lipca 2026 r. o systemach sztucznej inteligencji,Act of 3 July 2026 on artificial intelligence systems,True,designated,2026-08-11,"[""notifying""]",Minister właściwy do spraw informatyzacji; Polskie Centrum Akredytacji,"""Minister właściwy do spraw informatyzacji jest organem notyfikującym""",Article 86 of Poland's law designates the minister competent for informatization as notifying authority. The provision also gives the Polish Centre for Accreditation supporting tasks for accreditation programmes and accreditation information.,https://eli.gov.pl/api/acts/DU/2026/1003/text/O/D20261003.pdf,fetched-and-read,"[""Future of Life Institute national implementation plans"", ""official source crawl""]",https://safelegalai.com/regulation/eu-ai-act/pl#pl-designation-notice-minister-notifying
,,,Official Polish ELI source; quote under 25 words. The full PDF was also read for authority and penalty provisions.,2026-09-07T21:55:00Z,pl-implementing-act-ai-systems-law-2026,PL,Poland,implementing-act,Ustawa z dnia 3 lipca 2026 r. o systemach sztucznej inteligencji,Act of 3 July 2026 on artificial intelligence systems,True,in-force,2026-08-11,"[""none""]",,"""Status aktu prawnego: obowiązujący""","Poland's ELI gazette page records the Act on artificial intelligence systems as issued by the Sejm, published on 27 July 2026 and generally entering into force on 11 August 2026, with staged dates for some chapters.",https://eli.gov.pl/eli/DU/2026/1003/ogl,fetched-and-read,"[""Future of Life Institute national implementation plans"", ""official source crawl""]",https://safelegalai.com/regulation/eu-ai-act/pl#pl-implementing-act-ai-systems-law-2026
,Article 104 applies Chapter XII AI Act administrative fines; amounts in euro are converted to PLN using NBP rates.,,Official ELI PDF read; quote under 25 words.,2026-09-07T21:55:00Z,pl-penalty-law-administrative-fines,PL,Poland,penalty-law,Ustawa z dnia 3 lipca 2026 r. o systemach sztucznej inteligencji,Act of 3 July 2026 on artificial intelligence systems,True,in-force,2026-08-11,"[""none""]",Komisja Rozwoju i Bezpieczeństwa Sztucznej Inteligencji,"""Komisja nakłada ... administracyjną karę pieniężną""",Poland's law contains administrative fine provisions. Article 104 says the Commission imposes monetary administrative penalties under Chapter XII of Regulation (EU) 2024/1689 and explains how euro-denominated amounts are converted into zloty.,https://eli.gov.pl/api/acts/DU/2026/1003/text/O/D20261003.pdf,fetched-and-read,"[""Future of Life Institute national implementation plans"", ""official source crawl""]",https://safelegalai.com/regulation/eu-ai-act/pl#pl-penalty-law-administrative-fines
,,Article 91 says the Commission establishes a regulatory sandbox and may grant selected entities support or derogations.,Official ELI PDF read; quote under 25 words.,2026-09-07T21:55:00Z,pl-sandbox-commission-regulatory-sandbox,PL,Poland,sandbox,Ustawa z dnia 3 lipca 2026 r. o systemach sztucznej inteligencji,Act of 3 July 2026 on artificial intelligence systems,True,designated,2026-08-11,"[""sandbox-operator""]",Komisja Rozwoju i Bezpieczeństwa Sztucznej Inteligencji,"""Komisja ustanawia piaskownicę regulacyjną""",Article 91 of Poland's law says the Commission establishes a regulatory sandbox and may grant selected AI Act operators support for compliance or limited derogations for projects contributing to Article 57(9) objectives.,https://eli.gov.pl/api/acts/DU/2026/1003/text/O/D20261003.pdf,fetched-and-read,"[""Future of Life Institute national implementation plans"", ""official source crawl""]",https://safelegalai.com/regulation/eu-ai-act/pl#pl-sandbox-commission-regulatory-sandbox
,,,"Official government page read. ANACOM URLs contentId 1800891, 1853661, 1790409, 1850440 and categoryId 430029 timed out; no separate penalty law found.",2026-09-07T21:55:00Z,pt-authority-page-no-formal-ai-act-designation,PT,Portugal,authority-page,Agenda Nacional de Inteligência Artificial (ANIA),National Artificial Intelligence Agenda (ANIA),True,unknown,2026-01-08,"[""none""]",Government of Portugal,"""A confiança dos cidadãos é fundamental""","Portugal's government page announces the National AI Agenda and public-administration AI investment. No formal AI Act implementing act, MSA, SPOC, notifying authority or sandbox designation was verified in the official pages checked for this slice.",https://www.portugal.gov.pt/gc25/comunicacao/comunicados/agenda-nacional-de-inteligencia-artificial-ania-,fetched-and-read,"[""Future of Life Institute national implementation plans"", ""official source crawl""]",https://safelegalai.com/regulation/eu-ai-act/pt#pt-authority-page-no-formal-ai-act-designation
,,,Official government speech; quote under 25 words. Included because the slice requested justice/legal-practice deployer material.,2026-09-07T21:55:00Z,pt-deployer-guidance-justice-ai-speech,PT,Portugal,deployer-guidance,"Intervenção da Ministra da Justiça na abertura da Bridge Talks ""Tecnologia, IA e Direito""","Justice Minister speech opening Bridge Talks: Technology, AI and Law",True,announced,2026-04-22,"[""none""]",Ministério da Justiça,"""a IA pode apoiar a decisão judicial, mas nunca substituí-la""","Portugal's Justice Minister states that AI systems used in the administration of justice can be high-risk under the AI Act and that AI may support judicial decisions but not replace them. The page is a speech, not binding guidance.",https://www.portugal.gov.pt/pt/gc25/comunicacao/intervencoes/intervencao-da-ministra-da-justica-na-abertura-da-bridge-talks-tecnologia-ia-e-direito-inovar-com-etica-decidir-com-responsabilidade,fetched-and-read,"[""official source crawl""]",https://safelegalai.com/regulation/eu-ai-act/pt#pt-deployer-guidance-justice-ai-speech
,,,Official ANCOM Romanian page; quote under 25 words. English press release describes ANCOM as proposed pending national legislation.,2026-09-07T21:55:00Z,ro-designation-notice-ancom-msa-spoc,RO,Romania,designation-notice,Guvernanță,Governance,True,designated,,"[""msa"", ""spoc""]",Autoritatea Națională pentru Administrare și Reglementare în Comunicații,"""ANCOM – autoritate de supraveghere a pieței și punct național unic de contact""","ANCOM's AI governance page says a Romanian Government memorandum identified ANCOM as market surveillance authority and national single contact point for the AI Regulation, alongside sector authorities for finance and data-protection-sensitive high-risk uses.",https://www.ancom.ro/ai/guvernanta/,fetched-and-read,"[""Future of Life Institute national implementation plans"", ""official source crawl""]",https://safelegalai.com/regulation/eu-ai-act/ro#ro-designation-notice-ancom-msa-spoc
,,,Official ANCOM Romanian page; quote under 25 words.,2026-09-07T21:55:00Z,ro-designation-notice-adr-notifying,RO,Romania,designation-notice,Guvernanță,Governance,True,designated,,"[""notifying""]",Autoritatea pentru Digitalizarea României,"""Autoritatea pentru Digitalizarea României a fost desemnată ... autoritate de notificare""","ANCOM's governance page states that the Authority for the Digitalization of Romania was designated by memorandum as national notifying authority responsible for assessment, designation, notification and monitoring procedures for AI conformity-assessment bodies.",https://www.ancom.ro/ai/guvernanta/,fetched-and-read,"[""Future of Life Institute national implementation plans"", ""official source crawl""]",https://safelegalai.com/regulation/eu-ai-act/ro#ro-designation-notice-adr-notifying
,,,Official ANCOM Romanian page; quote under 25 words. This row records justice/legal-practice relevant authority coverage.,2026-09-07T21:55:00Z,ro-designation-notice-anspdcp-justice-msa,RO,Romania,designation-notice,Guvernanță,Governance,True,designated,,"[""msa""]",Autoritatea Națională de Supraveghere a Prelucrării Datelor cu Caracter Personal,"""în domeniul administrării justiției și a proceselor democratice""","ANCOM states that Romania's data-protection authority is identified for high-risk AI systems in biometrics for law enforcement, border management, justice and democracy, as well as law enforcement, migration, asylum, border-control, justice and democratic processes.",https://www.ancom.ro/ai/guvernanta/,fetched-and-read,"[""Future of Life Institute national implementation plans"", ""official source crawl""]",https://safelegalai.com/regulation/eu-ai-act/ro#ro-designation-notice-anspdcp-justice-msa
,,,Official ADR page; quote under 25 words. The page states the list can be revised and updated.,2026-09-07T21:55:00Z,ro-designation-notice-art77-authorities,RO,Romania,designation-notice,Lista autorităților publice naționale ... art. 77 al Regulamentului privind Inteligența Artificială,List of national public authorities under Article 77 of the AI Regulation,True,designated,2024-11-13,"[""fundamental-rights""]",Avocatul Poporului; ANPC; CNCD; ANSPDCP; and other listed authorities,"""lista autorităților pe care România le-a notificat Comisiei Europene""","ADR publishes Romania's Article 77 list of national authorities notified to the Commission for fundamental-rights protection in relation to high-risk AI systems, including the Ombudsman, consumer, equality, data-protection, child-rights, labour, audiovisual and electoral bodies.",https://www.adr.gov.ro/articole/lista-autoritatilor-publice-nationale-care-supravegheaza-sau-asigura-respectarea-obligatiilor-in-temeiul-dreptului-uniunii-care-protejeaza-drepturile-fundamentale-in-conformitate-cu-art-77-al-regulamentului-privind-inteligenta-artificiala,fetched-and-read,"[""Future of Life Institute national implementation plans"", ""official source crawl""]",https://safelegalai.com/regulation/eu-ai-act/ro#ro-designation-notice-art77-authorities
,,,Official ANCOM English page; quote under 25 words. It also notes AI Omnibus deadline changes.,2026-09-07T21:55:00Z,ro-implementing-act-framework-drafting,RO,Romania,implementing-act,Artificial Intelligence Act in Romania – current state of the implementation framework,Artificial Intelligence Act in Romania – current state of the implementation framework,False,draft,2026-07-24,"[""none""]",,"""national legislation needs to be adopted""","ANCOM states that Romania still needs national legislation to establish the AI Act implementation framework, including competent market surveillance authorities, cooperation mechanisms, sanctioning procedure and sanctions. The competent authorities were working on draft legislation.",https://www.ancom.ro/en/about-us/media-en/press-releases/artificial-intelligence-act-in-romania-current-state-of-the-implementation-framework/,fetched-and-read,"[""Future of Life Institute national implementation plans"", ""official source crawl""]",https://safelegalai.com/regulation/eu-ai-act/ro#ro-implementing-act-framework-drafting
,ANCOM says sanctions and sanctioning procedure will be set by national implementing legislation currently being drafted.,,Official ANCOM English page; quote under 25 words. No in-force Romanian AI Act penalty law was verified.,2026-09-07T21:55:00Z,ro-penalty-law-framework-drafting,RO,Romania,penalty-law,Artificial Intelligence Act in Romania – current state of the implementation framework,Artificial Intelligence Act in Romania – current state of the implementation framework,False,draft,2026-07-24,"[""none""]",,"""the sanctioning procedure and the system of sanctions""",ANCOM states that Romania's national implementing legislation will establish the sanctioning procedure and sanctions for AI Act infringements. It says ANCOM and other authorities can sanction non-compliance only after that legislation enters into force.,https://www.ancom.ro/en/about-us/media-en/press-releases/artificial-intelligence-act-in-romania-current-state-of-the-implementation-framework/,fetched-and-read,"[""Future of Life Institute national implementation plans"", ""official source crawl""]",https://safelegalai.com/regulation/eu-ai-act/ro#ro-penalty-law-framework-drafting
,,,MIRRI returned security block; Slov-Lex LP/2025/25 was JS-only and static URL 404; UVO page robots-disallowed. NBS guidance was readable.,2026-09-07T21:55:00Z,sk-authority-page-no-formal-ai-act-designation,SK,Slovakia,authority-page,Akt o umelej inteligencii (AIA),Artificial Intelligence Act (AIA),True,unknown,,"[""none""]","Ministerstvo investícií, regionálneho rozvoja a informatizácie SR",,"No formal Slovak AI Act implementing act, MSA, SPOC, notifying authority, penalty law or sandbox designation was verified from readable official sources in this collection run. The main ministry page was blocked and Slov-Lex returned a JavaScript-only page.",https://mirri.gov.sk/sekcie/informatizacia/jednotny-digitalny-trh/akt-o-umelej-inteligencii-aia/,link-only,"[""Future of Life Institute national implementation plans"", ""official source crawl""]",https://safelegalai.com/regulation/eu-ai-act/sk#sk-authority-page-no-formal-ai-act-designation
,,,Official NBS page; quote under 25 words. This is sector guidance and does not designate a national AI Act authority.,2026-09-07T21:55:00Z,sk-deployer-guidance-nbs-financial-ai,SK,Slovakia,deployer-guidance,Čo je umelá inteligencia (AI)?,What is artificial intelligence (AI)?,True,adopted,,"[""none""]",Národná banka Slovenska,"""Nasadzovatelia a používatelia týchto vysokorizikových systémov majú povinnosť""","The National Bank of Slovakia publishes financial-sector AI guidance explaining AI Act risk categories and obligations for deployers and users of high-risk financial AI systems, including risk management, data governance, transparency and human oversight.",https://nbs.sk/dohlad-nad-financnym-trhom/fintech/financne-technologie/co-je-umela-inteligencia-ai/,fetched-and-read,"[""official source crawl""]",https://safelegalai.com/regulation/eu-ai-act/sk#sk-deployer-guidance-nbs-financial-ai
,,,"Official Gazette text; quote under 25 words. Relevant to public-sector deployers, including legal-remedy disclosure.",2026-09-07T21:55:00Z,si-deployer-guidance-public-sector-register,SI,Slovenia,deployer-guidance,Zakon o izvajanju uredbe (EU) o določitvi harmoniziranih pravil o umetni inteligenci (ZIUDHPUI),Act implementing the EU regulation laying down harmonised rules on artificial intelligence,True,adopted,2025-11-06,"[""none""]",Ministry responsible for public administration,"""organi javnega sektorja objavljajo naslednje podatke""","Article 21 requires Slovenian public-sector bodies to publish information about AI systems or IT solutions including AI, including purpose, algorithmic principles, impact-assessment references and available legal remedies, with exceptions for sensitive public-security areas.",https://www.uradni-list.si/glasilo-uradni-list-rs/vsebina/2025-01-3035/zakon-o-izvajanju-uredbe-eu-o-dolocitvi-harmoniziranih-pravil-o-umetni-inteligenci-ziudhpui,fetched-and-read,"[""Future of Life Institute national implementation plans"", ""official source crawl""]",https://safelegalai.com/regulation/eu-ai-act/si#si-deployer-guidance-public-sector-register
,,,Official Gazette text; quote under 25 words. Accreditation body recorded in authority_name because schema lacks that role.,2026-09-07T21:55:00Z,si-designation-notice-notifying-authorities,SI,Slovenia,designation-notice,Zakon o izvajanju uredbe (EU) o določitvi harmoniziranih pravil o umetni inteligenci (ZIUDHPUI),Act implementing the EU regulation laying down harmonised rules on artificial intelligence,True,designated,2025-11-06,"[""notifying""]","Ministries for market, infrastructure, health and information society; JAZMP; Slovenian accreditation service","""Priglasitveni organ za visokotvegane sisteme UI""",Articles 3 and 4 of Slovenia's law designate notifying authorities for AI systems in Annex I product areas and Annex III point 1. Article 5 assigns assessment and monitoring to the national accreditation service.,https://www.uradni-list.si/glasilo-uradni-list-rs/vsebina/2025-01-3035/zakon-o-izvajanju-uredbe-eu-o-dolocitvi-harmoniziranih-pravil-o-umetni-inteligenci-ziudhpui,fetched-and-read,"[""Future of Life Institute national implementation plans"", ""official source crawl""]",https://safelegalai.com/regulation/eu-ai-act/si#si-designation-notice-notifying-authorities
,,,Official Gazette text; quote under 25 words. AKOS is the agency named in the law.,2026-09-07T21:55:00Z,si-designation-notice-akos-spoc-msas,SI,Slovenia,designation-notice,Zakon o izvajanju uredbe (EU) o določitvi harmoniziranih pravil o umetni inteligenci (ZIUDHPUI),Act implementing the EU regulation laying down harmonised rules on artificial intelligence,True,designated,2025-11-06,"[""msa"", ""spoc""]",AKOS; Information Commissioner; Bank of Slovenia; Insurance Supervision Agency; Market Inspectorate,"""Enotna kontaktna točka ... je agencija""","Articles 6 and 7 of Slovenia's law list market surveillance authorities and designate AKOS as the single contact point. Article 10 then allocates oversight tasks among AKOS, the Information Commissioner, Bank of Slovenia and sector authorities.",https://www.uradni-list.si/glasilo-uradni-list-rs/vsebina/2025-01-3035/zakon-o-izvajanju-uredbe-eu-o-dolocitvi-harmoniziranih-pravil-o-umetni-inteligenci-ziudhpui,fetched-and-read,"[""Future of Life Institute national implementation plans"", ""official source crawl""]",https://safelegalai.com/regulation/eu-ai-act/si#si-designation-notice-akos-spoc-msas
,,,Official Gazette text; quote under 25 words. This row records the justice/legal-practice relevant allocation.,2026-09-07T21:55:00Z,si-designation-notice-ip-annex-iii-justice,SI,Slovenia,designation-notice,Zakon o izvajanju uredbe (EU) o določitvi harmoniziranih pravil o umetni inteligenci (ZIUDHPUI),Act implementing the EU regulation laying down harmonised rules on artificial intelligence,True,designated,2025-11-06,"[""msa""]",Informacijski pooblaščenec,"""Priloge III ... 6. do 8. točke""","Article 10 designates Slovenia's Information Commissioner for supervision of Article 5 prohibited practices and high-risk AI systems in Annex III points 1, 3 and 6 to 8, covering justice and democratic-process systems.",https://www.uradni-list.si/glasilo-uradni-list-rs/vsebina/2025-01-3035/zakon-o-izvajanju-uredbe-eu-o-dolocitvi-harmoniziranih-pravil-o-umetni-inteligenci-ziudhpui,fetched-and-read,"[""Future of Life Institute national implementation plans"", ""official source crawl""]",https://safelegalai.com/regulation/eu-ai-act/si#si-designation-notice-ip-annex-iii-justice
,,,Official Gazette text read; quote under 25 words. Effective-date details were not independently coded beyond publication/adoption.,2026-09-07T21:55:00Z,si-implementing-act-ziudhpui,SI,Slovenia,implementing-act,Zakon o izvajanju uredbe (EU) o določitvi harmoniziranih pravil o umetni inteligenci (ZIUDHPUI),Act implementing the EU regulation laying down harmonised rules on artificial intelligence,True,adopted,2025-11-06,"[""none""]",,"""Ta zakon določa pristojne organe""","Slovenia's Official Gazette publishes ZIUDHPUI, the national AI Act implementation law. Article 1 says it determines competent bodies for implementation and supervision and sets offences and fines relating to the AI Act and the Slovenian law.",https://www.uradni-list.si/glasilo-uradni-list-rs/vsebina/2025-01-3035/zakon-o-izvajanju-uredbe-eu-o-dolocitvi-harmoniziranih-pravil-o-umetni-inteligenci-ziudhpui,fetched-and-read,"[""Future of Life Institute national implementation plans"", ""official source crawl""]",https://safelegalai.com/regulation/eu-ai-act/si#si-implementing-act-ziudhpui
,Chapter VIII sets misdemeanour fines; Article 26 includes up to €35m or 7% global turnover for severe prohibited-practice infringements.,,Official Gazette text; quote under 25 words.,2026-09-07T21:55:00Z,si-penalty-law-ziudhpui-fines,SI,Slovenia,penalty-law,Zakon o izvajanju uredbe (EU) o določitvi harmoniziranih pravil o umetni inteligenci (ZIUDHPUI),Act implementing the EU regulation laying down harmonised rules on artificial intelligence,True,adopted,2025-11-06,"[""none""]",,"""Z globo od 25.000 do 250.000 eurov""","Chapter VIII of Slovenia's implementation law sets misdemeanour fine ranges for providers, deployers and other operators. Article 26 includes higher caps for severe prohibited-practice infringements linked to harm, gain or intent.",https://www.uradni-list.si/glasilo-uradni-list-rs/vsebina/2025-01-3035/zakon-o-izvajanju-uredbe-eu-o-dolocitvi-harmoniziranih-pravil-o-umetni-inteligenci-ziudhpui,fetched-and-read,"[""Future of Life Institute national implementation plans"", ""official source crawl""]",https://safelegalai.com/regulation/eu-ai-act/si#si-penalty-law-ziudhpui-fines
,,Article 17 makes AKOS responsible for establishing AI regulatory sandboxes and publishing calls.,Official Gazette text; quote under 25 words.,2026-09-07T21:55:00Z,si-sandbox-akos-ai-sandbox,SI,Slovenia,sandbox,Zakon o izvajanju uredbe (EU) o določitvi harmoniziranih pravil o umetni inteligenci (ZIUDHPUI),Act implementing the EU regulation laying down harmonised rules on artificial intelligence,True,designated,2025-11-06,"[""sandbox-operator""]",AKOS,"""Za vzpostavitev regulativnih peskovnikov za UI je odgovorna agencija""","Article 17 makes AKOS responsible for establishing AI regulatory sandboxes in Slovenia. The law says AKOS coordinates with notifying, market surveillance and other competent inspection bodies and publishes calls for sandbox topics.",https://www.uradni-list.si/glasilo-uradni-list-rs/vsebina/2025-01-3035/zakon-o-izvajanju-uredbe-eu-o-dolocitvi-harmoniziranih-pravil-o-umetni-inteligenci-ziudhpui,fetched-and-read,"[""Future of Life Institute national implementation plans"", ""official source crawl""]",https://safelegalai.com/regulation/eu-ai-act/si#si-sandbox-akos-ai-sandbox
,,,"Official BOE source; Spanish official acts are excluded from copyright by LPI art. 13, quote still under 25 words.",2026-09-07T21:55:00Z,es-authority-page-aesia-rd-729-2023,ES,Spain,authority-page,"Real Decreto 729/2023, por el que se aprueba el Estatuto de la Agencia Española de Supervisión de Inteligencia Artificial",Royal Decree 729/2023 approving the Statute of the Spanish AI Supervision Agency,True,adopted,2023-08-22,"[""msa"", ""spoc""]",Agencia Española de Supervisión de Inteligencia Artificial,"""actuar como el punto de contacto único para la Comisión""","BOE Royal Decree 729/2023 approves AESIA's statute. The preamble links AESIA to Spain's expected AI Act supervision duties, including supervision, coordination, acting as single Commission contact point and European AI Board representation.",https://www.boe.es/buscar/act.php?id=BOE-A-2023-18911,fetched-and-read,"[""Future of Life Institute national implementation plans"", ""official source crawl""]",https://safelegalai.com/regulation/eu-ai-act/es#es-authority-page-aesia-rd-729-2023
,,,Official Congress BOCG PDF; quote under 25 words. ENAC is recorded in authority_name because schema has no accreditation role.,2026-09-07T21:55:00Z,es-designation-notice-dgia-notifying,ES,Spain,designation-notice,Proyecto de Ley Orgánica para el buen uso y la gobernanza de la inteligencia artificial,Organic Bill for the good use and governance of artificial intelligence,True,bill,2026-06-12,"[""notifying""]",Dirección General de Inteligencia Artificial; ENAC,"""Dirección General de Inteligencia Artificial ... como autoridad notificante""",Article 4 of Spain's AI governance bill designates the Directorate-General for Artificial Intelligence within SEDIA as notifying authority for Article 28(1). The bill says ENAC supports conformity-assessment-body evaluation and supervision tasks.,https://www.congreso.es/public_oficiales/L15/CONG/BOCG/A/BOCG-15-A-97-1.PDF,fetched-and-read,"[""Future of Life Institute national implementation plans"", ""official source crawl""]",https://safelegalai.com/regulation/eu-ai-act/es#es-designation-notice-dgia-notifying
,,,Official Congress BOCG PDF; quote under 25 words. RD 729/2023 establishing AESIA was also read from BOE.,2026-09-07T21:55:00Z,es-designation-notice-aesia-msa-spoc,ES,Spain,designation-notice,Proyecto de Ley Orgánica para el buen uso y la gobernanza de la inteligencia artificial,Organic Bill for the good use and governance of artificial intelligence,True,bill,2026-06-12,"[""msa"", ""spoc""]",Agencia Española de Supervisión de Inteligencia Artificial,"""Se designa a la AESIA como autoridad de vigilancia del mercado""",Spain's bill designates AESIA as market surveillance authority for listed AI systems and as a central AI supervisor. The bill also gives AESIA residual functions for systems not assigned to special sector authorities.,https://www.congreso.es/public_oficiales/L15/CONG/BOCG/A/BOCG-15-A-97-1.PDF,fetched-and-read,"[""Future of Life Institute national implementation plans"", ""official source crawl""]",https://safelegalai.com/regulation/eu-ai-act/es#es-designation-notice-aesia-msa-spoc
,,,Official Congress BOCG PDF; quote under 25 words. This row records justice/legal-practice relevant coverage.,2026-09-07T21:55:00Z,es-designation-notice-cgpj-justice-msa,ES,Spain,designation-notice,Proyecto de Ley Orgánica para el buen uso y la gobernanza de la inteligencia artificial,Organic Bill for the good use and governance of artificial intelligence,True,bill,2026-06-12,"[""msa""]",Consejo General del Poder Judicial,"""administración de justicia y del cumplimiento del derecho""","Article 5(4) of Spain's bill designates the General Council of the Judiciary as market surveillance authority for specified prohibited, biometric, law-enforcement and Annex III.8(a) justice AI systems used in justice administration.",https://www.congreso.es/public_oficiales/L15/CONG/BOCG/A/BOCG-15-A-97-1.PDF,fetched-and-read,"[""Future of Life Institute national implementation plans"", ""official source crawl""]",https://safelegalai.com/regulation/eu-ai-act/es#es-designation-notice-cgpj-justice-msa
,,,Official Congress BOCG PDF; quote under 25 words. BOE official acts are covered by Spanish LPI art. 13; this bill is a parliamentary publication.,2026-09-07T21:55:00Z,es-implementing-act-ley-organica-ia-bill,ES,Spain,implementing-act,Proyecto de Ley Orgánica para el buen uso y la gobernanza de la inteligencia artificial,Organic Bill for the good use and governance of artificial intelligence,True,bill,2026-06-12,"[""none""]",,"""Proyecto de Ley Orgánica para el buen uso y la gobernanza""","Spain's Congress published Bill 121/000096, the Organic Bill for good use and governance of AI, on 12 June 2026. The bill implements AI Act supervision, notifying authority, market surveillance, sanctions and justice-specific authority allocations.",https://www.congreso.es/public_oficiales/L15/CONG/BOCG/A/BOCG-15-A-97-1.PDF,fetched-and-read,"[""Future of Life Institute national implementation plans"", ""official source crawl""]",https://safelegalai.com/regulation/eu-ai-act/es#es-implementing-act-ley-organica-ia-bill
,"Article 30 sets caps up to €35m/7%, €15m/3%, €7.5m/1% and €500k/0.5% by infringement category.",,Official Congress BOCG PDF; quote under 25 words.,2026-09-07T21:55:00Z,es-penalty-law-ley-organica-ia-bill,ES,Spain,penalty-law,Proyecto de Ley Orgánica para el buen uso y la gobernanza de la inteligencia artificial,Organic Bill for the good use and governance of artificial intelligence,True,bill,2026-06-12,"[""none""]",,"""hasta 35.000.000 euros o ... hasta el 7 %""","Article 30 of Spain's bill sets administrative sanction limits for very serious, serious and minor infringements, including maximum caps aligned with Article 99 of the AI Act and additional product withdrawal or disconnection measures.",https://www.congreso.es/public_oficiales/L15/CONG/BOCG/A/BOCG-15-A-97-1.PDF,fetched-and-read,"[""Future of Life Institute national implementation plans"", ""official source crawl""]",https://safelegalai.com/regulation/eu-ai-act/es#es-penalty-law-ley-organica-ia-bill
,,The royal decree creates Spain's early controlled testing environment to test high-risk and general-purpose AI requirements.,"Official BOE source; Spanish official acts are excluded from copyright by LPI art. 13, quote still under 25 words.",2026-09-07T21:55:00Z,es-sandbox-rd-817-2023,ES,Spain,sandbox,"Real Decreto 817/2023, por el que se establece un entorno controlado de pruebas para el ensayo del cumplimiento de la propuesta de Reglamento",Royal Decree 817/2023 establishing a controlled testing environment for the proposed AI Regulation,True,operational,2023-11-08,"[""sandbox-operator""]",Government of Spain; AESIA/SEDIA ecosystem,"""pone en marcha el primer entorno controlado de pruebas""",BOE Royal Decree 817/2023 establishes Spain's controlled testing environment for implementing requirements applicable to high-risk AI systems and general-purpose or foundation models under the proposed European AI regulation.,https://www.boe.es/buscar/act.php?id=BOE-A-2023-22767,fetched-and-read,"[""Future of Life Institute national implementation plans"", ""official source crawl""]",https://safelegalai.com/regulation/eu-ai-act/es#es-sandbox-rd-817-2023
,,,Official Government Offices assignment page; quote under 25 words. The public page names authorities but leaves detailed task allocation to linked documents and authority pages.,2026-09-07T21:55:00Z,se-designation-notice-national-authorities,SE,Sweden,designation-notice,Uppdrag att vara nationella behöriga myndigheter enligt AI-förordningen,Assignment to be national competent authorities under the AI Regulation,True,designated,2026-06-12,"[""msa"", ""notifying""]",PTS; IMY; Finansinspektionen; Läkemedelsverket; Swedac,"""i uppdrag att vara nationella behöriga myndigheter""","The Swedish Government assigns PTS, IMY, Finansinspektionen, the Medical Products Agency and Swedac to be national competent authorities under the AI Regulation while complementary national legislation is prepared.",https://www.regeringen.se/regeringsuppdrag/2026/06/uppdrag-att-vara-nationella-behoriga-myndigheter-enligt-al-forordningen/,fetched-and-read,"[""Future of Life Institute national implementation plans"", ""official source crawl""]",https://safelegalai.com/regulation/eu-ai-act/se#se-designation-notice-national-authorities
,,,Official IMY page; quote under 25 words. This row includes justice-relevant law-enforcement coverage.,2026-09-07T21:55:00Z,se-designation-notice-imy-msa,SE,Sweden,designation-notice,IMY blir marknadskontrollmyndighet för AI-förordningen,IMY becomes market surveillance authority for the AI Regulation,True,designated,2026-06-15,"[""msa""]",Integritetsskyddsmyndigheten,"""IMY blir marknadskontrollmyndighet för AI-förordningen""","IMY states that the Swedish Government gave it a new market surveillance authority assignment under the AI Regulation, including AI systems in law enforcement and credit scoring, and participation in the regulatory sandbox with data-protection guidance.",https://www.imy.se/nyheter/imy-blir-marknadskontrollmyndighet-for-ai-forordningen/,fetched-and-read,"[""Future of Life Institute national implementation plans"", ""official source crawl""]",https://safelegalai.com/regulation/eu-ai-act/se#se-designation-notice-imy-msa
,,PTS says its assignment includes establishing a national AI regulatory sandbox.,Official PTS page; quote under 25 words. Assignment runs while national complementary legislation is prepared.,2026-09-07T21:55:00Z,se-designation-notice-pts-spoc-sandbox,SE,Sweden,designation-notice,Uppdrag ger PTS centralt ansvar enligt AI-förordningen,Assignment gives PTS central responsibility under the AI Regulation,True,designated,2026-06-16,"[""msa"", ""spoc"", ""sandbox-operator""]",Post- och telestyrelsen,"""vara gemensam kontaktpunkt""","PTS states its government assignment includes being a national competent authority, market surveillance authority for certain prohibited and high-risk AI uses, the common contact point and the body establishing a national AI regulatory sandbox.",https://pts.se/nyheter-och-pressmeddelanden/uppdrag-ger-pts-centralt-ansvar-enligt-ai-forordningen/,fetched-and-read,"[""Future of Life Institute national implementation plans"", ""official source crawl""]",https://safelegalai.com/regulation/eu-ai-act/se#se-designation-notice-pts-spoc-sandbox
,,,Official Government Offices inquiry page and PDF read; quote under 25 words. Inquiry proposals are coded draft.,2026-09-07T21:55:00Z,se-implementing-act-sou-2025-101,SE,Sweden,implementing-act,"Anpassningar till AI-förordningen, SOU 2025:101","Adaptations to the AI Regulation, SOU 2025:101",True,draft,2025-10,"[""none""]",,"""Anpassningar till AI-förordningen""","Sweden's government published inquiry SOU 2025:101 on adaptations to the AI Regulation. The inquiry proposes a complementary national framework, multiple market surveillance authorities, notifying authorities, PTS coordination, sandbox rules and administrative sanctions.",https://www.regeringen.se/rattsliga-dokument/statens-offentliga-utredningar/2025/10/sou-2025101/,fetched-and-read,"[""Future of Life Institute national implementation plans"", ""official source crawl""]",https://safelegalai.com/regulation/eu-ai-act/se#se-implementing-act-sou-2025-101
,"SOU 2025:101 proposes provisions on warnings, administrative sanctions and court review of some sanction fees.",,Official Government Offices PDF; quote under 25 words. Status is draft because the source is an inquiry proposal.,2026-09-07T21:55:00Z,se-penalty-law-sou-2025-101,SE,Sweden,penalty-law,"Anpassningar till AI-förordningen, SOU 2025:101","Adaptations to the AI Regulation, SOU 2025:101",True,draft,2025-10,"[""none""]",,"""beslut om anmärkning och sanktionsavgift""","SOU 2025:101 includes proposed Swedish provisions on remarks and administrative sanction fees for AI Act infringements. As an inquiry report, these penalty provisions remained proposals in the official sources read for this slice.",https://www.regeringen.se/contentassets/759c2d42b55843c587bfbc93540f4daa/anpassningar-till-ai-forordningen-sou-2025101.pdf,fetched-and-read,"[""Future of Life Institute national implementation plans"", ""official source crawl""]",https://safelegalai.com/regulation/eu-ai-act/se#se-penalty-law-sou-2025-101
,,,Official Swiss federal page; quote under 25 words. Not an EU AI Act designation.,2026-09-07T21:55:00Z,ch-authority-page-ai-regulation-bill-2026,CH,Switzerland,authority-page,Regulation,Regulation,False,announced,2025-02-12,"[""none""]",Federal Office of Justice; OFCOM; Directorate of International Law,"""draw up a bill on AI regulation""","The Federal Chancellery regulation page says FOJ, OFCOM, DIL and other offices will prepare an AI regulation bill for consultation by the end of 2026, implementing the Council of Europe AI Convention.",https://www.bk.admin.ch/en/regulation,fetched-and-read,"[""official source crawl""]",https://safelegalai.com/regulation/eu-ai-act/ch#ch-authority-page-ai-regulation-bill-2026
,,,Official Swiss federal page; quote under 25 words. This records implementing steps for Switzerland's own AI approach.,2026-09-07T21:55:00Z,ch-authority-page-ofcom-nonbinding-plan,CH,Switzerland,authority-page,AI regulation: Federal Council to ratify Council of Europe Convention,AI regulation: Federal Council to ratify Council of Europe Convention,False,announced,2025-02-12,"[""none""]",Federal Office of Communications,"""legally non-binding measures are also being developed""","OFCOM states that, alongside Swiss legislative work, non-binding implementation measures may include self-declaration agreements or industry solutions. DETEC and partner departments are to prepare an implementation plan by the end of 2026.",https://www.bakom.admin.ch/en/nsb?id=104110,fetched-and-read,"[""official source crawl""]",https://safelegalai.com/regulation/eu-ai-act/ch#ch-authority-page-ofcom-nonbinding-plan
,,,Official Swiss federal page; quote under 25 words. Recorded as omnibus-position because Switzerland has its own AI approach rather than an AI Act implementation position.,2026-09-07T21:55:00Z,ch-omnibus-position-federal-council-2025,CH,Switzerland,omnibus-position,Artificial Intelligence,Artificial Intelligence,False,announced,2025-02-12,"[""none""]",Swiss Federal Council; OFCOM,"""there is currently no specific legislation on AI""",Switzerland is outside the EU AI Act and Digital Omnibus framework. OFCOM states Switzerland currently has no AI-specific legislation and that the Federal Council chose a Swiss approach based on the Council of Europe AI Convention and sector-specific measures.,https://www.bakom.admin.ch/en/artificial-intelligence,fetched-and-read,"[""official source crawl""]",https://safelegalai.com/regulation/eu-ai-act/ch#ch-omnibus-position-federal-council-2025
,,,Official GOV.UK page under OGL v3.0; quote under 25 words. No UK AI Act implementation instrument exists.,2026-09-07T21:55:00Z,gb-authority-page-pro-innovation-white-paper,GB,United Kingdom,authority-page,A pro-innovation approach to AI regulation,A pro-innovation approach to AI regulation,False,adopted,2023-08-03,"[""none""]","Department for Science, Innovation and Technology","""a proportionate and pro-innovation regulatory framework""","The UK white paper sets a regulator-led, context-based AI regulation approach rather than adopting the EU AI Act. It relies on existing regulators applying cross-cutting principles, with central functions and a regulatory sandbox commitment.",https://www.gov.uk/government/publications/ai-regulation-a-pro-innovation-approach/white-paper,fetched-and-read,"[""official source crawl""]",https://safelegalai.com/regulation/eu-ai-act/gb#gb-authority-page-pro-innovation-white-paper
,,,Official GOV.UK page under OGL v3.0; quote under 25 words. This is not EU AI Act implementation.,2026-09-07T21:55:00Z,gb-authority-page-ai-opportunities-response,GB,United Kingdom,authority-page,AI Opportunities Action Plan: government response,AI Opportunities Action Plan: government response,False,announced,2025-01-13,"[""none""]","Department for Science, Innovation and Technology","""consult on proposed legislation to provide regulatory certainty""",The UK government's AI Opportunities Action Plan response keeps the regulator-led approach while announcing consultation on legislation for the most powerful frontier AI models and intent to establish the AI Safety Institute as a statutory body.,https://www.gov.uk/government/publications/ai-opportunities-action-plan-government-response/ai-opportunities-action-plan-government-response,fetched-and-read,"[""official source crawl""]",https://safelegalai.com/regulation/eu-ai-act/gb#gb-authority-page-ai-opportunities-response
,,,"Official ICO page/PDF read; quote under 25 words. UK has no AI Act MSA/SPOC role, so authority_role is none.",2026-09-07T21:55:00Z,gb-designation-notice-ico-ai-role,GB,United Kingdom,designation-notice,Regulating AI: the ICO's strategic approach,Regulating AI: the ICO's strategic approach,False,adopted,2024-04,"[""none""]",Information Commissioner's Office,"""fall under the ICO’s purview""","The ICO response to DSIT states that personal-data processing in AI falls within the ICO's purview across the AI supply chain, from model developers to deployers. The document is UK regulator role material, not an EU AI Act designation.",https://ico.org.uk/about-the-ico/consultations/2024/04/regulating-ai-the-icos-strategic-approach-a-response-to-the-dsit-secretary-of-state/,fetched-and-read,"[""official source crawl""]",https://safelegalai.com/regulation/eu-ai-act/gb#gb-designation-notice-ico-ai-role
,,,Official GOV.UK CMA page under OGL v3.0; quote under 25 words. UK has no AI Act designation taxonomy.,2026-09-07T21:55:00Z,gb-designation-notice-cma-ai-role,GB,United Kingdom,designation-notice,CMA AI strategic update,CMA AI strategic update,False,adopted,2024-04-29,"[""none""]",Competition and Markets Authority,"""competition and consumer remit applies to AI""","The CMA's AI strategic update explains how its competition and consumer-protection remit applies to AI and foundation-model markets. It names AI-specific monitoring and capability work within the UK regulator-led model, not EU AI Act roles.",https://www.gov.uk/government/publications/cma-ai-strategic-update/cma-ai-strategic-update,fetched-and-read,"[""official source crawl""]",https://safelegalai.com/regulation/eu-ai-act/gb#gb-designation-notice-cma-ai-role
,,,"Official Ofcom page; quote under 25 words. Included only as UK regulator-led AI role material, not EU AI Act designation.",2026-09-07T21:55:00Z,gb-designation-notice-ofcom-ai-role,GB,United Kingdom,designation-notice,Supporting and harnessing AI innovation safely,Supporting and harnessing AI innovation safely,False,adopted,2026,"[""none""]",Ofcom,"""our regulation is technology-neutral""","Ofcom states that its regulation is technology-neutral and describes AI work in communications, online safety, collaboration through the Digital Regulation Cooperation Forum, and enforcement of online-safety rules for AI-enabled harms such as deepfakes.",https://www.ofcom.org.uk/about-ofcom/annual-reports-and-plans/supporting-and-harnessing-ai-innovation-safely,fetched-and-read,"[""official source crawl""]",https://safelegalai.com/regulation/eu-ai-act/gb#gb-designation-notice-ofcom-ai-role
