obligation_id,article,paragraph,point,actor,obligation_type,risk_tier,summary,quote,applies_from,applies_from_basis,transitional_note,penalty_basis,legal_practice_relevance,legal_practice_note,cross_references,url
art-1-1-purpose,1,1,,"[""other""]",scope-or-definition,not-tier-specific,"The Regulation states its purpose as improving the internal market, promoting human-centric trustworthy AI, and protecting health, safety, fundamental rights, democracy, rule of law and the environment.","""The purpose of this Regulation is to improve the functioning of the internal market and promote the uptake of human-centric and trustworthy artificial intelligence (AI), while ensuring a high level of protection of health, safety, fundamental rights enshrined in the Charter, including democracy, the rule of law and environmental protection, against the harmful effects of AI systems in the Union and supporting""",2025-02-02,Art. 113(a),,,medium,"Frames how AI obligations apply to legal technology, court systems and public-sector uses of AI.",[],https://eur-lex.europa.eu/eli/reg/2024/1689/oj/eng#art_1
art-1-2-rules,1,2,,"[""operator-any"", ""member-state"", ""commission""]",scope-or-definition,not-tier-specific,"The Regulation lays down harmonised rules on AI systems, prohibitions, high-risk requirements, transparency, GPAI, governance, enforcement and innovation support.","""This Regulation lays down:""",2025-02-02,Art. 113(a),,,medium,"Identifies the regulatory categories that can reach legal-AI vendors, deployers and courts.",[],https://eur-lex.europa.eu/eli/reg/2024/1689/oj/eng#art_1
art-2-1-scope-actors,2,1,,"[""provider"", ""deployer"", ""importer"", ""distributor"", ""product-manufacturer"", ""authorised-representative"", ""natural-person""]",scope-or-definition,not-tier-specific,"The Regulation applies to providers, deployers, importers, distributors, product manufacturers, authorised representatives and affected persons linked to Union-market AI systems or outputs used in the Union.","""This Regulation applies to:""",2025-02-02,Art. 113(a),,,high,"EU law firms, courts, in-house legal teams, and non-EU legal-AI vendors can fall in scope where establishment, use, or output is in the Union.",[],https://eur-lex.europa.eu/eli/reg/2024/1689/oj/eng#art_2
art-2-2-product-scope,2,2,,"[""provider"", ""product-manufacturer""]",scope-or-definition,high-risk,"For Article 6(1) high-risk AI systems related to Section B Annex I products, only specified provisions of the Regulation apply, with limited access to Article 57 sandboxes.","""For AI systems classified as high-risk AI systems in accordance with Article 6(1) related to products covered by the Union harmonisation legislation listed in Section B of Annex I, only Article 6(1), Articles 102 to 109 and Article 112 apply. Article 57 applies only in so far as the requirements for high-risk AI systems under this Regulation have been integrated in that Union harmonisation legislation.""",2025-02-02,Art. 113(a),Art. 111(1): AI systems that are components of Annex X large-scale IT systems placed on the market or put into service before 2027-08-02 must be brought into compliance by 2030-12-31; Art. 111(2) applies to other pre-2026 high-risk systems.,,low,"Mostly concerns product-regulated AI, not ordinary law-firm software, though some legal-sector products could be embedded in regulated products.","[""Art. 6(1)"", ""Annex I Section B"", ""Art. 57"", ""Art. 102-109"", ""Art. 112""]",https://eur-lex.europa.eu/eli/reg/2024/1689/oj/eng#art_2
art-2-3-national-security-exclusion,2,3,,"[""member-state"", ""other""]",derogation-or-exemption,not-tier-specific,"The Regulation excludes areas outside Union law, national-security competences, and AI systems placed on the market, put into service or used exclusively for military, defence or national-security purposes.","""This Regulation does not apply to areas outside the scope of Union law, and shall not, in any event, affect the competences of the Member States concerning national security, regardless of the type of entity entrusted by the Member States with carrying out tasks in relation to those competences.""",2025-02-02,Art. 113(a),,,low,"Could affect public-sector or court-adjacent national-security contexts, but not ordinary legal practice uses.",[],https://eur-lex.europa.eu/eli/reg/2024/1689/oj/eng#art_2
art-2-4-third-country-cooperation,2,4,,"[""public-authority-deployer"", ""other""]",derogation-or-exemption,not-tier-specific,Third-country public authorities and international organisations are outside scope when using AI under law-enforcement or judicial-cooperation agreements with adequate fundamental-rights safeguards.,"""This Regulation applies neither to public authorities in a third country nor to international organisations falling within the scope of this Regulation pursuant to paragraph 1, where those authorities or organisations use AI systems in the framework of international cooperation or agreements for law enforcement and judicial cooperation with the Union or with one or more Member States, provided that such a third""",2025-02-02,Art. 113(a),,,medium,Relevant to cross-border judicial cooperation where non-EU authorities use AI under agreements with EU or Member State bodies.,[],https://eur-lex.europa.eu/eli/reg/2024/1689/oj/eng#art_2
art-2-5-intermediary-liability,2,5,,"[""provider"", ""other""]",scope-or-definition,not-tier-specific,The Regulation does not affect the Digital Services Act intermediary-liability provisions for providers of intermediary services.,"""This Regulation shall not affect the application of the provisions on the liability of providers of intermediary services as set out in Chapter II of Regulation (EU) 2022/2065.""",2025-02-02,Art. 113(a),,,low,"Legal practices advising platforms may track this boundary, but ordinary use of legal AI is not directly affected.","[""Regulation (EU) 2022/2065""]",https://eur-lex.europa.eu/eli/reg/2024/1689/oj/eng#art_2
art-2-6-research-development,2,6,,"[""provider""]",derogation-or-exemption,not-tier-specific,"AI systems or models, including their output, that are specifically developed and put into service solely for scientific research and development are excluded.","""This Regulation does not apply to AI systems or AI models, including their output, specifically developed and put into service for the sole purpose of scientific research and development.""",2025-02-02,Art. 113(a),,,medium,Legal-AI research prototypes may fall outside the Regulation only when the sole purpose is scientific research and development.,[],https://eur-lex.europa.eu/eli/reg/2024/1689/oj/eng#art_2
art-2-7-data-protection,2,7,,"[""operator-any"", ""union-institution""]",scope-or-definition,not-tier-specific,"Union personal-data, privacy and communications-confidentiality law continues to apply to personal data processed in connection with AI Act rights and obligations.","""Union law on the protection of personal data, privacy and the confidentiality of communications applies to personal data processed in connection with the rights and obligations laid down in this Regulation. This Regulation shall not affect Regulation (EU) 2016/679 or (EU) 2018/1725, or Directive 2002/58/EC or (EU) 2016/680, without prejudice to Article 10(5) and Article 59 of this Regulation.""",2025-02-02,Art. 113(a),,,high,"Legal AI often processes client, case or employee personal data, so GDPR and law-enforcement data rules remain independently relevant.","[""Regulation (EU) 2016/679"", ""Regulation (EU) 2018/1725"", ""Directive 2002/58/EC"", ""Directive (EU) 2016/680""]",https://eur-lex.europa.eu/eli/reg/2024/1689/oj/eng#art_2
art-2-8-pre-market-testing,2,8,,"[""provider""]",derogation-or-exemption,not-tier-specific,"Pre-market research, testing and development activities for AI systems or models are excluded, but those activities must follow applicable Union law and real-world testing is not excluded.","""This Regulation does not apply to any research, testing or development activity regarding AI systems or AI models prior to their being placed on the market or put into service. Such activities shall be conducted in accordance with applicable Union law. Testing in real world conditions shall not be covered by that exclusion.""",2025-02-02,Art. 113(a),,,medium,"Legal-AI vendors can prototype before market release, but real-world pilots with clients or courts are not covered by this exclusion.",[],https://eur-lex.europa.eu/eli/reg/2024/1689/oj/eng#art_2
art-2-9-consumer-product-safety,2,9,,"[""operator-any""]",scope-or-definition,not-tier-specific,The Regulation is without prejudice to other Union legal acts related to consumer protection and product safety.,"""This Regulation is without prejudice to the rules laid down by other Union legal acts related to consumer protection and product safety.""",2025-02-02,Art. 113(a),,,low,Relevant mainly to legal advice about overlapping regimes rather than to day-to-day legal AI deployment.,[],https://eur-lex.europa.eu/eli/reg/2024/1689/oj/eng#art_2
art-2-10-personal-use,2,10,,"[""natural-person"", ""deployer""]",derogation-or-exemption,not-tier-specific,"Deployer obligations do not apply to natural persons using AI systems in a purely personal, non-professional activity.","""This Regulation does not apply to obligations of deployers who are natural persons using AI systems in the course of a purely personal non-professional activity.""",2025-02-02,Art. 113(a),,,medium,"The exclusion does not cover professional use by lawyers, legal staff, in-house teams or court personnel.",[],https://eur-lex.europa.eu/eli/reg/2024/1689/oj/eng#art_2
art-2-11-worker-protection,2,11,,"[""member-state""]",scope-or-definition,not-tier-specific,"The Union and Member States may maintain or introduce worker-protective rules on employers’ use of AI, and may allow more favourable collective agreements.","""This Regulation does not preclude the Union or Member States from maintaining or introducing laws, regulations or administrative provisions which are more favourable to workers in terms of protecting their rights in respect of the use of AI systems by employers, or from encouraging or allowing the application of collective agreements which are more favourable to workers.""",2025-02-02,Art. 113(a),,,medium,Law firms and courts using workplace AI may also face employment-law rules that are more protective than the AI Act baseline.,[],https://eur-lex.europa.eu/eli/reg/2024/1689/oj/eng#art_2
art-2-12-open-source,2,12,,"[""provider""]",derogation-or-exemption,not-tier-specific,AI systems released under free and open-source licences are excluded unless placed on the market or put into service as high-risk systems or systems under Article 5 or Article 50.,"""This Regulation does not apply to AI systems released under free and open-source licences, unless they are placed on the market or put into service as high-risk AI systems or as an AI system that falls under Article 5 or 50.""",2025-02-02,Art. 113(a),,,medium,Open-source legal-AI tools can still be in scope if used as high-risk legal systems or for prohibited or transparency-risk use cases.,"[""Art. 5"", ""Art. 50""]",https://eur-lex.europa.eu/eli/reg/2024/1689/oj/eng#art_2
art-4-0-ai-literacy,4,,,"[""provider"", ""deployer""]",requirement,all-ai-systems,"Providers and deployers must take measures, to their best extent, to ensure sufficient AI literacy among staff and other persons operating or using AI systems on their behalf.","""Providers and deployers of AI systems shall take measures to ensure, to their best extent, a sufficient level of AI literacy of their staff and other persons dealing with the operation and use of AI systems on their behalf, taking into account their technical knowledge, experience, education and training and the context the AI systems are to be used in, and considering the persons or groups of persons on whom the""",2025-02-02,Art. 113(a),,,high,"Direct for every law firm, legal team, court or legal-AI vendor whose staff operate or use AI systems.","[""Art. 3(56)""]",https://eur-lex.europa.eu/eli/reg/2024/1689/oj/eng#art_4
art-5-1-annex2,5,1,Annex II,"[""operator-any""]",scope-or-definition,prohibited-practice,Annex II lists the criminal offences relevant to the Article 5(1)(h)(iii) prohibition exception for certain real-time remote biometric identification uses.,"""Criminal offences referred to in Article 5(1), first subparagraph, point (h)(iii): — terrorism, — trafficking in human beings""",2025-02-02,Art. 113(a),,Art. 99(3),high,Article 5 prohibited-practice limits can affect law-enforcement and justice-adjacent AI uses.,"[""Art. 5(1)(h)(iii)""]",https://eur-lex.europa.eu/eli/reg/2024/1689/oj/eng#anx_II
art-5-1-a-subliminal-manipulation,5,1,a,"[""provider"", ""deployer"", ""operator-any""]",prohibition,prohibited-practice,"Providers, deployers and other operators are prohibited from placing on the market, putting into service or using AI systems that deploy subliminal, manipulative or deceptive techniques causing significant harm through materially distorted decisions.","""the placing on the market, the putting into service or the use of an AI system that deploys subliminal techniques beyond a person’s consciousness or purposefully manipulative or deceptive techniques, with the objective, or the effect of materially distorting the behaviour of a person or a group of persons by appreciably impairing their ability to make an informed decision, thereby causing them to take a decision""",2025-02-02,Art. 113(a),Art. 111(1)-(2) is without prejudice to Article 5 applying under Art. 113(a).,Art. 99(3),high,"Client-facing or internal legal AI must not manipulate users, witnesses, consumers or staff into harmful decisions.","[""Art. 99(3)""]",https://eur-lex.europa.eu/eli/reg/2024/1689/oj/eng#art_5
art-5-1-b-vulnerability-exploitation,5,1,b,"[""provider"", ""deployer"", ""operator-any""]",prohibition,prohibited-practice,"Providers, deployers and other operators are prohibited from AI systems that exploit vulnerabilities linked to age, disability or social or economic situation and materially distort behaviour causing or likely causing significant harm.","""the placing on the market, the putting into service or the use of an AI system that exploits any of the vulnerabilities of a natural person or a specific group of persons due to their age, disability or a specific social or economic situation, with the objective, or the effect, of materially distorting the behaviour of that person or a person belonging to that group in a manner that causes or is reasonably likely""",2025-02-02,Art. 113(a),Art. 111(1)-(2) is without prejudice to Article 5 applying under Art. 113(a).,Art. 99(3),high,"Legal services, courts and vendors must avoid AI that exploits vulnerable clients, litigants, witnesses, employees or consumers.","[""Art. 99(3)""]",https://eur-lex.europa.eu/eli/reg/2024/1689/oj/eng#art_5
art-5-1-c-social-scoring,5,1,c,"[""provider"", ""deployer"", ""operator-any""]",prohibition,prohibited-practice,"Providers, deployers and other operators are prohibited from AI social-scoring systems that evaluate or classify people over time and lead to unrelated, unjustified or disproportionate detrimental treatment.","""the placing on the market, the putting into service or the use of AI systems for the evaluation or classification of natural persons or groups of persons over a certain period of time based on their social behaviour or known, inferred or predicted personal or personality characteristics, with the social score leading to either or both of the following: (i) detrimental or unfavourable treatment of certain natural""",2025-02-02,Art. 113(a),Art. 111(1)-(2) is without prejudice to Article 5 applying under Art. 113(a).,Art. 99(3),high,"Relevant to public bodies, courts or legal organisations considering reputation, risk or eligibility scoring of natural persons.","[""Art. 99(3)""]",https://eur-lex.europa.eu/eli/reg/2024/1689/oj/eng#art_5
art-5-1-d-criminal-risk-profiling,5,1,d,"[""provider"", ""deployer"", ""operator-any""]",prohibition,prohibited-practice,"Providers, deployers and other operators are prohibited from AI systems making criminal-offence risk assessments based solely on profiling or personality traits, subject to the objective-facts support exception.","""the placing on the market, the putting into service for this specific purpose, or the use of an AI system for making risk assessments of natural persons in order to assess or predict the risk of a natural person committing a criminal offence, based solely on the profiling of a natural person or on assessing their personality traits and characteristics; this prohibition shall not apply to AI systems used to support""",2025-02-02,Art. 113(a),Art. 111(1)-(2) is without prejudice to Article 5 applying under Art. 113(a).,Art. 99(3),high,"Highly relevant to criminal-justice, court and law-enforcement legal contexts using risk assessment or decision-support tools.","[""Art. 99(3)""]",https://eur-lex.europa.eu/eli/reg/2024/1689/oj/eng#art_5
art-5-1-e-facial-scraping,5,1,e,"[""provider"", ""deployer"", ""operator-any""]",prohibition,prohibited-practice,"Providers, deployers and other operators are prohibited from AI systems that create or expand facial-recognition databases through untargeted scraping from the internet or CCTV footage.","""the placing on the market, the putting into service for this specific purpose, or the use of AI systems that create or expand facial recognition databases through the untargeted scraping of facial images from the internet or CCTV footage;""",2025-02-02,Art. 113(a),Art. 111(1)-(2) is without prejudice to Article 5 applying under Art. 113(a).,Art. 99(3),medium,"Relevant where legal teams, investigators or vendors might source biometric datasets for identification or evidence-related tools.","[""Art. 99(3)""]",https://eur-lex.europa.eu/eli/reg/2024/1689/oj/eng#art_5
art-5-1-f-workplace-emotion,5,1,f,"[""provider"", ""deployer"", ""operator-any""]",prohibition,prohibited-practice,"Providers, deployers and other operators are prohibited from AI systems to infer emotions in workplaces or educational institutions, except for medical or safety reasons.","""the placing on the market, the putting into service for this specific purpose, or the use of AI systems to infer emotions of a natural person in the areas of workplace and education institutions, except where the use of the AI system is intended to be put in place or into the market for medical or safety reasons;""",2025-02-02,Art. 113(a),Art. 111(1)-(2) is without prejudice to Article 5 applying under Art. 113(a).,Art. 99(3),high,"Direct for law firms, courts and legal departments as employers considering emotion-recognition tools for staff or training settings.","[""Art. 99(3)""]",https://eur-lex.europa.eu/eli/reg/2024/1689/oj/eng#art_5
art-5-1-g-sensitive-biometric-categorisation,5,1,g,"[""provider"", ""deployer"", ""operator-any""]",prohibition,prohibited-practice,"Providers, deployers and other operators are prohibited from biometric categorisation systems that infer sensitive traits such as race, political opinions, religion, sex life or sexual orientation.","""the placing on the market, the putting into service for this specific purpose, or the use of biometric categorisation systems that categorise individually natural persons based on their biometric data to deduce or infer their race, political opinions, trade union membership, religious or philosophical beliefs, sex life or sexual orientation; this prohibition does not cover any labelling or filtering of lawfully""",2025-02-02,Art. 113(a),Art. 111(1)-(2) is without prejudice to Article 5 applying under Art. 113(a).,Art. 99(3),high,"Relevant to legal AI, e-discovery or court/security tools that process biometric data about clients, staff, litigants or the public.","[""Art. 99(3)""]",https://eur-lex.europa.eu/eli/reg/2024/1689/oj/eng#art_5
art-5-1-h-real-time-rbi-law-enforcement,5,1,h,"[""public-authority-deployer""]",prohibition,prohibited-practice,Law-enforcement use of real-time remote biometric identification in publicly accessible spaces is prohibited except where strictly necessary for the listed serious objectives.,"""the use of ‘real-time’ remote biometric identification systems in publicly accessible spaces for the purposes of law enforcement, unless and in so far as such use is strictly necessary for one of the following objectives: (i) the targeted search for specific victims of abduction, trafficking in human beings or sexual exploitation of human beings, as well as the search for missing persons; (ii) the prevention of a""",2025-02-02,Art. 113(a),Art. 111(1)-(2) is without prejudice to Article 5 applying under Art. 113(a).,Art. 99(3),high,Relevant to courts and legal oversight because use requires strict necessity and judicial or independent authorisation safeguards.,"[""Art. 99(3)""]",https://eur-lex.europa.eu/eli/reg/2024/1689/oj/eng#art_5
art-5-2-rbi-conditions,5,2,,"[""public-authority-deployer""]",requirement,prohibited-practice,"Permitted law-enforcement use of real-time remote biometric identification must only confirm the specifically targeted individual and must account for harm, rights impacts, safeguards, FRIA and database registration.","""The use of ‘real-time’ remote biometric identification systems in publicly accessible spaces for the purposes of law enforcement for any of the objectives referred to in paragraph 1, first subparagraph, point (h), shall be deployed for the purposes set out in that point only to confirm the identity of the specifically targeted individual, and it shall take into account the following elements:""",2025-02-02,Art. 113(a),Art. 111(1)-(2) is without prejudice to Article 5 applying under Art. 113(a).,Art. 99(3),high,Courts and public bodies may be involved because this use requires a fundamental-rights impact assessment and strict safeguards.,"[""Art. 5(1)(h)"", ""Art. 27"", ""Art. 49""]",https://eur-lex.europa.eu/eli/reg/2024/1689/oj/eng#art_5
art-5-3-rbi-authorisation,5,3,,"[""public-authority-deployer"", ""other""]",requirement,prohibited-practice,"Each law-enforcement use of real-time remote biometric identification in publicly accessible spaces must receive prior judicial or independent administrative authorisation, with urgent-use limits and deletion if refused.","""For the purposes of paragraph 1, first subparagraph, point (h) and paragraph 2, each use for the purposes of law enforcement of a ‘real-time’ remote biometric identification system in publicly accessible spaces shall be subject to a prior authorisation granted by a judicial authority or an independent administrative authority whose decision is binding of the Member State in which the use is to take place, issued""",2025-02-02,Art. 113(a),Art. 111(1)-(2) is without prejudice to Article 5 applying under Art. 113(a).,Art. 99(3),high,Directly relevant to judicial authorities or independent bodies that authorise biometric identification and to legal challenges to such use.,"[""Art. 5(1)(h)"", ""Art. 27""]",https://eur-lex.europa.eu/eli/reg/2024/1689/oj/eng#art_5
art-5-4-rbi-notification,5,4,,"[""public-authority-deployer"", ""market-surveillance-authority"", ""national-competent-authority""]",cooperation-with-authorities,prohibited-practice,Each authorised law-enforcement use of real-time remote biometric identification must be notified to the relevant market surveillance authority and national data protection authority without sensitive operational data.,"""Without prejudice to paragraph 3, each use of a ‘real-time’ remote biometric identification system in publicly accessible spaces for law enforcement purposes shall be notified to the relevant market surveillance authority and the national data protection authority in accordance with the national rules referred to in paragraph 5. The notification shall, as a minimum, contain the information specified under""",2025-02-02,Art. 113(a),Art. 111(1)-(2) is without prejudice to Article 5 applying under Art. 113(a).,Art. 99(3),medium,Relevant to public-sector legal compliance and oversight of law-enforcement biometric deployments.,"[""Art. 5(5)"", ""Art. 5(6)""]",https://eur-lex.europa.eu/eli/reg/2024/1689/oj/eng#art_5
art-5-5-member-state-rbi-rules,5,5,,"[""member-state""]",governance-institutional,prohibited-practice,"Member States may authorise real-time remote biometric identification for law enforcement only within Article 5 limits, must set detailed national rules, notify the Commission and may impose stricter laws.","""A Member State may decide to provide for the possibility to fully or partially authorise the use of ‘real-time’ remote biometric identification systems in publicly accessible spaces for the purposes of law enforcement within the limits and under the conditions listed in paragraph 1, first subparagraph, point (h), and paragraphs 2 and 3. Member States concerned shall lay down in their national law the necessary""",2025-02-02,Art. 113(a),Art. 111(1)-(2) is without prejudice to Article 5 applying under Art. 113(a).,Art. 99(3),medium,Relevant to national courts and lawyers because Member State authorising laws shape when biometric evidence or policing tools may be lawful.,"[""Art. 5(1)(h)"", ""Art. 5(2)"", ""Art. 5(3)""]",https://eur-lex.europa.eu/eli/reg/2024/1689/oj/eng#art_5
art-5-6-rbi-annual-authority-reports,5,6,,"[""market-surveillance-authority"", ""national-competent-authority"", ""commission""]",monitoring,prohibited-practice,Market surveillance and data protection authorities notified of law-enforcement real-time remote biometric identification use must submit annual reports to the Commission using its template.,"""National market surveillance authorities and the national data protection authorities of Member States that have been notified of the use of ‘real-time’ remote biometric identification systems in publicly accessible spaces for law enforcement purposes pursuant to paragraph 4 shall submit to the Commission annual reports on such use. For that purpose, the Commission shall provide Member States and national market""",2025-02-02,Art. 113(a),Art. 111(1)-(2) is without prejudice to Article 5 applying under Art. 113(a).,Art. 99(3),low,"Institutional reporting can inform litigation, policy and public-sector oversight, but it is not a direct law-firm deployer duty.","[""Art. 5(4)""]",https://eur-lex.europa.eu/eli/reg/2024/1689/oj/eng#art_5
art-5-7-commission-rbi-reports,5,7,,"[""commission""]",governance-institutional,prohibited-practice,"The Commission must publish annual aggregated reports on real-time remote biometric identification in publicly accessible spaces for law-enforcement purposes, excluding sensitive operational data.","""The Commission shall publish annual reports on the use of real-time remote biometric identification systems in publicly accessible spaces for law enforcement purposes, based on aggregated data in Member States on the basis of the annual reports referred to in paragraph 6. Those annual reports shall not include sensitive operational data of the related law enforcement activities.""",2025-02-02,Art. 113(a),Art. 111(1)-(2) is without prejudice to Article 5 applying under Art. 113(a).,Art. 99(3),low,Public reporting may support legal analysis and accountability but does not directly regulate legal practices.,"[""Art. 5(6)""]",https://eur-lex.europa.eu/eli/reg/2024/1689/oj/eng#art_5
art-6-1-product-high-risk-classification,6,1,,"[""provider"", ""product-manufacturer""]",scope-or-definition,high-risk,An AI system is high-risk under Article 6(1) when it is a safety component or product covered by Annex I harmonisation law and the product or system requires third-party conformity assessment.,"""Irrespective of whether an AI system is placed on the market or put into service independently of the products referred to in points (a) and (b), that AI system shall be considered to be high-risk where both of the following conditions are fulfilled:""",2027-08-02,Art. 113(c),Art. 111(1): AI systems that are components of Annex X large-scale IT systems placed on the market or put into service before 2027-08-02 must be brought into compliance by 2030-12-31; Art. 111(2) applies to other pre-2026 high-risk systems.,,medium,"Usually indirect for legal practice, unless legal-sector AI is embedded in regulated products requiring third-party conformity assessment.","[""Annex I""]",https://eur-lex.europa.eu/eli/reg/2024/1689/oj/eng#art_6
art-6-1-annex1,6,1,Annex I,"[""provider"", ""product-manufacturer""]",scope-or-definition,high-risk,Annex I identifies Union harmonisation legislation used for Article 6(1) product-related high-risk AI classification and related scope rules.,"""Section A. List of Union harmonisation legislation based on the New Legislative Framework""",2027-08-02,Art. 113(c),,,low,This mainly affects product-sector AI rather than legal-practice AI.,"[""Art. 2"", ""Art. 6(1)""]",https://eur-lex.europa.eu/eli/reg/2024/1689/oj/eng#anx_I
art-6-2-annex-iii-high-risk-classification,6,2,,"[""provider"", ""deployer""]",scope-or-definition,high-risk,AI systems referred to in Annex III are classified as high-risk in addition to Article 6(1) systems.,"""In addition to the high-risk AI systems referred to in paragraph 1, AI systems referred to in Annex III shall be considered to be high-risk.""",2026-08-02,Art. 113 second subparagraph,Art. 111(2): high-risk AI systems placed on the market or put into service before 2026-08-02 are covered only if they are subject to significant design changes from that date; providers and deployers of high-risk AI systems intended for public authorities must take necessary steps to comply by 2030-08-02. Art. 113(c) separately applies Article 6(1) and corresponding obligations from 2027-08-02.,,high,"Annex III point 8 covers AI used by or for judicial authorities for legal research, fact/law interpretation and applying law to facts.","[""Annex III"", ""Annex III point 8""]",https://eur-lex.europa.eu/eli/reg/2024/1689/oj/eng#art_6
art-6-2-annex3-1,6,2,Annex III(1),"[""provider"", ""deployer""]",scope-or-definition,high-risk,"Annex III point 1 makes permitted biometric systems high-risk, including remote biometric identification, sensitive biometric categorisation and emotion recognition.","""Biometrics, in so far as their use is permitted under relevant Union or national law""",2026-08-02,Art. 113 second subparagraph,,,medium,Biometric tools used in court security or legal workplaces may fall under high-risk rules.,"[""Art. 6(2)"", ""Annex III point 1(a)-(c)""]",https://eur-lex.europa.eu/eli/reg/2024/1689/oj/eng#anx_III
art-6-2-annex3-2,6,2,Annex III(2),"[""provider"", ""deployer""]",scope-or-definition,high-risk,"Annex III point 2 makes AI safety components used in critical digital infrastructure, road traffic or water, gas, heating or electricity high-risk.","""Critical infrastructure: AI systems intended to be used as safety components in the management and operation of critical digital infrastructure""",2026-08-02,Art. 113 second subparagraph,,,low,This is generally outside ordinary legal practice.,"[""Art. 6(2)""]",https://eur-lex.europa.eu/eli/reg/2024/1689/oj/eng#anx_III
art-6-2-annex3-3,6,2,Annex III(3),"[""provider"", ""deployer""]",scope-or-definition,high-risk,"Annex III point 3 makes specified education and vocational-training AI high-risk, including admissions, learning evaluation, education-level assessment and exam-proctoring behavior monitoring.","""Education and vocational training""",2026-08-02,Art. 113 second subparagraph,,,low,This may affect legal education providers but is not central to legal services.,"[""Art. 6(2)"", ""Annex III point 3(a)-(d)""]",https://eur-lex.europa.eu/eli/reg/2024/1689/oj/eng#anx_III
art-6-2-annex3-4,6,2,Annex III(4),"[""provider"", ""deployer""]",scope-or-definition,high-risk,"Annex III point 4 makes specified employment, worker-management and self-employment access AI high-risk, including recruitment, promotion, termination, task allocation and performance monitoring.","""Employment, workers’ management and access to self-employment""",2026-08-02,Art. 113 second subparagraph,,,high,"Law firms, chambers and legal departments may deploy recruitment or worker-management AI.","[""Art. 6(2)"", ""Annex III point 4(a)-(b)""]",https://eur-lex.europa.eu/eli/reg/2024/1689/oj/eng#anx_III
art-6-2-annex3-5,6,2,Annex III(5),"[""provider"", ""deployer"", ""public-authority-deployer""]",scope-or-definition,high-risk,"Annex III point 5 makes specified AI for essential public benefits, creditworthiness, life and health insurance, and emergency response high-risk.","""Access to and enjoyment of essential private services and essential public services and benefits""",2026-08-02,Art. 113 second subparagraph,,,medium,In-house teams in regulated services and public bodies may encounter these high-risk categories.,"[""Art. 6(2)"", ""Annex III point 5(a)-(d)""]",https://eur-lex.europa.eu/eli/reg/2024/1689/oj/eng#anx_III
art-6-2-annex3-6,6,2,Annex III(6),"[""provider"", ""deployer"", ""public-authority-deployer""]",scope-or-definition,high-risk,"Annex III point 6 makes specified permitted law-enforcement AI high-risk, including victim-risk assessment, polygraphs, evidence reliability, offending risk and profiling systems.","""Law enforcement, in so far as their use is permitted under relevant Union or national law""",2026-08-02,Art. 113 second subparagraph,,,high,Criminal-justice AI and evidence-assessment tools are close to legal practice and public prosecution work.,"[""Art. 6(2)"", ""Annex III point 6(a)-(e)""]",https://eur-lex.europa.eu/eli/reg/2024/1689/oj/eng#anx_III
art-6-2-annex3-7,6,2,Annex III(7),"[""provider"", ""deployer"", ""public-authority-deployer""]",scope-or-definition,high-risk,"Annex III point 7 makes specified migration, asylum and border-control AI high-risk, including risk assessment, application examination, evidence reliability and identification systems.","""Migration, asylum and border control management, in so far as their use is permitted under relevant Union or national law""",2026-08-02,Art. 113 second subparagraph,,,medium,"Immigration, asylum and border-control legal work may be affected by public authority use of these systems.","[""Art. 6(2)"", ""Annex III point 7(a)-(d)""]",https://eur-lex.europa.eu/eli/reg/2024/1689/oj/eng#anx_III
art-6-2-annex3-8,6,2,Annex III(8),"[""provider"", ""deployer"", ""public-authority-deployer""]",scope-or-definition,high-risk,"Annex III point 8 makes AI for administration of justice and democratic processes high-risk, including judicial fact-and-law research, application to facts, ADR and election-influence systems.","""AI systems intended to be used by a judicial authority or on their behalf to assist a judicial authority in researching and interpreting facts and the law and in applying the law to a concrete set of facts, or to be used in a similar way in alternative dispute resolution""",2026-08-02,Art. 113 second subparagraph,,,high,This is the core legal-practice row: court or ADR AI assisting legal/factual analysis is high-risk.,"[""Art. 6(2)"", ""Annex III point 8(a)-(b)""]",https://eur-lex.europa.eu/eli/reg/2024/1689/oj/eng#anx_III
art-6-3-annex-iii-derogation,6,3,,"[""provider""]",derogation-or-exemption,high-risk,"An Annex III AI system is not high-risk if it does not pose a significant risk of harm or materially influence decision-making, but profiling systems are always high-risk.","""By derogation from paragraph 2, an AI system referred to in Annex III shall not be considered to be high-risk where it does not pose a significant risk of harm to the health, safety or fundamental rights of natural persons, including by not materially influencing the outcome of decision making.""",2026-08-02,Art. 113 second subparagraph,Art. 111(2): high-risk AI systems placed on the market or put into service before 2026-08-02 are covered only if they are subject to significant design changes from that date; providers and deployers of high-risk AI systems intended for public authorities must take necessary steps to comply by 2030-08-02. Art. 113(c) separately applies Article 6(1) and corresponding obligations from 2027-08-02.,,high,"Important for legal-AI classification where tools claimed to be narrow, preparatory or non-influential may still affect judicial or legal decisions.","[""Annex III"", ""Art. 3(52)"", ""Annex III point 8""]",https://eur-lex.europa.eu/eli/reg/2024/1689/oj/eng#art_6
art-6-4-provider-assessment-documentation,6,4,,"[""provider""]",documentation,high-risk,A provider that treats an Annex III AI system as not high-risk must document that assessment before placing the system on the market or putting it into service.,"""A provider who considers that an AI system referred to in Annex III is not high-risk shall document its assessment before that system is placed on the market or put into service. Such provider shall be subject to the registration obligation set out in Article 49(2). Upon request of national competent authorities, the provider shall provide the documentation of the assessment.""",2026-08-02,Art. 113 second subparagraph,Art. 111(2): high-risk AI systems placed on the market or put into service before 2026-08-02 are covered only if they are subject to significant design changes from that date; providers and deployers of high-risk AI systems intended for public authorities must take necessary steps to comply by 2030-08-02. Art. 113(c) separately applies Article 6(1) and corresponding obligations from 2027-08-02.,,high,Legal-AI vendors relying on a non-high-risk position for Annex III point 8-like systems need documented classification analysis.,"[""Annex III"", ""Art. 49(2)""]",https://eur-lex.europa.eu/eli/reg/2024/1689/oj/eng#art_6
art-6-4-provider-assessment-on-request,6,4,authority-request,"[""provider"", ""national-competent-authority""]",cooperation-with-authorities,high-risk,"On request, the provider must provide national competent authorities with the documentation supporting its non-high-risk assessment for an Annex III system.","""Upon request of national competent authorities, the provider shall provide the documentation of the assessment.""",2026-08-02,Art. 113 second subparagraph,Art. 111(2): high-risk AI systems placed on the market or put into service before 2026-08-02 are covered only if they are subject to significant design changes from that date; providers and deployers of high-risk AI systems intended for public authorities must take necessary steps to comply by 2030-08-02. Art. 113(c) separately applies Article 6(1) and corresponding obligations from 2027-08-02.,,medium,Relevant when authorities question a legal-AI vendor’s classification of a judicial or ADR system.,"[""Annex III""]",https://eur-lex.europa.eu/eli/reg/2024/1689/oj/eng#art_6
art-6-4-provider-registration,6,4,registration,"[""provider""]",registration,high-risk,A provider that considers an Annex III AI system not high-risk remains subject to the Article 49(2) registration obligation.,"""Such provider shall be subject to the registration obligation set out in Article 49(2).""",2026-08-02,Art. 113 second subparagraph,Art. 111(2): high-risk AI systems placed on the market or put into service before 2026-08-02 are covered only if they are subject to significant design changes from that date; providers and deployers of high-risk AI systems intended for public authorities must take necessary steps to comply by 2030-08-02. Art. 113(c) separately applies Article 6(1) and corresponding obligations from 2027-08-02.,,medium,Affects legal-AI vendors claiming an Annex III judicial or ADR tool is not high-risk but still registering the system.,"[""Art. 49(2)"", ""Annex III""]",https://eur-lex.europa.eu/eli/reg/2024/1689/oj/eng#art_6
art-6-5-commission-guidelines,6,5,,"[""commission"", ""ai-board""]",governance-institutional,high-risk,"After consulting the Board, the Commission must issue Article 6 implementation guidelines and practical examples of high-risk and non-high-risk use cases by 2 February 2026.","""The Commission shall, after consulting the European Artificial Intelligence Board (the ‘Board’), and no later than 2 February 2026, provide guidelines specifying the practical implementation of this Article in line with Article 96 together with a comprehensive list of practical examples of use cases of AI systems that are high-risk and not high-risk.""",2026-08-02,Art. 113 second subparagraph,Art. 111(2): high-risk AI systems placed on the market or put into service before 2026-08-02 are covered only if they are subject to significant design changes from that date; providers and deployers of high-risk AI systems intended for public authorities must take necessary steps to comply by 2030-08-02. Art. 113(c) separately applies Article 6(1) and corresponding obligations from 2027-08-02.,,medium,"Guidance may clarify whether legal research, litigation analytics, ADR or court-support systems fall within Annex III point 8.","[""Art. 96"", ""Annex III""]",https://eur-lex.europa.eu/eli/reg/2024/1689/oj/eng#art_6
art-6-6-delegated-add-derogation-conditions,6,6,,"[""commission""]",delegated-or-implementing-act,high-risk,The Commission may adopt delegated acts to add or modify conditions under which Annex III AI systems are not high-risk where reliable evidence shows no significant risk.,"""The Commission is empowered to adopt delegated acts in accordance with Article 97 in order to amend paragraph 3, second subparagraph, of this Article by adding new conditions to those laid down therein, or by modifying them, where there is concrete and reliable evidence of the existence of AI systems that fall under the scope of Annex III, but do not pose a significant risk of harm to the health, safety or""",2026-08-02,Art. 113 second subparagraph,Art. 111(2): high-risk AI systems placed on the market or put into service before 2026-08-02 are covered only if they are subject to significant design changes from that date; providers and deployers of high-risk AI systems intended for public authorities must take necessary steps to comply by 2030-08-02. Art. 113(c) separately applies Article 6(1) and corresponding obligations from 2027-08-02.,,low,Primarily institutional or governance machinery; legal practices are affected only indirectly.,"[""Art. 97"", ""Annex III""]",https://eur-lex.europa.eu/eli/reg/2024/1689/oj/eng#art_6
art-6-7-delegated-delete-derogation-conditions,6,7,,"[""commission""]",delegated-or-implementing-act,high-risk,"The Commission must adopt delegated acts deleting derogation conditions where reliable evidence shows deletion is necessary to maintain protection of health, safety and fundamental rights.","""The Commission shall adopt delegated acts in accordance with Article 97 in order to amend paragraph 3, second subparagraph, of this Article by deleting any of the conditions laid down therein, where there is concrete and reliable evidence that this is necessary to maintain the level of protection of health, safety and fundamental rights provided for by this Regulation.""",2026-08-02,Art. 113 second subparagraph,Art. 111(2): high-risk AI systems placed on the market or put into service before 2026-08-02 are covered only if they are subject to significant design changes from that date; providers and deployers of high-risk AI systems intended for public authorities must take necessary steps to comply by 2030-08-02. Art. 113(c) separately applies Article 6(1) and corresponding obligations from 2027-08-02.,,low,Primarily institutional or governance machinery; legal practices are affected only indirectly.,"[""Art. 97"", ""Annex III""]",https://eur-lex.europa.eu/eli/reg/2024/1689/oj/eng#art_6
art-6-8-amendment-safeguards,6,8,,"[""commission""]",delegated-or-implementing-act,high-risk,Amendments to Article 6(3) derogation conditions must not reduce overall protection and must remain consistent with Article 7 delegated acts and market and technological developments.,"""Any amendment to the conditions laid down in paragraph 3, second subparagraph, adopted in accordance with paragraphs 6 and 7 of this Article shall not decrease the overall level of protection of health, safety and fundamental rights provided for by this Regulation and shall ensure consistency with the delegated acts adopted pursuant to Article 7(1), and take account of market and technological developments.""",2026-08-02,Art. 113 second subparagraph,Art. 111(2): high-risk AI systems placed on the market or put into service before 2026-08-02 are covered only if they are subject to significant design changes from that date; providers and deployers of high-risk AI systems intended for public authorities must take necessary steps to comply by 2030-08-02. Art. 113(c) separately applies Article 6(1) and corresponding obligations from 2027-08-02.,,low,Primarily institutional or governance machinery; legal practices are affected only indirectly.,"[""Art. 6(3)"", ""Art. 7(1)""]",https://eur-lex.europa.eu/eli/reg/2024/1689/oj/eng#art_6
art-7-1-annex-iii-add-modify,7,1,,"[""commission""]",delegated-or-implementing-act,high-risk,"The Commission may add or modify Annex III high-risk use cases by delegated act when the systems are in Annex III areas and pose equivalent or greater health, safety or fundamental-rights risks.","""The Commission is empowered to adopt delegated acts in accordance with Article 97 to amend Annex III by adding or modifying use-cases of high-risk AI systems where both of the following conditions are fulfilled:""",2026-08-02,Art. 113 second subparagraph,Art. 111(2): high-risk AI systems placed on the market or put into service before 2026-08-02 are covered only if they are subject to significant design changes from that date; providers and deployers of high-risk AI systems intended for public authorities must take necessary steps to comply by 2030-08-02. Art. 113(c) separately applies Article 6(1) and corresponding obligations from 2027-08-02.,,medium,"Could expand or alter high-risk treatment of legal, judicial, ADR or democratic-process AI systems.","[""Annex III"", ""Art. 97""]",https://eur-lex.europa.eu/eli/reg/2024/1689/oj/eng#art_7
art-7-2-annex-iii-assessment-criteria,7,2,,"[""commission""]",delegated-or-implementing-act,high-risk,"When assessing whether to amend Annex III, the Commission must consider intended purpose, use, data, autonomy, harm, dependence, power imbalance, reversibility, benefits and existing legal protections.","""When assessing the condition under paragraph 1, point (b), the Commission shall take into account the following criteria:""",2026-08-02,Art. 113 second subparagraph,Art. 111(2): high-risk AI systems placed on the market or put into service before 2026-08-02 are covered only if they are subject to significant design changes from that date; providers and deployers of high-risk AI systems intended for public authorities must take necessary steps to comply by 2030-08-02. Art. 113(c) separately applies Article 6(1) and corresponding obligations from 2027-08-02.,,medium,"Criteria such as dependence, power imbalance and redress are material to court, client, worker and public-service legal AI contexts.","[""Annex III""]",https://eur-lex.europa.eu/eli/reg/2024/1689/oj/eng#art_7
art-7-3-annex-iii-remove,7,3,,"[""commission""]",delegated-or-implementing-act,high-risk,The Commission may remove high-risk AI systems from Annex III only where they no longer pose significant risks and removal does not decrease Union-law protection.,"""The Commission is empowered to adopt delegated acts in accordance with Article 97 to amend the list in Annex III by removing high-risk AI systems where both of the following conditions are fulfilled:""",2026-08-02,Art. 113 second subparagraph,Art. 111(2): high-risk AI systems placed on the market or put into service before 2026-08-02 are covered only if they are subject to significant design changes from that date; providers and deployers of high-risk AI systems intended for public authorities must take necessary steps to comply by 2030-08-02. Art. 113(c) separately applies Article 6(1) and corresponding obligations from 2027-08-02.,,low,Primarily institutional or governance machinery; legal practices are affected only indirectly.,"[""Annex III"", ""Art. 97""]",https://eur-lex.europa.eu/eli/reg/2024/1689/oj/eng#art_7
art-8-1-section-2-compliance,8,1,,"[""provider""]",requirement,high-risk,"High-risk AI systems must comply with Chapter III Section 2 requirements, taking account of intended purpose, state of the art and the Article 9 risk management system.","""High-risk AI systems shall comply with the requirements laid down in this Section, taking into account their intended purpose as well as the generally acknowledged state of the art on AI and AI-related technologies. The risk management system referred to in Article 9 shall be taken into account when ensuring compliance with those requirements.""",2026-08-02,Art. 113 second subparagraph,Art. 111(2): high-risk AI systems placed on the market or put into service before 2026-08-02 are covered only if they are subject to significant design changes from that date; providers and deployers of high-risk AI systems intended for public authorities must take necessary steps to comply by 2030-08-02. Art. 113(c) separately applies Article 6(1) and corresponding obligations from 2027-08-02.,Art. 99(4),high,"Direct for legal-AI vendors where the system is high-risk under Annex III point 8, including AI used by or for judicial authorities or similarly in ADR.","[""Art. 9"", ""Chapter III Section 2"", ""Annex III point 8""]",https://eur-lex.europa.eu/eli/reg/2024/1689/oj/eng#art_8
art-8-2-product-provider-responsibility,8,2,,"[""provider"", ""product-manufacturer""]",requirement,high-risk,"Where a product contains a high-risk AI system subject to this Regulation and Annex I Section A harmonisation law, providers are responsible for full compliance with applicable product requirements.","""Where a product contains an AI system, to which the requirements of this Regulation as well as requirements of the Union harmonisation legislation listed in Section A of Annex I apply, providers shall be responsible for ensuring that their product is fully compliant with all applicable requirements under applicable Union harmonisation legislation. In ensuring the compliance of high-risk AI systems referred to in""",2026-08-02,Art. 113 second subparagraph,Art. 111(2): high-risk AI systems placed on the market or put into service before 2026-08-02 are covered only if they are subject to significant design changes from that date; providers and deployers of high-risk AI systems intended for public authorities must take necessary steps to comply by 2030-08-02. Art. 113(c) separately applies Article 6(1) and corresponding obligations from 2027-08-02.,Art. 99(4),medium,Relevant for vendors placing legal-sector AI into regulated products; ordinary legal software is usually outside this product-law pathway.,"[""Annex I Section A"", ""Chapter III Section 2""]",https://eur-lex.europa.eu/eli/reg/2024/1689/oj/eng#art_8
art-9-1-risk-management-system,9,1,,"[""provider""]",risk-management,high-risk,"Providers must establish, implement, document and maintain a risk management system for high-risk AI systems.","""A risk management system shall be established, implemented, documented and maintained in relation to high-risk AI systems.""",2026-08-02,Art. 113 second subparagraph,Art. 111(2): high-risk AI systems placed on the market or put into service before 2026-08-02 are covered only if they are subject to significant design changes from that date; providers and deployers of high-risk AI systems intended for public authorities must take necessary steps to comply by 2030-08-02. Art. 113(c) separately applies Article 6(1) and corresponding obligations from 2027-08-02.,Art. 99(4),high,"Direct for legal-AI vendors where the system is high-risk under Annex III point 8, including AI used by or for judicial authorities or similarly in ADR.","[""Art. 16(a)"", ""Annex III point 8""]",https://eur-lex.europa.eu/eli/reg/2024/1689/oj/eng#art_9
art-9-2-risk-management-process,9,2,,"[""provider""]",risk-management,high-risk,"The risk management system must be a continuous lifecycle process with systematic review, covering risk identification, estimation, evaluation, post-market risk analysis and targeted measures.","""The risk management system shall be understood as a continuous iterative process planned and run throughout the entire lifecycle of a high-risk AI system, requiring regular systematic review and updating. It shall comprise the following steps:""",2026-08-02,Art. 113 second subparagraph,Art. 111(2): high-risk AI systems placed on the market or put into service before 2026-08-02 are covered only if they are subject to significant design changes from that date; providers and deployers of high-risk AI systems intended for public authorities must take necessary steps to comply by 2030-08-02. Art. 113(c) separately applies Article 6(1) and corresponding obligations from 2027-08-02.,Art. 99(4),high,"Direct for legal-AI vendors where the system is high-risk under Annex III point 8, including AI used by or for judicial authorities or similarly in ADR.","[""Art. 72"", ""Annex III point 8""]",https://eur-lex.europa.eu/eli/reg/2024/1689/oj/eng#art_9
art-9-3-reasonably-mitigable-risks,9,3,,"[""provider""]",risk-management,high-risk,"Article 9 risk management concerns only risks that may reasonably be mitigated or eliminated through system development, design or adequate technical information.","""The risks referred to in this Article shall concern only those which may be reasonably mitigated or eliminated through the development or design of the high-risk AI system, or the provision of adequate technical information.""",2026-08-02,Art. 113 second subparagraph,Art. 111(2): high-risk AI systems placed on the market or put into service before 2026-08-02 are covered only if they are subject to significant design changes from that date; providers and deployers of high-risk AI systems intended for public authorities must take necessary steps to comply by 2030-08-02. Art. 113(c) separately applies Article 6(1) and corresponding obligations from 2027-08-02.,Art. 99(4),medium,Relevant to legal-AI vendors delimiting design-level and information-level mitigations for judicial or legal decision-support risks.,"[""Art. 16(a)""]",https://eur-lex.europa.eu/eli/reg/2024/1689/oj/eng#art_9
art-9-4-combined-requirements-effects,9,4,,"[""provider""]",risk-management,high-risk,Risk management measures must consider the effects and interactions of all Section 2 requirements to minimise risks while balancing implementation of those requirements.,"""The risk management measures referred to in paragraph 2, point (d), shall give due consideration to the effects and possible interaction resulting from the combined application of the requirements set out in this Section, with a view to minimising risks more effectively while achieving an appropriate balance in implementing the measures to fulfil those requirements.""",2026-08-02,Art. 113 second subparagraph,Art. 111(2): high-risk AI systems placed on the market or put into service before 2026-08-02 are covered only if they are subject to significant design changes from that date; providers and deployers of high-risk AI systems intended for public authorities must take necessary steps to comply by 2030-08-02. Art. 113(c) separately applies Article 6(1) and corresponding obligations from 2027-08-02.,Art. 99(4),medium,"Relevant to vendors balancing data governance, oversight, transparency, robustness and cybersecurity in legal-AI systems.","[""Chapter III Section 2""]",https://eur-lex.europa.eu/eli/reg/2024/1689/oj/eng#art_9
art-9-5-residual-risk-measures,9,5,,"[""provider""]",risk-management,high-risk,"Risk management measures must make each residual hazard risk and the overall residual risk acceptable, including design reduction, mitigation controls and required information or training.","""The risk management measures referred to in paragraph 2, point (d), shall be such that the relevant residual risk associated with each hazard, as well as the overall residual risk of the high-risk AI systems is judged to be acceptable.""",2026-08-02,Art. 113 second subparagraph,Art. 111(2): high-risk AI systems placed on the market or put into service before 2026-08-02 are covered only if they are subject to significant design changes from that date; providers and deployers of high-risk AI systems intended for public authorities must take necessary steps to comply by 2030-08-02. Art. 113(c) separately applies Article 6(1) and corresponding obligations from 2027-08-02.,Art. 99(4),high,"Direct for legal-AI vendors where the system is high-risk under Annex III point 8, including AI used by or for judicial authorities or similarly in ADR.","[""Art. 13"", ""Annex III point 8""]",https://eur-lex.europa.eu/eli/reg/2024/1689/oj/eng#art_9
art-9-6-risk-management-testing,9,6,,"[""provider""]",risk-management,high-risk,High-risk AI systems must be tested to identify appropriate targeted risk management measures and to ensure consistent intended-purpose performance and Section 2 compliance.,"""High-risk AI systems shall be tested for the purpose of identifying the most appropriate and targeted risk management measures. Testing shall ensure that high-risk AI systems perform consistently for their intended purpose and that they are in compliance with the requirements set out in this Section.""",2026-08-02,Art. 113 second subparagraph,Art. 111(2): high-risk AI systems placed on the market or put into service before 2026-08-02 are covered only if they are subject to significant design changes from that date; providers and deployers of high-risk AI systems intended for public authorities must take necessary steps to comply by 2030-08-02. Art. 113(c) separately applies Article 6(1) and corresponding obligations from 2027-08-02.,Art. 99(4),high,"Direct for legal-AI vendors where the system is high-risk under Annex III point 8, including AI used by or for judicial authorities or similarly in ADR.","[""Chapter III Section 2""]",https://eur-lex.europa.eu/eli/reg/2024/1689/oj/eng#art_9
art-9-7-real-world-testing-option,9,7,,"[""provider""]",derogation-or-exemption,high-risk,Testing procedures for high-risk AI systems may include testing in real-world conditions in accordance with Article 60.,"""Testing procedures may include testing in real-world conditions in accordance with Article 60.""",2026-08-02,Art. 113 second subparagraph,Art. 111(2): high-risk AI systems placed on the market or put into service before 2026-08-02 are covered only if they are subject to significant design changes from that date; providers and deployers of high-risk AI systems intended for public authorities must take necessary steps to comply by 2030-08-02. Art. 113(c) separately applies Article 6(1) and corresponding obligations from 2027-08-02.,Art. 99(4),medium,"Legal-AI vendors running real-world pilots with courts, clients or legal teams must distinguish this option from ordinary pre-market testing exclusions.","[""Art. 60""]",https://eur-lex.europa.eu/eli/reg/2024/1689/oj/eng#art_9
art-9-8-testing-timing-metrics,9,8,,"[""provider""]",risk-management,high-risk,"Testing of high-risk AI systems must occur as appropriate during development and always before market placement or service, against pre-defined metrics and probabilistic thresholds.","""The testing of high-risk AI systems shall be performed, as appropriate, at any time throughout the development process, and, in any event, prior to their being placed on the market or put into service. Testing shall be carried out against prior defined metrics and probabilistic thresholds that are appropriate to the intended purpose of the high-risk AI system.""",2026-08-02,Art. 113 second subparagraph,Art. 111(2): high-risk AI systems placed on the market or put into service before 2026-08-02 are covered only if they are subject to significant design changes from that date; providers and deployers of high-risk AI systems intended for public authorities must take necessary steps to comply by 2030-08-02. Art. 113(c) separately applies Article 6(1) and corresponding obligations from 2027-08-02.,Art. 99(4),high,"Direct for legal-AI vendors where the system is high-risk under Annex III point 8, including AI used by or for judicial authorities or similarly in ADR.","[""Art. 16(a)""]",https://eur-lex.europa.eu/eli/reg/2024/1689/oj/eng#art_9
art-9-9-minors-vulnerable-groups,9,9,,"[""provider""]",risk-management,high-risk,Providers must consider whether the intended purpose of a high-risk AI system is likely to adversely affect persons under 18 or other vulnerable groups.,"""When implementing the risk management system as provided for in paragraphs 1 to 7, providers shall give consideration to whether in view of its intended purpose the high-risk AI system is likely to have an adverse impact on persons under the age of 18 and, as appropriate, other vulnerable groups.""",2026-08-02,Art. 113 second subparagraph,Art. 111(2): high-risk AI systems placed on the market or put into service before 2026-08-02 are covered only if they are subject to significant design changes from that date; providers and deployers of high-risk AI systems intended for public authorities must take necessary steps to comply by 2030-08-02. Art. 113(c) separately applies Article 6(1) and corresponding obligations from 2027-08-02.,Art. 99(4),medium,"Relevant to legal-AI systems used in family, immigration, education, benefits or criminal contexts involving children or vulnerable people.","[""Annex III""]",https://eur-lex.europa.eu/eli/reg/2024/1689/oj/eng#art_9
art-9-10-risk-process-integration,9,10,,"[""provider""]",risk-management,high-risk,Providers subject to internal risk management requirements under other Union law may integrate Article 9 aspects into those existing risk procedures.,"""For providers of high-risk AI systems that are subject to requirements regarding internal risk management processes under other relevant provisions of Union law, the aspects provided in paragraphs 1 to 9 may be part of, or combined with, the risk management procedures established pursuant to that law.""",2026-08-02,Art. 113 second subparagraph,Art. 111(2): high-risk AI systems placed on the market or put into service before 2026-08-02 are covered only if they are subject to significant design changes from that date; providers and deployers of high-risk AI systems intended for public authorities must take necessary steps to comply by 2030-08-02. Art. 113(c) separately applies Article 6(1) and corresponding obligations from 2027-08-02.,Art. 99(4),low,Useful for regulated legal-AI providers in financial or sectoral environments; less direct for ordinary legal deployers.,"[""Art. 16(a)""]",https://eur-lex.europa.eu/eli/reg/2024/1689/oj/eng#art_9
art-10-1-data-quality-criteria,10,1,,"[""provider""]",data-governance,high-risk,"High-risk AI systems using model-training techniques must be developed using training, validation and testing datasets that meet Article 10 quality criteria whenever those datasets are used.","""High-risk AI systems which make use of techniques involving the training of AI models with data shall be developed on the basis of training, validation and testing data sets that meet the quality criteria referred to in paragraphs 2 to 5 whenever such data sets are used.""",2026-08-02,Art. 113 second subparagraph,Art. 111(2): high-risk AI systems placed on the market or put into service before 2026-08-02 are covered only if they are subject to significant design changes from that date; providers and deployers of high-risk AI systems intended for public authorities must take necessary steps to comply by 2030-08-02. Art. 113(c) separately applies Article 6(1) and corresponding obligations from 2027-08-02.,Art. 99(4),high,"Direct for legal-AI vendors where the system is high-risk under Annex III point 8, including AI used by or for judicial authorities or similarly in ADR.","[""Art. 16(a)"", ""Annex III point 8""]",https://eur-lex.europa.eu/eli/reg/2024/1689/oj/eng#art_10
art-10-2-data-governance-practices,10,2,,"[""provider""]",data-governance,high-risk,"Training, validation and testing datasets must be subject to governance and management practices appropriate to the intended purpose of the high-risk AI system.","""Training, validation and testing data sets shall be subject to data governance and management practices appropriate for the intended purpose of the high-risk AI system. Those practices shall concern in particular:""",2026-08-02,Art. 113 second subparagraph,Art. 111(2): high-risk AI systems placed on the market or put into service before 2026-08-02 are covered only if they are subject to significant design changes from that date; providers and deployers of high-risk AI systems intended for public authorities must take necessary steps to comply by 2030-08-02. Art. 113(c) separately applies Article 6(1) and corresponding obligations from 2027-08-02.,Art. 99(4),high,"Critical for legal-AI vendors using case law, court filings, client data or legal knowledge bases in high-risk systems.","[""Art. 16(a)"", ""Annex III point 8""]",https://eur-lex.europa.eu/eli/reg/2024/1689/oj/eng#art_10
art-10-2-a-e-data-lifecycle,10,2,a-e,"[""provider""]",data-governance,high-risk,"Dataset governance must cover design choices, data collection and origin, data-preparation processing, assumptions about what data represent, and dataset availability, quantity and suitability.","""data collection processes and the origin of data, and in the case of personal data, the original purpose of the data collection;""",2026-08-02,Art. 113 second subparagraph,Art. 111(2): high-risk AI systems placed on the market or put into service before 2026-08-02 are covered only if they are subject to significant design changes from that date; providers and deployers of high-risk AI systems intended for public authorities must take necessary steps to comply by 2030-08-02. Art. 113(c) separately applies Article 6(1) and corresponding obligations from 2027-08-02.,Art. 99(4),high,"Important where legal datasets originate from courts, clients, vendors or public sources and may not represent the intended legal context.","[""Art. 10(2)(a)-(e)""]",https://eur-lex.europa.eu/eli/reg/2024/1689/oj/eng#art_10
art-10-2-f-bias-examination,10,2,f,"[""provider""]",data-governance,high-risk,"Providers must examine datasets for biases likely to affect health and safety, negatively affect fundamental rights or lead to discrimination prohibited under Union law.","""examination in view of possible biases that are likely to affect the health and safety of persons, have a negative impact on fundamental rights or lead to discrimination prohibited under Union law, especially where data outputs influence inputs for future operations;""",2026-08-02,Art. 113 second subparagraph,Art. 111(2): high-risk AI systems placed on the market or put into service before 2026-08-02 are covered only if they are subject to significant design changes from that date; providers and deployers of high-risk AI systems intended for public authorities must take necessary steps to comply by 2030-08-02. Art. 113(c) separately applies Article 6(1) and corresponding obligations from 2027-08-02.,Art. 99(4),high,"Highly relevant to legal and judicial AI because biased training or testing data can affect litigants, clients, workers or protected groups.","[""Art. 16(a)"", ""Annex III point 8""]",https://eur-lex.europa.eu/eli/reg/2024/1689/oj/eng#art_10
art-10-2-g-bias-mitigation,10,2,g,"[""provider""]",data-governance,high-risk,"Providers must take appropriate measures to detect, prevent and mitigate possible biases identified under Article 10(2)(f).","""appropriate measures to detect, prevent and mitigate possible biases identified according to point (f);""",2026-08-02,Art. 113 second subparagraph,Art. 111(2): high-risk AI systems placed on the market or put into service before 2026-08-02 are covered only if they are subject to significant design changes from that date; providers and deployers of high-risk AI systems intended for public authorities must take necessary steps to comply by 2030-08-02. Art. 113(c) separately applies Article 6(1) and corresponding obligations from 2027-08-02.,Art. 99(4),high,Direct for vendors of high-risk legal or court systems where bias could impair equal treatment or access to justice.,"[""Art. 10(2)(f)"", ""Annex III point 8""]",https://eur-lex.europa.eu/eli/reg/2024/1689/oj/eng#art_10
art-10-2-h-data-gaps,10,2,h,"[""provider""]",data-governance,high-risk,Dataset governance must identify relevant data gaps or shortcomings that prevent compliance and identify how those gaps and shortcomings can be addressed.,"""the identification of relevant data gaps or shortcomings that prevent compliance with this Regulation, and how those gaps and shortcomings can be addressed.""",2026-08-02,Art. 113 second subparagraph,Art. 111(2): high-risk AI systems placed on the market or put into service before 2026-08-02 are covered only if they are subject to significant design changes from that date; providers and deployers of high-risk AI systems intended for public authorities must take necessary steps to comply by 2030-08-02. Art. 113(c) separately applies Article 6(1) and corresponding obligations from 2027-08-02.,Art. 99(4),high,"Relevant when legal-AI datasets omit jurisdictions, languages, claim types, protected groups or procedural contexts.","[""Art. 16(a)"", ""Annex III point 8""]",https://eur-lex.europa.eu/eli/reg/2024/1689/oj/eng#art_10
art-10-3-dataset-quality,10,3,,"[""provider""]",data-governance,high-risk,"Training, validation and testing datasets must be relevant, sufficiently representative, as error-free and complete as possible, and have appropriate statistical properties for the intended purpose.","""Training, validation and testing data sets shall be relevant, sufficiently representative, and to the best extent possible, free of errors and complete in view of the intended purpose. They shall have the appropriate statistical properties, including, where applicable, as regards the persons or groups of persons in relation to whom the high-risk AI system is intended to be used. Those characteristics of the data""",2026-08-02,Art. 113 second subparagraph,Art. 111(2): high-risk AI systems placed on the market or put into service before 2026-08-02 are covered only if they are subject to significant design changes from that date; providers and deployers of high-risk AI systems intended for public authorities must take necessary steps to comply by 2030-08-02. Art. 113(c) separately applies Article 6(1) and corresponding obligations from 2027-08-02.,Art. 99(4),high,Direct for legal-AI vendors because incomplete or unrepresentative legal datasets can affect case outcomes or rights.,"[""Art. 16(a)"", ""Annex III point 8""]",https://eur-lex.europa.eu/eli/reg/2024/1689/oj/eng#art_10
art-10-4-contextual-characteristics,10,4,,"[""provider""]",data-governance,high-risk,"Datasets must account for geographical, contextual, behavioural or functional characteristics required by the intended purpose and specific setting of use.","""Data sets shall take into account, to the extent required by the intended purpose, the characteristics or elements that are particular to the specific geographical, contextual, behavioural or functional setting within which the high-risk AI system is intended to be used.""",2026-08-02,Art. 113 second subparagraph,Art. 111(2): high-risk AI systems placed on the market or put into service before 2026-08-02 are covered only if they are subject to significant design changes from that date; providers and deployers of high-risk AI systems intended for public authorities must take necessary steps to comply by 2030-08-02. Art. 113(c) separately applies Article 6(1) and corresponding obligations from 2027-08-02.,Art. 99(4),high,"Legal AI may need jurisdiction, language, court, practice-area and procedural context reflected in its datasets.","[""Art. 16(a)"", ""Annex III point 8""]",https://eur-lex.europa.eu/eli/reg/2024/1689/oj/eng#art_10
art-10-5-special-category-safeguards,10,5,,"[""provider""]",data-governance,high-risk,Providers may exceptionally process special-category personal data for bias detection and correction only where strictly necessary and all Article 10(5) safeguards and conditions are met.,"""To the extent that it is strictly necessary for the purpose of ensuring bias detection and correction in relation to the high-risk AI systems in accordance with paragraph (2), points (f) and (g) of this Article, the providers of such systems may exceptionally process special categories of personal data, subject to appropriate safeguards for the fundamental rights and freedoms of natural persons. In addition to the""",2026-08-02,Art. 113 second subparagraph,Art. 111(2): high-risk AI systems placed on the market or put into service before 2026-08-02 are covered only if they are subject to significant design changes from that date; providers and deployers of high-risk AI systems intended for public authorities must take necessary steps to comply by 2030-08-02. Art. 113(c) separately applies Article 6(1) and corresponding obligations from 2027-08-02.,Art. 99(4),high,"Legal AI may process sensitive client, litigant, employee or criminal-case data; this row marks the narrow bias-correction permission.","[""Regulation (EU) 2016/679"", ""Directive (EU) 2016/680"", ""Annex III point 8""]",https://eur-lex.europa.eu/eli/reg/2024/1689/oj/eng#art_10
art-10-6-non-training-testing-data,10,6,,"[""provider""]",data-governance,high-risk,"For high-risk AI systems not using model-training techniques, Article 10(2) to (5) apply only to testing datasets.","""For the development of high-risk AI systems not using techniques involving the training of AI models, paragraphs 2 to 5 apply only to the testing data sets.""",2026-08-02,Art. 113 second subparagraph,Art. 111(2): high-risk AI systems placed on the market or put into service before 2026-08-02 are covered only if they are subject to significant design changes from that date; providers and deployers of high-risk AI systems intended for public authorities must take necessary steps to comply by 2030-08-02. Art. 113(c) separately applies Article 6(1) and corresponding obligations from 2027-08-02.,Art. 99(4),medium,Relevant to rules-based or retrieval-based legal AI that still requires appropriate testing datasets if classified high-risk.,"[""Art. 10(2)-(5)""]",https://eur-lex.europa.eu/eli/reg/2024/1689/oj/eng#art_10
art-11-1-technical-documentation,11,1,,"[""provider""]",documentation,high-risk,Providers must draw up technical documentation before placing a high-risk AI system on the market or putting it into service and must keep it up to date.,"""The technical documentation of a high-risk AI system shall be drawn up before that system is placed on the market or put into service and shall be kept up-to date.""",2026-08-02,Art. 113 second subparagraph,Art. 111(2): high-risk AI systems placed on the market or put into service before 2026-08-02 are covered only if they are subject to significant design changes from that date; providers and deployers of high-risk AI systems intended for public authorities must take necessary steps to comply by 2030-08-02. Art. 113(c) separately applies Article 6(1) and corresponding obligations from 2027-08-02.,Art. 99(4),high,"Direct for legal-AI vendors where the system is high-risk under Annex III point 8, including AI used by or for judicial authorities or similarly in ADR.","[""Annex IV"", ""Art. 16(a)"", ""Annex III point 8""]",https://eur-lex.europa.eu/eli/reg/2024/1689/oj/eng#art_11
art-11-1-annex4,11,1,Annex IV,"[""provider""]",documentation,high-risk,"Annex IV specifies the minimum technical documentation contents required for high-risk AI systems under Article 11, including system description, development process, performance, risk management and post-market monitoring.","""The technical documentation referred to in Article 11(1) shall contain at least the following information, as applicable to the relevant AI system""",2026-08-02,Art. 113 second subparagraph,,,high,High-risk legal-AI vendors must prepare technical documentation using these categories.,"[""Art. 11(1)"", ""Art. 72(3)""]",https://eur-lex.europa.eu/eli/reg/2024/1689/oj/eng#anx_IV
art-11-1-documentation-demonstrates-compliance,11,1,compliance,"[""provider""]",documentation,high-risk,"Technical documentation must demonstrate compliance with Section 2 requirements and give authorities and notified bodies clear, comprehensive information to assess compliance.","""The technical documentation shall be drawn up in such a way as to demonstrate that the high-risk AI system complies with the requirements set out in this Section and to provide national competent authorities and notified bodies with the necessary information in a clear and comprehensive form to assess the compliance of the AI system with those requirements. It shall contain, at a minimum, the elements set out in""",2026-08-02,Art. 113 second subparagraph,Art. 111(2): high-risk AI systems placed on the market or put into service before 2026-08-02 are covered only if they are subject to significant design changes from that date; providers and deployers of high-risk AI systems intended for public authorities must take necessary steps to comply by 2030-08-02. Art. 113(c) separately applies Article 6(1) and corresponding obligations from 2027-08-02.,Art. 99(4),high,"Direct for legal-AI vendors where the system is high-risk under Annex III point 8, including AI used by or for judicial authorities or similarly in ADR.","[""Annex IV"", ""Chapter III Section 2""]",https://eur-lex.europa.eu/eli/reg/2024/1689/oj/eng#art_11
art-11-2-single-technical-file,11,2,,"[""provider"", ""product-manufacturer""]",documentation,high-risk,"For high-risk AI systems related to Annex I Section A products, a single technical documentation set must include Article 11 information and information required under those product laws.","""Where a high-risk AI system related to a product covered by the Union harmonisation legislation listed in Section A of Annex I is placed on the market or put into service, a single set of technical documentation shall be drawn up containing all the information set out in paragraph 1, as well as the information required under those legal acts.""",2026-08-02,Art. 113 second subparagraph,Art. 111(2): high-risk AI systems placed on the market or put into service before 2026-08-02 are covered only if they are subject to significant design changes from that date; providers and deployers of high-risk AI systems intended for public authorities must take necessary steps to comply by 2030-08-02. Art. 113(c) separately applies Article 6(1) and corresponding obligations from 2027-08-02.,Art. 99(4),low,Mostly relevant to regulated product contexts rather than ordinary legal-AI deployments.,"[""Annex I Section A"", ""Annex IV""]",https://eur-lex.europa.eu/eli/reg/2024/1689/oj/eng#art_11
art-11-3-annex-iv-delegated-acts,11,3,,"[""commission""]",delegated-or-implementing-act,high-risk,The Commission may amend Annex IV by delegated act where technical progress makes changes necessary for compliance assessment information.,"""The Commission is empowered to adopt delegated acts in accordance with Article 97 in order to amend Annex IV, where necessary, to ensure that, in light of technical progress, the technical documentation provides all the information necessary to assess the compliance of the system with the requirements set out in this Section.""",2026-08-02,Art. 113 second subparagraph,Art. 111(2): high-risk AI systems placed on the market or put into service before 2026-08-02 are covered only if they are subject to significant design changes from that date; providers and deployers of high-risk AI systems intended for public authorities must take necessary steps to comply by 2030-08-02. Art. 113(c) separately applies Article 6(1) and corresponding obligations from 2027-08-02.,,low,Primarily institutional or governance machinery; legal practices are affected only indirectly.,"[""Annex IV"", ""Art. 97""]",https://eur-lex.europa.eu/eli/reg/2024/1689/oj/eng#art_11
art-12-1-automatic-logs,12,1,,"[""provider""]",record-keeping,high-risk,High-risk AI systems must technically allow automatic recording of events over the lifetime of the system.,"""High-risk AI systems shall technically allow for the automatic recording of events (logs) over the lifetime of the system.""",2026-08-02,Art. 113 second subparagraph,Art. 111(2): high-risk AI systems placed on the market or put into service before 2026-08-02 are covered only if they are subject to significant design changes from that date; providers and deployers of high-risk AI systems intended for public authorities must take necessary steps to comply by 2030-08-02. Art. 113(c) separately applies Article 6(1) and corresponding obligations from 2027-08-02.,Art. 99(4),high,"Important for legal-AI vendors and deployers because logs support traceability, audits, complaints and incident analysis.","[""Art. 16(a)"", ""Art. 26(6)"", ""Annex III point 8""]",https://eur-lex.europa.eu/eli/reg/2024/1689/oj/eng#art_12
art-12-2-logging-events,12,2,,"[""provider""]",record-keeping,high-risk,"Logging capabilities must enable recording of events relevant to risk or substantial modification, post-market monitoring and deployer monitoring under Article 26(5).","""In order to ensure a level of traceability of the functioning of a high-risk AI system that is appropriate to the intended purpose of the system, logging capabilities shall enable the recording of events relevant for:""",2026-08-02,Art. 113 second subparagraph,Art. 111(2): high-risk AI systems placed on the market or put into service before 2026-08-02 are covered only if they are subject to significant design changes from that date; providers and deployers of high-risk AI systems intended for public authorities must take necessary steps to comply by 2030-08-02. Art. 113(c) separately applies Article 6(1) and corresponding obligations from 2027-08-02.,Art. 99(4),high,Logs are central for law firms or courts to monitor high-risk legal AI and for vendors to support post-market obligations.,"[""Art. 26(5)"", ""Art. 72"", ""Art. 79(1)""]",https://eur-lex.europa.eu/eli/reg/2024/1689/oj/eng#art_12
art-12-3-biometric-minimum-logs,12,3,,"[""provider""]",record-keeping,high-risk,"For Annex III point 1(a) high-risk biometric systems, logs must at least record use periods, reference databases, matched input data and persons verifying results.","""For high-risk AI systems referred to in point 1 (a), of Annex III, the logging capabilities shall provide, at a minimum:""",2026-08-02,Art. 113 second subparagraph,Art. 111(2): high-risk AI systems placed on the market or put into service before 2026-08-02 are covered only if they are subject to significant design changes from that date; providers and deployers of high-risk AI systems intended for public authorities must take necessary steps to comply by 2030-08-02. Art. 113(c) separately applies Article 6(1) and corresponding obligations from 2027-08-02.,Art. 99(4),medium,"Relevant to court or public-authority review of biometric identification systems, less direct to ordinary law-firm legal AI.","[""Annex III point 1(a)"", ""Art. 14(5)""]",https://eur-lex.europa.eu/eli/reg/2024/1689/oj/eng#art_12
art-13-1-transparent-operation,13,1,,"[""provider""]",transparency,high-risk,High-risk AI systems must be designed and developed so their operation is sufficiently transparent for deployers to interpret outputs and use the system appropriately.,"""High-risk AI systems shall be designed and developed in such a way as to ensure that their operation is sufficiently transparent to enable deployers to interpret a system’s output and use it appropriately. An appropriate type and degree of transparency shall be ensured with a view to achieving compliance with the relevant obligations of the provider and deployer set out in Section 3.""",2026-08-02,Art. 113 second subparagraph,Art. 111(2): high-risk AI systems placed on the market or put into service before 2026-08-02 are covered only if they are subject to significant design changes from that date; providers and deployers of high-risk AI systems intended for public authorities must take necessary steps to comply by 2030-08-02. Art. 113(c) separately applies Article 6(1) and corresponding obligations from 2027-08-02.,Art. 99(4),high,Direct for legal-AI vendors and deployers because legal outputs must be interpretable enough for responsible professional use.,"[""Art. 16(a)"", ""Art. 26"", ""Annex III point 8""]",https://eur-lex.europa.eu/eli/reg/2024/1689/oj/eng#art_13
art-13-2-instructions-for-use,13,2,,"[""provider""]",transparency,high-risk,"High-risk AI systems must be accompanied by instructions for use in a suitable format with concise, complete, correct, clear, relevant, accessible and comprehensible information for deployers.","""High-risk AI systems shall be accompanied by instructions for use in an appropriate digital format or otherwise that include concise, complete, correct and clear information that is relevant, accessible and comprehensible to deployers.""",2026-08-02,Art. 113 second subparagraph,Art. 111(2): high-risk AI systems placed on the market or put into service before 2026-08-02 are covered only if they are subject to significant design changes from that date; providers and deployers of high-risk AI systems intended for public authorities must take necessary steps to comply by 2030-08-02. Art. 113(c) separately applies Article 6(1) and corresponding obligations from 2027-08-02.,Art. 99(4),high,Legal-AI vendors must provide usable instructions that legal deployers can rely on for compliant operation and oversight.,"[""Art. 3(15)"", ""Art. 26""]",https://eur-lex.europa.eu/eli/reg/2024/1689/oj/eng#art_13
art-13-3-a-provider-identity,13,3,a,"[""provider""]",transparency,high-risk,"Instructions for use must state the provider’s identity and contact details and, where applicable, those of its authorised representative.","""the identity and the contact details of the provider and, where applicable, of its authorised representative;""",2026-08-02,Art. 113 second subparagraph,Art. 111(2): high-risk AI systems placed on the market or put into service before 2026-08-02 are covered only if they are subject to significant design changes from that date; providers and deployers of high-risk AI systems intended for public authorities must take necessary steps to comply by 2030-08-02. Art. 113(c) separately applies Article 6(1) and corresponding obligations from 2027-08-02.,Art. 99(4),medium,Helps legal deployers and courts identify responsible vendors and representatives for compliance or incident escalation.,"[""Art. 22""]",https://eur-lex.europa.eu/eli/reg/2024/1689/oj/eng#art_13
art-13-3-b-performance-limitations,13,3,b,"[""provider""]",transparency,high-risk,"Instructions must describe intended purpose, accuracy, robustness, cybersecurity, foreseeable risk circumstances, explainability capabilities, group performance, data specifications and output interpretation information.","""the characteristics, capabilities and limitations of performance of the high-risk AI system, including: (i) its intended purpose; (ii) the level of accuracy, including its metrics, robustness and cybersecurity referred to in Article 15 against which the high-risk AI system has been tested and validated and which can be expected, and any known and foreseeable circumstances that may have an impact on that expected""",2026-08-02,Art. 113 second subparagraph,Art. 111(2): high-risk AI systems placed on the market or put into service before 2026-08-02 are covered only if they are subject to significant design changes from that date; providers and deployers of high-risk AI systems intended for public authorities must take necessary steps to comply by 2030-08-02. Art. 113(c) separately applies Article 6(1) and corresponding obligations from 2027-08-02.,Art. 99(4),high,"Critical for legal users assessing reliability, limitations and fairness of high-risk legal or judicial AI outputs.","[""Art. 15"", ""Art. 9(2)"", ""Annex III point 8""]",https://eur-lex.europa.eu/eli/reg/2024/1689/oj/eng#art_13
art-13-3-c-predetermined-changes,13,3,c,"[""provider""]",transparency,high-risk,Instructions must identify any pre-determined changes to the high-risk AI system and its performance set by the provider at initial conformity assessment.,"""the changes to the high-risk AI system and its performance which have been pre-determined by the provider at the moment of the initial conformity assessment, if any;""",2026-08-02,Art. 113 second subparagraph,Art. 111(2): high-risk AI systems placed on the market or put into service before 2026-08-02 are covered only if they are subject to significant design changes from that date; providers and deployers of high-risk AI systems intended for public authorities must take necessary steps to comply by 2030-08-02. Art. 113(c) separately applies Article 6(1) and corresponding obligations from 2027-08-02.,Art. 99(4),medium,Relevant for legal deployers tracking updates that may affect validated legal or judicial AI performance.,"[""Art. 43""]",https://eur-lex.europa.eu/eli/reg/2024/1689/oj/eng#art_13
art-13-3-d-human-oversight,13,3,d,"[""provider""]",human-oversight,high-risk,"Instructions must describe Article 14 human oversight measures, including technical measures that help deployers interpret high-risk AI outputs.","""the human oversight measures referred to in Article 14, including the technical measures put in place to facilitate the interpretation of the outputs of the high-risk AI systems by the deployers;""",2026-08-02,Art. 113 second subparagraph,Art. 111(2): high-risk AI systems placed on the market or put into service before 2026-08-02 are covered only if they are subject to significant design changes from that date; providers and deployers of high-risk AI systems intended for public authorities must take necessary steps to comply by 2030-08-02. Art. 113(c) separately applies Article 6(1) and corresponding obligations from 2027-08-02.,Art. 99(4),high,Direct for law firms and courts assigning human review of high-risk AI outputs in legal workflows.,"[""Art. 14"", ""Art. 26(2)"", ""Annex III point 8""]",https://eur-lex.europa.eu/eli/reg/2024/1689/oj/eng#art_13
art-13-3-e-f-resources-logs,13,3,e-f,"[""provider""]",transparency,high-risk,"Instructions must cover needed computational and hardware resources, expected lifetime, maintenance and care, and mechanisms for deployers to collect, store and interpret logs where relevant.","""the computational and hardware resources needed, the expected lifetime of the high-risk AI system and any necessary maintenance and care measures, including their frequency, to ensure the proper functioning of that AI system, including as regards software updates;""",2026-08-02,Art. 113 second subparagraph,Art. 111(2): high-risk AI systems placed on the market or put into service before 2026-08-02 are covered only if they are subject to significant design changes from that date; providers and deployers of high-risk AI systems intended for public authorities must take necessary steps to comply by 2030-08-02. Art. 113(c) separately applies Article 6(1) and corresponding obligations from 2027-08-02.,Art. 99(4),high,"Important for legal deployers planning secure operation, maintenance, audit trails and log retention for high-risk AI systems.","[""Art. 12"", ""Art. 26(6)""]",https://eur-lex.europa.eu/eli/reg/2024/1689/oj/eng#art_13
art-14-1-human-oversight-design,14,1,,"[""provider""]",human-oversight,high-risk,High-risk AI systems must be designed and developed with appropriate human-machine interface tools so natural persons can effectively oversee them while in use.,"""High-risk AI systems shall be designed and developed in such a way, including with appropriate human-machine interface tools, that they can be effectively overseen by natural persons during the period in which they are in use.""",2026-08-02,Art. 113 second subparagraph,Art. 111(2): high-risk AI systems placed on the market or put into service before 2026-08-02 are covered only if they are subject to significant design changes from that date; providers and deployers of high-risk AI systems intended for public authorities must take necessary steps to comply by 2030-08-02. Art. 113(c) separately applies Article 6(1) and corresponding obligations from 2027-08-02.,Art. 99(4),high,"Direct for legal-AI vendors because lawyers, judges or trained staff must be able to oversee high-risk legal AI.","[""Art. 16(a)"", ""Art. 26(2)"", ""Annex III point 8""]",https://eur-lex.europa.eu/eli/reg/2024/1689/oj/eng#art_14
art-14-2-human-oversight-aim,14,2,,"[""provider""]",human-oversight,high-risk,"Human oversight must aim to prevent or minimise health, safety or fundamental-rights risks arising from intended use or foreseeable misuse, including residual risks.","""Human oversight shall aim to prevent or minimise the risks to health, safety or fundamental rights that may emerge when a high-risk AI system is used in accordance with its intended purpose or under conditions of reasonably foreseeable misuse, in particular where such risks persist despite the application of other requirements set out in this Section.""",2026-08-02,Art. 113 second subparagraph,Art. 111(2): high-risk AI systems placed on the market or put into service before 2026-08-02 are covered only if they are subject to significant design changes from that date; providers and deployers of high-risk AI systems intended for public authorities must take necessary steps to comply by 2030-08-02. Art. 113(c) separately applies Article 6(1) and corresponding obligations from 2027-08-02.,Art. 99(4),high,"Legal AI can affect fundamental rights, access to justice and fair process, so oversight must address those risks.","[""Art. 9"", ""Annex III point 8""]",https://eur-lex.europa.eu/eli/reg/2024/1689/oj/eng#art_14
art-14-3-oversight-measures,14,3,,"[""provider""]",human-oversight,high-risk,"Oversight measures must be commensurate with risk, autonomy and context of use and be built into the system where feasible or identified for deployer implementation.","""The oversight measures shall be commensurate with the risks, level of autonomy and context of use of the high-risk AI system, and shall be ensured through either one or both of the following types of measures:""",2026-08-02,Art. 113 second subparagraph,Art. 111(2): high-risk AI systems placed on the market or put into service before 2026-08-02 are covered only if they are subject to significant design changes from that date; providers and deployers of high-risk AI systems intended for public authorities must take necessary steps to comply by 2030-08-02. Art. 113(c) separately applies Article 6(1) and corresponding obligations from 2027-08-02.,Art. 99(4),high,Vendors must design or specify oversight suitable for legal workflows and court contexts where professional judgment remains necessary.,"[""Art. 26(2)"", ""Annex III point 8""]",https://eur-lex.europa.eu/eli/reg/2024/1689/oj/eng#art_14
art-14-4-overseer-capabilities,14,4,,"[""provider"", ""deployer""]",human-oversight,high-risk,"The system must be provided so assigned overseers can understand capacities and limits, monitor operation, account for automation bias, interpret outputs, override decisions and interrupt operation safely.","""For the purpose of implementing paragraphs 1, 2 and 3, the high-risk AI system shall be provided to the deployer in such a way that natural persons to whom human oversight is assigned are enabled, as appropriate and proportionate:""",2026-08-02,Art. 113 second subparagraph,Art. 111(2): high-risk AI systems placed on the market or put into service before 2026-08-02 are covered only if they are subject to significant design changes from that date; providers and deployers of high-risk AI systems intended for public authorities must take necessary steps to comply by 2030-08-02. Art. 113(c) separately applies Article 6(1) and corresponding obligations from 2027-08-02.,Art. 99(4),high,"Core to law firms and courts relying on trained humans to review, override or stop high-risk legal AI outputs.","[""Art. 26(2)"", ""Annex III point 8""]",https://eur-lex.europa.eu/eli/reg/2024/1689/oj/eng#art_14
art-14-4-automation-bias-override,14,4,b-d,"[""provider"", ""deployer""]",human-oversight,high-risk,"Oversight must enable awareness of automation bias, correct interpretation of outputs, and the ability to disregard, override or reverse high-risk AI outputs in particular situations.","""to remain aware of the possible tendency of automatically relying or over-relying on the output produced by a high-risk AI system (automation bias), in particular for high-risk AI systems used to provide information or recommendations for decisions to be taken by natural persons;""",2026-08-02,Art. 113 second subparagraph,Art. 111(2): high-risk AI systems placed on the market or put into service before 2026-08-02 are covered only if they are subject to significant design changes from that date; providers and deployers of high-risk AI systems intended for public authorities must take necessary steps to comply by 2030-08-02. Art. 113(c) separately applies Article 6(1) and corresponding obligations from 2027-08-02.,Art. 99(4),high,"Especially important for lawyers, judges and staff who may over-rely on AI recommendations in legal decisions.","[""Art. 14(4)(b)-(d)"", ""Annex III point 8""]",https://eur-lex.europa.eu/eli/reg/2024/1689/oj/eng#art_14
art-14-5-biometric-two-person-verification,14,5,,"[""deployer"", ""public-authority-deployer""]",human-oversight,high-risk,"For Annex III point 1(a) biometric systems, deployers may not take action or decisions on identification unless at least two competent, trained and authorised natural persons verify and confirm it, subject to the stated exception.","""For high-risk AI systems referred to in point 1(a) of Annex III, the measures referred to in paragraph 3 of this Article shall be such as to ensure that, in addition, no action or decision is taken by the deployer on the basis of the identification resulting from the system unless that identification has been separately verified and confirmed by at least two natural persons with the necessary competence, training""",2026-08-02,Art. 113 second subparagraph,Art. 111(2): high-risk AI systems placed on the market or put into service before 2026-08-02 are covered only if they are subject to significant design changes from that date; providers and deployers of high-risk AI systems intended for public authorities must take necessary steps to comply by 2030-08-02. Art. 113(c) separately applies Article 6(1) and corresponding obligations from 2027-08-02.,Art. 99(4),medium,Relevant to public-authority and court oversight of biometric identification evidence or law-enforcement uses.,"[""Annex III point 1(a)"", ""Art. 12(3)""]",https://eur-lex.europa.eu/eli/reg/2024/1689/oj/eng#art_14
art-15-1-accuracy-robustness-cybersecurity,15,1,,"[""provider""]",requirement,high-risk,"High-risk AI systems must be designed and developed to achieve appropriate accuracy, robustness and cybersecurity and perform consistently in those respects throughout their lifecycle.","""High-risk AI systems shall be designed and developed in such a way that they achieve an appropriate level of accuracy, robustness, and cybersecurity, and that they perform consistently in those respects throughout their lifecycle.""",2026-08-02,Art. 113 second subparagraph,Art. 111(2): high-risk AI systems placed on the market or put into service before 2026-08-02 are covered only if they are subject to significant design changes from that date; providers and deployers of high-risk AI systems intended for public authorities must take necessary steps to comply by 2030-08-02. Art. 113(c) separately applies Article 6(1) and corresponding obligations from 2027-08-02.,Art. 99(4),high,"Direct for legal-AI vendors because unreliable or insecure high-risk legal outputs can affect rights, proceedings and client interests.","[""Art. 16(a)"", ""Annex III point 8""]",https://eur-lex.europa.eu/eli/reg/2024/1689/oj/eng#art_15
art-15-2-benchmarks-methodologies,15,2,,"[""commission""]",support-measure,high-risk,"The Commission must encourage development of benchmarks and measurement methodologies for accuracy, robustness and other relevant performance metrics in cooperation with relevant stakeholders.","""To address the technical aspects of how to measure the appropriate levels of accuracy and robustness set out in paragraph 1 and any other relevant performance metrics, the Commission shall, in cooperation with relevant stakeholders and organisations such as metrology and benchmarking authorities, encourage, as appropriate, the development of benchmarks and measurement methodologies.""",2026-08-02,Art. 113 second subparagraph,Art. 111(2): high-risk AI systems placed on the market or put into service before 2026-08-02 are covered only if they are subject to significant design changes from that date; providers and deployers of high-risk AI systems intended for public authorities must take necessary steps to comply by 2030-08-02. Art. 113(c) separately applies Article 6(1) and corresponding obligations from 2027-08-02.,,medium,"Benchmarks may shape evaluation of legal-AI systems, especially where accuracy claims affect professional or judicial reliance.","[""Art. 15(1)""]",https://eur-lex.europa.eu/eli/reg/2024/1689/oj/eng#art_15
art-15-3-accuracy-metrics-instructions,15,3,,"[""provider""]",transparency,high-risk,The levels of accuracy and relevant accuracy metrics for high-risk AI systems must be declared in the accompanying instructions for use.,"""The levels of accuracy and the relevant accuracy metrics of high-risk AI systems shall be declared in the accompanying instructions of use.""",2026-08-02,Art. 113 second subparagraph,Art. 111(2): high-risk AI systems placed on the market or put into service before 2026-08-02 are covered only if they are subject to significant design changes from that date; providers and deployers of high-risk AI systems intended for public authorities must take necessary steps to comply by 2030-08-02. Art. 113(c) separately applies Article 6(1) and corresponding obligations from 2027-08-02.,Art. 99(4),high,"Legal deployers need accuracy metrics to decide how to use, supervise and verify high-risk legal AI outputs.","[""Art. 13"", ""Annex III point 8""]",https://eur-lex.europa.eu/eli/reg/2024/1689/oj/eng#art_15
art-15-4-resilience-errors-faults,15,4,,"[""provider""]",requirement,high-risk,"High-risk AI systems must be as resilient as possible against errors, faults or inconsistencies in the system or operating environment, using technical and organisational measures.","""High-risk AI systems shall be as resilient as possible regarding errors, faults or inconsistencies that may occur within the system or the environment in which the system operates, in particular due to their interaction with natural persons or other systems. Technical and organisational measures shall be taken in this regard.""",2026-08-02,Art. 113 second subparagraph,Art. 111(2): high-risk AI systems placed on the market or put into service before 2026-08-02 are covered only if they are subject to significant design changes from that date; providers and deployers of high-risk AI systems intended for public authorities must take necessary steps to comply by 2030-08-02. Art. 113(c) separately applies Article 6(1) and corresponding obligations from 2027-08-02.,Art. 99(4),high,"Relevant to legal-AI vendors because inconsistent outputs, integrations or user interactions can affect legal work and rights.","[""Art. 16(a)"", ""Annex III point 8""]",https://eur-lex.europa.eu/eli/reg/2024/1689/oj/eng#art_15
art-15-4-feedback-loops,15,4,feedback-loops,"[""provider""]",requirement,high-risk,High-risk AI systems that continue learning after market placement or service must reduce biased-output feedback-loop risks and address such loops with appropriate mitigation measures.,"""The robustness of high-risk AI systems may be achieved through technical redundancy solutions, which may include backup or fail-safe plans. High-risk AI systems that continue to learn after being placed on the market or put into service shall be developed in such a way as to eliminate or reduce as far as possible the risk of possibly biased outputs influencing input for future operations (feedback loops), and as""",2026-08-02,Art. 113 second subparagraph,Art. 111(2): high-risk AI systems placed on the market or put into service before 2026-08-02 are covered only if they are subject to significant design changes from that date; providers and deployers of high-risk AI systems intended for public authorities must take necessary steps to comply by 2030-08-02. Art. 113(c) separately applies Article 6(1) and corresponding obligations from 2027-08-02.,Art. 99(4),high,"Important for legal-AI systems that learn from lawyer, judge, client or case interactions over time.","[""Art. 10"", ""Annex III point 8""]",https://eur-lex.europa.eu/eli/reg/2024/1689/oj/eng#art_15
art-15-5-cybersecurity-resilience,15,5,,"[""provider""]",requirement,high-risk,"High-risk AI systems must be resilient against unauthorised attempts to alter their use, outputs or performance by exploiting vulnerabilities.","""High-risk AI systems shall be resilient against attempts by unauthorised third parties to alter their use, outputs or performance by exploiting system vulnerabilities.""",2026-08-02,Art. 113 second subparagraph,Art. 111(2): high-risk AI systems placed on the market or put into service before 2026-08-02 are covered only if they are subject to significant design changes from that date; providers and deployers of high-risk AI systems intended for public authorities must take necessary steps to comply by 2030-08-02. Art. 113(c) separately applies Article 6(1) and corresponding obligations from 2027-08-02.,Art. 99(4),high,"Direct for legal-AI vendors and deployers because tampering with legal outputs, evidence analysis or case tools could affect proceedings or clients.","[""Art. 16(a)"", ""Annex III point 8""]",https://eur-lex.europa.eu/eli/reg/2024/1689/oj/eng#art_15
art-16-0-a-section-2-compliance,16,,a,"[""provider""]",requirement,high-risk,Providers must ensure their high-risk AI systems comply with the requirements in Chapter III Section 2.,"""ensure that their high-risk AI systems are compliant with the requirements set out in Section 2;""",2026-08-02,Art. 113 second subparagraph,Art. 111(2): high-risk AI systems placed on the market or put into service before 2026-08-02 are covered only if they are subject to significant design changes from that date; providers and deployers of high-risk AI systems intended for public authorities must take necessary steps to comply by 2030-08-02. Art. 113(c) separately applies Article 6(1) and corresponding obligations from 2027-08-02.,Art. 99(4),high,"Direct for legal-AI vendors where the system is high-risk under Annex III point 8, including AI used by or for judicial authorities or similarly in ADR.","[""Chapter III Section 2"", ""Annex III point 8""]",https://eur-lex.europa.eu/eli/reg/2024/1689/oj/eng#art_16
art-16-0-b-provider-contact-marking,16,,b,"[""provider""]",transparency,high-risk,"Providers must indicate their name, trade name or mark, and contact address on the system, packaging or accompanying documentation as applicable.","""indicate on the high-risk AI system or, where that is not possible, on its packaging or its accompanying documentation, as applicable, their name, registered trade name or registered trade mark, the address at which they can be contacted;""",2026-08-02,Art. 113 second subparagraph,Art. 111(2): high-risk AI systems placed on the market or put into service before 2026-08-02 are covered only if they are subject to significant design changes from that date; providers and deployers of high-risk AI systems intended for public authorities must take necessary steps to comply by 2030-08-02. Art. 113(c) separately applies Article 6(1) and corresponding obligations from 2027-08-02.,Art. 99(4),high,"Direct for legal-AI vendors where the system is high-risk under Annex III point 8, including AI used by or for judicial authorities or similarly in ADR.","[""Annex III point 8""]",https://eur-lex.europa.eu/eli/reg/2024/1689/oj/eng#art_16
art-16-0-c-quality-management-system,16,,c,"[""provider""]",quality-management,high-risk,Providers must have a quality management system that complies with Article 17.,"""have a quality management system in place which complies with Article 17;""",2026-08-02,Art. 113 second subparagraph,Art. 111(2): high-risk AI systems placed on the market or put into service before 2026-08-02 are covered only if they are subject to significant design changes from that date; providers and deployers of high-risk AI systems intended for public authorities must take necessary steps to comply by 2030-08-02. Art. 113(c) separately applies Article 6(1) and corresponding obligations from 2027-08-02.,Art. 99(4),high,"Direct for legal-AI vendors where the system is high-risk under Annex III point 8, including AI used by or for judicial authorities or similarly in ADR.","[""Art. 17"", ""Annex III point 8""]",https://eur-lex.europa.eu/eli/reg/2024/1689/oj/eng#art_16
art-16-0-d-documentation-keeping,16,,d,"[""provider""]",documentation,high-risk,Providers must keep the documentation referred to in Article 18.,"""keep the documentation referred to in Article 18;""",2026-08-02,Art. 113 second subparagraph,Art. 111(2): high-risk AI systems placed on the market or put into service before 2026-08-02 are covered only if they are subject to significant design changes from that date; providers and deployers of high-risk AI systems intended for public authorities must take necessary steps to comply by 2030-08-02. Art. 113(c) separately applies Article 6(1) and corresponding obligations from 2027-08-02.,Art. 99(4),high,"Direct for legal-AI vendors where the system is high-risk under Annex III point 8, including AI used by or for judicial authorities or similarly in ADR.","[""Art. 18"", ""Annex III point 8""]",https://eur-lex.europa.eu/eli/reg/2024/1689/oj/eng#art_16
art-16-0-e-provider-log-keeping,16,,e,"[""provider""]",record-keeping,high-risk,Providers must keep automatically generated logs under their control as referred to in Article 19.,"""when under their control, keep the logs automatically generated by their high-risk AI systems as referred to in Article 19;""",2026-08-02,Art. 113 second subparagraph,Art. 111(2): high-risk AI systems placed on the market or put into service before 2026-08-02 are covered only if they are subject to significant design changes from that date; providers and deployers of high-risk AI systems intended for public authorities must take necessary steps to comply by 2030-08-02. Art. 113(c) separately applies Article 6(1) and corresponding obligations from 2027-08-02.,Art. 99(4),high,"Direct for legal-AI vendors where the system is high-risk under Annex III point 8, including AI used by or for judicial authorities or similarly in ADR.","[""Art. 19"", ""Annex III point 8""]",https://eur-lex.europa.eu/eli/reg/2024/1689/oj/eng#art_16
art-16-0-f-conformity-assessment,16,,f,"[""provider""]",conformity-assessment,high-risk,Providers must ensure the high-risk AI system undergoes the relevant Article 43 conformity assessment before market placement or putting into service.,"""ensure that the high-risk AI system undergoes the relevant conformity assessment procedure as referred to in Article 43, prior to its being placed on the market or put into service;""",2026-08-02,Art. 113 second subparagraph,Art. 111(2): high-risk AI systems placed on the market or put into service before 2026-08-02 are covered only if they are subject to significant design changes from that date; providers and deployers of high-risk AI systems intended for public authorities must take necessary steps to comply by 2030-08-02. Art. 113(c) separately applies Article 6(1) and corresponding obligations from 2027-08-02.,Art. 99(4),high,"Direct for legal-AI vendors where the system is high-risk under Annex III point 8, including AI used by or for judicial authorities or similarly in ADR.","[""Art. 43"", ""Annex III point 8""]",https://eur-lex.europa.eu/eli/reg/2024/1689/oj/eng#art_16
art-16-0-g-eu-declaration,16,,g,"[""provider""]",conformity-assessment,high-risk,Providers must draw up an EU declaration of conformity in accordance with Article 47.,"""draw up an EU declaration of conformity in accordance with Article 47;""",2026-08-02,Art. 113 second subparagraph,Art. 111(2): high-risk AI systems placed on the market or put into service before 2026-08-02 are covered only if they are subject to significant design changes from that date; providers and deployers of high-risk AI systems intended for public authorities must take necessary steps to comply by 2030-08-02. Art. 113(c) separately applies Article 6(1) and corresponding obligations from 2027-08-02.,Art. 99(4),high,"Direct for legal-AI vendors where the system is high-risk under Annex III point 8, including AI used by or for judicial authorities or similarly in ADR.","[""Art. 47"", ""Annex III point 8""]",https://eur-lex.europa.eu/eli/reg/2024/1689/oj/eng#art_16
art-16-0-h-ce-marking,16,,h,"[""provider""]",conformity-assessment,high-risk,"Providers must affix CE marking to the high-risk AI system, packaging or documentation to indicate conformity with this Regulation.","""affix the CE marking to the high-risk AI system or, where that is not possible, on its packaging or its accompanying documentation, to indicate conformity with this Regulation, in accordance with Article 48;""",2026-08-02,Art. 113 second subparagraph,Art. 111(2): high-risk AI systems placed on the market or put into service before 2026-08-02 are covered only if they are subject to significant design changes from that date; providers and deployers of high-risk AI systems intended for public authorities must take necessary steps to comply by 2030-08-02. Art. 113(c) separately applies Article 6(1) and corresponding obligations from 2027-08-02.,Art. 99(4),high,"Direct for legal-AI vendors where the system is high-risk under Annex III point 8, including AI used by or for judicial authorities or similarly in ADR.","[""Art. 48"", ""Annex III point 8""]",https://eur-lex.europa.eu/eli/reg/2024/1689/oj/eng#art_16
art-16-0-i-registration-obligations,16,,i,"[""provider""]",registration,high-risk,Providers must comply with the Article 49(1) registration obligations for high-risk AI systems.,"""comply with the registration obligations referred to in Article 49(1);""",2026-08-02,Art. 113 second subparagraph,Art. 111(2): high-risk AI systems placed on the market or put into service before 2026-08-02 are covered only if they are subject to significant design changes from that date; providers and deployers of high-risk AI systems intended for public authorities must take necessary steps to comply by 2030-08-02. Art. 113(c) separately applies Article 6(1) and corresponding obligations from 2027-08-02.,Art. 99(4),high,"Direct for legal-AI vendors where the system is high-risk under Annex III point 8, including AI used by or for judicial authorities or similarly in ADR.","[""Art. 49(1)"", ""Annex III point 8""]",https://eur-lex.europa.eu/eli/reg/2024/1689/oj/eng#art_16
art-16-0-j-corrective-actions-information,16,,j,"[""provider""]",monitoring,high-risk,Providers must take necessary corrective actions and provide required information under Article 20.,"""take the necessary corrective actions and provide information as required in Article 20;""",2026-08-02,Art. 113 second subparagraph,Art. 111(2): high-risk AI systems placed on the market or put into service before 2026-08-02 are covered only if they are subject to significant design changes from that date; providers and deployers of high-risk AI systems intended for public authorities must take necessary steps to comply by 2030-08-02. Art. 113(c) separately applies Article 6(1) and corresponding obligations from 2027-08-02.,Art. 99(4),high,"Direct for legal-AI vendors where the system is high-risk under Annex III point 8, including AI used by or for judicial authorities or similarly in ADR.","[""Art. 20"", ""Annex III point 8""]",https://eur-lex.europa.eu/eli/reg/2024/1689/oj/eng#art_16
art-16-0-k-demonstrate-conformity,16,,k,"[""provider""]",cooperation-with-authorities,high-risk,Providers must demonstrate conformity with Section 2 requirements upon a reasoned request from a national competent authority.,"""upon a reasoned request of a national competent authority, demonstrate the conformity of the high-risk AI system with the requirements set out in Section 2;""",2026-08-02,Art. 113 second subparagraph,Art. 111(2): high-risk AI systems placed on the market or put into service before 2026-08-02 are covered only if they are subject to significant design changes from that date; providers and deployers of high-risk AI systems intended for public authorities must take necessary steps to comply by 2030-08-02. Art. 113(c) separately applies Article 6(1) and corresponding obligations from 2027-08-02.,Art. 99(4),high,"Direct for legal-AI vendors where the system is high-risk under Annex III point 8, including AI used by or for judicial authorities or similarly in ADR.","[""Chapter III Section 2"", ""Annex III point 8""]",https://eur-lex.europa.eu/eli/reg/2024/1689/oj/eng#art_16
art-16-0-l-accessibility-requirements,16,,l,"[""provider""]",requirement,high-risk,Providers must ensure high-risk AI systems comply with accessibility requirements under Directives (EU) 2016/2102 and (EU) 2019/882.,"""ensure that the high-risk AI system complies with accessibility requirements in accordance with Directives (EU) 2016/2102 and (EU) 2019/882.""",2026-08-02,Art. 113 second subparagraph,Art. 111(2): high-risk AI systems placed on the market or put into service before 2026-08-02 are covered only if they are subject to significant design changes from that date; providers and deployers of high-risk AI systems intended for public authorities must take necessary steps to comply by 2030-08-02. Art. 113(c) separately applies Article 6(1) and corresponding obligations from 2027-08-02.,Art. 99(4),high,"Direct for legal-AI vendors where the system is high-risk under Annex III point 8, including AI used by or for judicial authorities or similarly in ADR.","[""Directive (EU) 2016/2102"", ""Directive (EU) 2019/882"", ""Annex III point 8""]",https://eur-lex.europa.eu/eli/reg/2024/1689/oj/eng#art_16
art-17-1-qms-documented-system,17,1,,"[""provider""]",quality-management,high-risk,"Providers must put in place a documented, systematic and orderly quality management system that ensures compliance with the Regulation.","""Providers of high-risk AI systems shall put a quality management system in place that ensures compliance with this Regulation. That system shall be documented in a systematic and orderly manner in the form of written policies, procedures and instructions, and shall include at least the following aspects:""",2026-08-02,Art. 113 second subparagraph,Art. 111(2): high-risk AI systems placed on the market or put into service before 2026-08-02 are covered only if they are subject to significant design changes from that date; providers and deployers of high-risk AI systems intended for public authorities must take necessary steps to comply by 2030-08-02. Art. 113(c) separately applies Article 6(1) and corresponding obligations from 2027-08-02.,Art. 99(4),high,"Direct for legal-AI vendors where the system is high-risk under Annex III point 8, including AI used by or for judicial authorities or similarly in ADR.","[""Art. 16(c)"", ""Annex III point 8""]",https://eur-lex.europa.eu/eli/reg/2024/1689/oj/eng#art_17
art-17-1-a-regulatory-strategy,17,1,a,"[""provider""]",quality-management,high-risk,"The quality management system must include a regulatory compliance strategy, including conformity assessment and modification-management procedures.","""a strategy for regulatory compliance, including compliance with conformity assessment procedures and procedures for the management of modifications to the high-risk AI system;""",2026-08-02,Art. 113 second subparagraph,Art. 111(2): high-risk AI systems placed on the market or put into service before 2026-08-02 are covered only if they are subject to significant design changes from that date; providers and deployers of high-risk AI systems intended for public authorities must take necessary steps to comply by 2030-08-02. Art. 113(c) separately applies Article 6(1) and corresponding obligations from 2027-08-02.,Art. 99(4),high,Legal-AI vendors need a compliance strategy for high-risk legal systems and changes that may affect conformity.,"[""Art. 43"", ""Art. 16(c)""]",https://eur-lex.europa.eu/eli/reg/2024/1689/oj/eng#art_17
art-17-1-b-d-design-development-testing,17,1,b-d,"[""provider""]",quality-management,high-risk,"The quality management system must cover design control and verification, development quality control and assurance, and examination, testing and validation procedures and frequency.","""techniques, procedures and systematic actions to be used for the design, design control and design verification of the high-risk AI system;""",2026-08-02,Art. 113 second subparagraph,Art. 111(2): high-risk AI systems placed on the market or put into service before 2026-08-02 are covered only if they are subject to significant design changes from that date; providers and deployers of high-risk AI systems intended for public authorities must take necessary steps to comply by 2030-08-02. Art. 113(c) separately applies Article 6(1) and corresponding obligations from 2027-08-02.,Art. 99(4),high,Direct for legal-AI vendors engineering and testing systems used in judicial or legal decision-support contexts.,"[""Art. 17(1)(b)-(d)""]",https://eur-lex.europa.eu/eli/reg/2024/1689/oj/eng#art_17
art-17-1-e-technical-specifications,17,1,e,"[""provider""]",quality-management,high-risk,"The quality management system must identify technical specifications and standards, or other means, used to ensure compliance with Section 2 requirements.","""technical specifications, including standards, to be applied and, where the relevant harmonised standards are not applied in full or do not cover all of the relevant requirements set out in Section 2, the means to be used to ensure that the high-risk AI system complies with those requirements;""",2026-08-02,Art. 113 second subparagraph,Art. 111(2): high-risk AI systems placed on the market or put into service before 2026-08-02 are covered only if they are subject to significant design changes from that date; providers and deployers of high-risk AI systems intended for public authorities must take necessary steps to comply by 2030-08-02. Art. 113(c) separately applies Article 6(1) and corresponding obligations from 2027-08-02.,Art. 99(4),medium,Relevant to legal-AI vendors selecting standards or controls for high-risk legal systems.,"[""Chapter III Section 2"", ""Art. 40""]",https://eur-lex.europa.eu/eli/reg/2024/1689/oj/eng#art_17
art-17-1-f-g-data-risk-systems,17,1,f-g,"[""provider""]",quality-management,high-risk,The quality management system must include data-management systems and procedures and the Article 9 risk management system.,"""systems and procedures for data management, including data acquisition, data collection, data analysis, data labelling, data storage, data filtration, data mining, data aggregation, data retention and any other operation regarding the data that is performed before and for the purpose of the placing on the market or the putting into service of high-risk AI systems;""",2026-08-02,Art. 113 second subparagraph,Art. 111(2): high-risk AI systems placed on the market or put into service before 2026-08-02 are covered only if they are subject to significant design changes from that date; providers and deployers of high-risk AI systems intended for public authorities must take necessary steps to comply by 2030-08-02. Art. 113(c) separately applies Article 6(1) and corresponding obligations from 2027-08-02.,Art. 99(4),high,Critical for legal-AI vendors managing legal datasets and fundamental-rights risks.,"[""Art. 9"", ""Art. 10"", ""Art. 16(c)""]",https://eur-lex.europa.eu/eli/reg/2024/1689/oj/eng#art_17
art-17-1-h-i-post-market-incidents,17,1,h-i,"[""provider""]",quality-management,high-risk,The quality management system must include post-market monitoring and serious-incident reporting procedures.,"""the setting-up, implementation and maintenance of a post-market monitoring system, in accordance with Article 72;""",2026-08-02,Art. 113 second subparagraph,Art. 111(2): high-risk AI systems placed on the market or put into service before 2026-08-02 are covered only if they are subject to significant design changes from that date; providers and deployers of high-risk AI systems intended for public authorities must take necessary steps to comply by 2030-08-02. Art. 113(c) separately applies Article 6(1) and corresponding obligations from 2027-08-02.,Art. 99(4),high,"Relevant to legal-AI vendors after deployment in law firms, courts or public bodies where incidents may affect rights.","[""Art. 72"", ""Art. 73""]",https://eur-lex.europa.eu/eli/reg/2024/1689/oj/eng#art_17
art-17-1-j-m-communications-records-resources-accountability,17,1,j-m,"[""provider""]",quality-management,high-risk,"The quality management system must cover communications with authorities, notified bodies and stakeholders, record-keeping, resource management and management/staff accountability.","""the handling of communication with national competent authorities, other relevant authorities, including those providing or supporting the access to data, notified bodies, other operators, customers or other interested parties;""",2026-08-02,Art. 113 second subparagraph,Art. 111(2): high-risk AI systems placed on the market or put into service before 2026-08-02 are covered only if they are subject to significant design changes from that date; providers and deployers of high-risk AI systems intended for public authorities must take necessary steps to comply by 2030-08-02. Art. 113(c) separately applies Article 6(1) and corresponding obligations from 2027-08-02.,Art. 99(4),medium,"Relevant to legal-AI vendors maintaining authority-facing records, support processes and accountable governance.","[""Art. 17(1)(j)-(m)""]",https://eur-lex.europa.eu/eli/reg/2024/1689/oj/eng#art_17
art-17-2-proportionate-implementation,17,2,,"[""provider""]",quality-management,high-risk,Quality management aspects must be implemented proportionately to provider size while preserving the rigour and protection needed for high-risk AI compliance.,"""The implementation of the aspects referred to in paragraph 1 shall be proportionate to the size of the provider’s organisation. Providers shall, in any event, respect the degree of rigour and the level of protection required to ensure the compliance of their high-risk AI systems with this Regulation.""",2026-08-02,Art. 113 second subparagraph,Art. 111(2): high-risk AI systems placed on the market or put into service before 2026-08-02 are covered only if they are subject to significant design changes from that date; providers and deployers of high-risk AI systems intended for public authorities must take necessary steps to comply by 2030-08-02. Art. 113(c) separately applies Article 6(1) and corresponding obligations from 2027-08-02.,Art. 99(4),medium,Important for SME legal-AI vendors because proportionality does not reduce the required protection level.,"[""Art. 16(c)""]",https://eur-lex.europa.eu/eli/reg/2024/1689/oj/eng#art_17
art-17-3-sectoral-qms-integration,17,3,,"[""provider""]",quality-management,high-risk,Providers subject to quality management obligations under sectoral Union law may include Article 17 aspects in those sectoral quality management systems.,"""Providers of high-risk AI systems that are subject to obligations regarding quality management systems or an equivalent function under relevant sectoral Union law may include the aspects listed in paragraph 1 as part of the quality management systems pursuant to that law.""",2026-08-02,Art. 113 second subparagraph,Art. 111(2): high-risk AI systems placed on the market or put into service before 2026-08-02 are covered only if they are subject to significant design changes from that date; providers and deployers of high-risk AI systems intended for public authorities must take necessary steps to comply by 2030-08-02. Art. 113(c) separately applies Article 6(1) and corresponding obligations from 2027-08-02.,Art. 99(4),low,Mostly relevant where legal-AI providers are already regulated under sectoral Union quality-management regimes.,"[""Art. 16(c)""]",https://eur-lex.europa.eu/eli/reg/2024/1689/oj/eng#art_17
art-17-4-financial-institutions-qms,17,4,,"[""provider""]",quality-management,high-risk,"For financial-institution providers subject to Union financial-services governance rules, the quality management obligation is deemed fulfilled except for risk management, post-market monitoring and incident reporting points.","""For providers that are financial institutions subject to requirements regarding their internal governance, arrangements or processes under Union financial services law, the obligation to put in place a quality management system, with the exception of paragraph 1, points (g), (h) and (i) of this Article, shall be deemed to be fulfilled by complying with the rules on internal governance arrangements or processes""",2026-08-02,Art. 113 second subparagraph,Art. 111(2): high-risk AI systems placed on the market or put into service before 2026-08-02 are covered only if they are subject to significant design changes from that date; providers and deployers of high-risk AI systems intended for public authorities must take necessary steps to comply by 2030-08-02. Art. 113(c) separately applies Article 6(1) and corresponding obligations from 2027-08-02.,Art. 99(4),low,Relevant to legal-AI only where a financial institution provides high-risk AI; less direct to law firms or courts.,"[""Art. 17(1)(g)-(i)"", ""Art. 40""]",https://eur-lex.europa.eu/eli/reg/2024/1689/oj/eng#art_17
art-18-1-ten-year-documentation,18,1,,"[""provider""]",documentation,high-risk,"Providers must keep specified technical, quality-management, notified-body, certificate and EU declaration documentation available to national competent authorities for 10 years after market placement or putting into service.","""The provider shall, for a period ending 10 years after the high-risk AI system has been placed on the market or put into service, keep at the disposal of the national competent authorities:""",2026-08-02,Art. 113 second subparagraph,Art. 111(2): high-risk AI systems placed on the market or put into service before 2026-08-02 are covered only if they are subject to significant design changes from that date; providers and deployers of high-risk AI systems intended for public authorities must take necessary steps to comply by 2030-08-02. Art. 113(c) separately applies Article 6(1) and corresponding obligations from 2027-08-02.,Art. 99(4),high,Legal-AI vendors must retain compliance documentation for high-risk systems used by courts or legal actors.,"[""Art. 11"", ""Art. 17"", ""Art. 47""]",https://eur-lex.europa.eu/eli/reg/2024/1689/oj/eng#art_18
art-18-2-bankruptcy-documentation-conditions,18,2,,"[""member-state""]",governance-institutional,high-risk,Member States must determine conditions ensuring Article 18 documentation remains available for the required period if a local provider or authorised representative becomes bankrupt or ceases activity.,"""Each Member State shall determine conditions under which the documentation referred to in paragraph 1 remains at the disposal of the national competent authorities for the period indicated in that paragraph for the cases when a provider or its authorised representative established on its territory goes bankrupt or ceases its activity prior to the end of that period.""",2026-08-02,Art. 113 second subparagraph,Art. 111(2): high-risk AI systems placed on the market or put into service before 2026-08-02 are covered only if they are subject to significant design changes from that date; providers and deployers of high-risk AI systems intended for public authorities must take necessary steps to comply by 2030-08-02. Art. 113(c) separately applies Article 6(1) and corresponding obligations from 2027-08-02.,,low,Primarily institutional or governance machinery; legal practices are affected only indirectly.,"[""Art. 18(1)""]",https://eur-lex.europa.eu/eli/reg/2024/1689/oj/eng#art_18
art-18-3-financial-institution-documentation,18,3,,"[""provider""]",documentation,high-risk,Financial-institution providers subject to Union financial-services governance requirements must maintain technical documentation as part of the documentation kept under that law.,"""Providers that are financial institutions subject to requirements regarding their internal governance, arrangements or processes under Union financial services law shall maintain the technical documentation as part of the documentation kept under the relevant Union financial services law.""",2026-08-02,Art. 113 second subparagraph,Art. 111(2): high-risk AI systems placed on the market or put into service before 2026-08-02 are covered only if they are subject to significant design changes from that date; providers and deployers of high-risk AI systems intended for public authorities must take necessary steps to comply by 2030-08-02. Art. 113(c) separately applies Article 6(1) and corresponding obligations from 2027-08-02.,Art. 99(4),low,Relevant only where a financial institution is the high-risk AI provider.,"[""Art. 11""]",https://eur-lex.europa.eu/eli/reg/2024/1689/oj/eng#art_18
art-19-1-provider-log-retention,19,1,,"[""provider""]",record-keeping,high-risk,Providers must keep automatically generated high-risk AI system logs under their control for a period appropriate to intended purpose and at least six months unless other law provides otherwise.,"""Providers of high-risk AI systems shall keep the logs referred to in Article 12(1), automatically generated by their high-risk AI systems, to the extent such logs are under their control. Without prejudice to applicable Union or national law, the logs shall be kept for a period appropriate to the intended purpose of the high-risk AI system, of at least six months, unless provided otherwise in the applicable Union""",2026-08-02,Art. 113 second subparagraph,Art. 111(2): high-risk AI systems placed on the market or put into service before 2026-08-02 are covered only if they are subject to significant design changes from that date; providers and deployers of high-risk AI systems intended for public authorities must take necessary steps to comply by 2030-08-02. Art. 113(c) separately applies Article 6(1) and corresponding obligations from 2027-08-02.,Art. 99(4),high,"Direct for legal-AI vendors controlling logs; logs may support incident analysis, audits and challenges to legal AI use.","[""Art. 12(1)"", ""Art. 26(6)""]",https://eur-lex.europa.eu/eli/reg/2024/1689/oj/eng#art_19
art-19-2-financial-institution-logs,19,2,,"[""provider""]",record-keeping,high-risk,Financial-institution providers subject to Union financial-services governance requirements must maintain automatically generated high-risk AI logs as part of documentation kept under that law.,"""Providers that are financial institutions subject to requirements regarding their internal governance, arrangements or processes under Union financial services law shall maintain the logs automatically generated by their high-risk AI systems as part of the documentation kept under the relevant financial services law.""",2026-08-02,Art. 113 second subparagraph,Art. 111(2): high-risk AI systems placed on the market or put into service before 2026-08-02 are covered only if they are subject to significant design changes from that date; providers and deployers of high-risk AI systems intended for public authorities must take necessary steps to comply by 2030-08-02. Art. 113(c) separately applies Article 6(1) and corresponding obligations from 2027-08-02.,Art. 99(4),low,Relevant only where a financial institution is the high-risk AI provider.,"[""Art. 12(1)""]",https://eur-lex.europa.eu/eli/reg/2024/1689/oj/eng#art_19
art-20-1-corrective-actions,20,1,,"[""provider""]",monitoring,high-risk,"Providers that consider or have reason to consider their high-risk AI system non-conforming must immediately take corrective actions, including conformity, withdrawal, disabling or recall, and inform relevant operators.","""Providers of high-risk AI systems which consider or have reason to consider that a high-risk AI system that they have placed on the market or put into service is not in conformity with this Regulation shall immediately take the necessary corrective actions to bring that system into conformity, to withdraw it, to disable it, or to recall it, as appropriate. They shall inform the distributors of the high-risk AI""",2026-08-02,Art. 113 second subparagraph,Art. 111(2): high-risk AI systems placed on the market or put into service before 2026-08-02 are covered only if they are subject to significant design changes from that date; providers and deployers of high-risk AI systems intended for public authorities must take necessary steps to comply by 2030-08-02. Art. 113(c) separately applies Article 6(1) and corresponding obligations from 2027-08-02.,Art. 99(4),high,Legal-AI vendors must act and inform legal deployers or distributors when a high-risk legal system is non-conforming.,"[""Art. 16(j)""]",https://eur-lex.europa.eu/eli/reg/2024/1689/oj/eng#art_20
art-20-2-risk-investigation-information,20,2,,"[""provider"", ""deployer"", ""market-surveillance-authority"", ""notified-body""]",monitoring,high-risk,"When a high-risk AI system presents an Article 79(1) risk and the provider becomes aware, it must immediately investigate causes with the reporting deployer where applicable and inform authorities and notified bodies.","""Where the high-risk AI system presents a risk within the meaning of Article 79(1) and the provider becomes aware of that risk, it shall immediately investigate the causes, in collaboration with the reporting deployer, where applicable, and inform the market surveillance authorities competent for the high-risk AI system concerned and, where applicable, the notified body that issued a certificate for that high-risk""",2026-08-02,Art. 113 second subparagraph,Art. 111(2): high-risk AI systems placed on the market or put into service before 2026-08-02 are covered only if they are subject to significant design changes from that date; providers and deployers of high-risk AI systems intended for public authorities must take necessary steps to comply by 2030-08-02. Art. 113(c) separately applies Article 6(1) and corresponding obligations from 2027-08-02.,Art. 99(4),high,Relevant where legal-AI deployers report risks affecting rights or proceedings and vendors must investigate and notify.,"[""Art. 79(1)"", ""Art. 44"", ""Art. 16(j)""]",https://eur-lex.europa.eu/eli/reg/2024/1689/oj/eng#art_20
art-21-1-information-documentation-authorities,21,1,,"[""provider"", ""national-competent-authority""]",cooperation-with-authorities,high-risk,"Providers must, upon reasoned request, give competent authorities all information and documentation necessary to demonstrate Section 2 conformity in an easily understood official Union language indicated by the Member State.","""Providers of high-risk AI systems shall, upon a reasoned request by a competent authority, provide that authority all the information and documentation necessary to demonstrate the conformity of the high-risk AI system with the requirements set out in Section 2, in a language which can be easily understood by the authority in one of the official languages of the institutions of the Union as indicated by the Member""",2026-08-02,Art. 113 second subparagraph,Art. 111(2): high-risk AI systems placed on the market or put into service before 2026-08-02 are covered only if they are subject to significant design changes from that date; providers and deployers of high-risk AI systems intended for public authorities must take necessary steps to comply by 2030-08-02. Art. 113(c) separately applies Article 6(1) and corresponding obligations from 2027-08-02.,Art. 99(4),high,"Legal-AI vendors may need authority-ready documentation for systems used by courts, public bodies or regulated legal contexts.","[""Chapter III Section 2""]",https://eur-lex.europa.eu/eli/reg/2024/1689/oj/eng#art_21
art-21-2-authority-log-access,21,2,,"[""provider"", ""national-competent-authority""]",cooperation-with-authorities,high-risk,"Providers must, upon reasoned request, give competent authorities access to automatically generated logs to the extent those logs are under provider control.","""Upon a reasoned request by a competent authority, providers shall also give the requesting competent authority, as applicable, access to the automatically generated logs of the high-risk AI system referred to in Article 12(1), to the extent such logs are under their control.""",2026-08-02,Art. 113 second subparagraph,Art. 111(2): high-risk AI systems placed on the market or put into service before 2026-08-02 are covered only if they are subject to significant design changes from that date; providers and deployers of high-risk AI systems intended for public authorities must take necessary steps to comply by 2030-08-02. Art. 113(c) separately applies Article 6(1) and corresponding obligations from 2027-08-02.,Art. 99(4),high,Legal-AI vendors controlling logs may need to provide them for authority review of high-risk legal AI systems.,"[""Art. 12(1)""]",https://eur-lex.europa.eu/eli/reg/2024/1689/oj/eng#art_21
art-21-3-authority-confidentiality,21,3,,"[""national-competent-authority""]",cooperation-with-authorities,high-risk,Competent authorities must treat information obtained under Article 21 in accordance with Article 78 confidentiality obligations.,"""Any information obtained by a competent authority pursuant to this Article shall be treated in accordance with the confidentiality obligations set out in Article 78.""",2026-08-02,Art. 113 second subparagraph,Art. 111(2): high-risk AI systems placed on the market or put into service before 2026-08-02 are covered only if they are subject to significant design changes from that date; providers and deployers of high-risk AI systems intended for public authorities must take necessary steps to comply by 2030-08-02. Art. 113(c) separately applies Article 6(1) and corresponding obligations from 2027-08-02.,,medium,"Important where legal-AI documentation or logs include privileged, confidential or commercially sensitive legal-sector information.","[""Art. 78""]",https://eur-lex.europa.eu/eli/reg/2024/1689/oj/eng#art_21
art-22-1-appoint-authorised-representative,22,1,,"[""provider"", ""authorised-representative""]",requirement,high-risk,"Before making high-risk AI systems available on the Union market, third-country providers must appoint by written mandate an authorised representative established in the Union.","""Prior to making their high-risk AI systems available on the Union market, providers established in third countries shall, by written mandate, appoint an authorised representative which is established in the Union.""",2026-08-02,Art. 113 second subparagraph,Art. 111(2): high-risk AI systems placed on the market or put into service before 2026-08-02 are covered only if they are subject to significant design changes from that date; providers and deployers of high-risk AI systems intended for public authorities must take necessary steps to comply by 2030-08-02. Art. 113(c) separately applies Article 6(1) and corresponding obligations from 2027-08-02.,Art. 99(4),high,Direct for non-EU legal-AI vendors selling high-risk systems for EU legal or judicial use.,"[""Art. 16"", ""Annex III point 8""]",https://eur-lex.europa.eu/eli/reg/2024/1689/oj/eng#art_22
art-22-2-enable-representative,22,2,,"[""provider"", ""authorised-representative""]",requirement,high-risk,The provider must enable its authorised representative to perform the tasks specified in the mandate received from the provider.,"""The provider shall enable its authorised representative to perform the tasks specified in the mandate received from the provider.""",2026-08-02,Art. 113 second subparagraph,Art. 111(2): high-risk AI systems placed on the market or put into service before 2026-08-02 are covered only if they are subject to significant design changes from that date; providers and deployers of high-risk AI systems intended for public authorities must take necessary steps to comply by 2030-08-02. Art. 113(c) separately applies Article 6(1) and corresponding obligations from 2027-08-02.,Art. 99(4),medium,Relevant to non-EU legal-AI vendors relying on EU representatives for compliance.,"[""Art. 22(3)""]",https://eur-lex.europa.eu/eli/reg/2024/1689/oj/eng#art_22
art-22-3-a-verify-docs-assessment,22,3,a,"[""authorised-representative""]",conformity-assessment,high-risk,"Authorised representatives must verify that the EU declaration, technical documentation and provider conformity assessment procedure have been completed.","""verify that the EU declaration of conformity referred to in Article 47 and the technical documentation referred to in Article 11 have been drawn up and that an appropriate conformity assessment procedure has been carried out by the provider;""",2026-08-02,Art. 113 second subparagraph,Art. 111(2): high-risk AI systems placed on the market or put into service before 2026-08-02 are covered only if they are subject to significant design changes from that date; providers and deployers of high-risk AI systems intended for public authorities must take necessary steps to comply by 2030-08-02. Art. 113(c) separately applies Article 6(1) and corresponding obligations from 2027-08-02.,Art. 99(4),medium,Relevant to non-EU legal-AI vendors and their EU representatives for high-risk legal systems.,"[""Art. 47"", ""Art. 11"", ""Art. 43"", ""Annex III point 8""]",https://eur-lex.europa.eu/eli/reg/2024/1689/oj/eng#art_22
art-22-3-b-keep-documents-ten-years,22,3,b,"[""authorised-representative""]",documentation,high-risk,"Authorised representatives must keep provider contact details, conformity declaration, technical documentation and any notified-body certificate available for 10 years.","""keep at the disposal of the competent authorities and national authorities or bodies referred to in Article 74(10), for a period of 10 years after the high-risk AI system has been placed on the market or put into service, the contact details of the provider that appointed the authorised representative, a copy of the EU declaration of conformity referred to in Article 47, the technical documentation and, if""",2026-08-02,Art. 113 second subparagraph,Art. 111(2): high-risk AI systems placed on the market or put into service before 2026-08-02 are covered only if they are subject to significant design changes from that date; providers and deployers of high-risk AI systems intended for public authorities must take necessary steps to comply by 2030-08-02. Art. 113(c) separately applies Article 6(1) and corresponding obligations from 2027-08-02.,Art. 99(4),medium,Relevant to non-EU legal-AI vendors and their EU representatives for high-risk legal systems.,"[""Art. 47"", ""Art. 11"", ""Annex III point 8""]",https://eur-lex.europa.eu/eli/reg/2024/1689/oj/eng#art_22
art-22-3-c-provide-information-logs,22,3,c,"[""authorised-representative""]",cooperation-with-authorities,high-risk,"Authorised representatives must provide competent authorities, upon reasoned request, information and documentation needed to demonstrate conformity, including provider-controlled logs where applicable.","""provide a competent authority, upon a reasoned request, with all the information and documentation, including that referred to in point (b) of this subparagraph, necessary to demonstrate the conformity of a high-risk AI system with the requirements set out in Section 2, including access to the logs, as referred to in Article 12(1), automatically generated by the high-risk AI system, to the extent such logs are""",2026-08-02,Art. 113 second subparagraph,Art. 111(2): high-risk AI systems placed on the market or put into service before 2026-08-02 are covered only if they are subject to significant design changes from that date; providers and deployers of high-risk AI systems intended for public authorities must take necessary steps to comply by 2030-08-02. Art. 113(c) separately applies Article 6(1) and corresponding obligations from 2027-08-02.,Art. 99(4),medium,Relevant to non-EU legal-AI vendors and their EU representatives for high-risk legal systems.,"[""Art. 12(1)"", ""Chapter III Section 2"", ""Annex III point 8""]",https://eur-lex.europa.eu/eli/reg/2024/1689/oj/eng#art_22
art-22-3-d-cooperate-risk-actions,22,3,d,"[""authorised-representative""]",cooperation-with-authorities,high-risk,"Authorised representatives must cooperate with competent authorities on requested actions concerning the high-risk AI system, especially to reduce and mitigate risks.","""cooperate with competent authorities, upon a reasoned request, in any action the latter take in relation to the high-risk AI system, in particular to reduce and mitigate the risks posed by the high-risk AI system;""",2026-08-02,Art. 113 second subparagraph,Art. 111(2): high-risk AI systems placed on the market or put into service before 2026-08-02 are covered only if they are subject to significant design changes from that date; providers and deployers of high-risk AI systems intended for public authorities must take necessary steps to comply by 2030-08-02. Art. 113(c) separately applies Article 6(1) and corresponding obligations from 2027-08-02.,Art. 99(4),medium,Relevant to non-EU legal-AI vendors and their EU representatives for high-risk legal systems.,"[""Annex III point 8""]",https://eur-lex.europa.eu/eli/reg/2024/1689/oj/eng#art_22
art-22-3-e-registration-correctness,22,3,e,"[""authorised-representative""]",registration,high-risk,Authorised representatives must comply with Article 49(1) registration obligations where applicable or ensure provider-entered Annex VIII information is correct.,"""where applicable, comply with the registration obligations referred to in Article 49(1), or, if the registration is carried out by the provider itself, ensure that the information referred to in point 3 of Section A of Annex VIII is correct.""",2026-08-02,Art. 113 second subparagraph,Art. 111(2): high-risk AI systems placed on the market or put into service before 2026-08-02 are covered only if they are subject to significant design changes from that date; providers and deployers of high-risk AI systems intended for public authorities must take necessary steps to comply by 2030-08-02. Art. 113(c) separately applies Article 6(1) and corresponding obligations from 2027-08-02.,Art. 99(4),medium,Relevant to non-EU legal-AI vendors and their EU representatives for high-risk legal systems.,"[""Art. 49(1)"", ""Annex VIII Section A point 3"", ""Annex III point 8""]",https://eur-lex.europa.eu/eli/reg/2024/1689/oj/eng#art_22
art-22-4-terminate-mandate,22,4,,"[""authorised-representative"", ""market-surveillance-authority"", ""notified-body""]",cooperation-with-authorities,high-risk,An authorised representative must terminate the mandate if it considers the provider is acting contrary to obligations and must immediately inform the market surveillance authority and any relevant notified body.,"""The authorised representative shall terminate the mandate if it considers or has reason to consider the provider to be acting contrary to its obligations pursuant to this Regulation. In such a case, it shall immediately inform the relevant market surveillance authority, as well as, where applicable, the relevant notified body, about the termination of the mandate and the reasons therefor.""",2026-08-02,Art. 113 second subparagraph,Art. 111(2): high-risk AI systems placed on the market or put into service before 2026-08-02 are covered only if they are subject to significant design changes from that date; providers and deployers of high-risk AI systems intended for public authorities must take necessary steps to comply by 2030-08-02. Art. 113(c) separately applies Article 6(1) and corresponding obligations from 2027-08-02.,Art. 99(4),medium,Relevant where an EU representative for a legal-AI vendor detects provider non-compliance.,"[""Art. 16"", ""Art. 22(3)""]",https://eur-lex.europa.eu/eli/reg/2024/1689/oj/eng#art_22
art-23-1-pre-market-verification,23,1,,"[""importer""]",conformity-assessment,high-risk,"Before placing a high-risk AI system on the market, importers must verify conformity assessment, technical documentation, CE marking, EU declaration, instructions and authorised representative appointment.","""Before placing a high-risk AI system on the market, importers shall ensure that the system is in conformity with this Regulation by verifying that:""",2026-08-02,Art. 113 second subparagraph,Art. 111(2): high-risk AI systems placed on the market or put into service before 2026-08-02 are covered only if they are subject to significant design changes from that date; providers and deployers of high-risk AI systems intended for public authorities must take necessary steps to comply by 2030-08-02. Art. 113(c) separately applies Article 6(1) and corresponding obligations from 2027-08-02.,Art. 99(4),medium,Relevant to importers bringing non-EU legal-AI systems into the Union market.,"[""Art. 43"", ""Art. 11"", ""Annex IV"", ""Art. 47"", ""Art. 22(1)"", ""Annex III point 8""]",https://eur-lex.europa.eu/eli/reg/2024/1689/oj/eng#art_23
art-23-2-do-not-place-nonconforming,23,2,,"[""importer""]",monitoring,high-risk,"Importers with sufficient reason to consider a high-risk AI system non-conforming, falsified or accompanied by falsified documentation must not place it on the market until conformed and must notify if it presents risk.","""Where an importer has sufficient reason to consider that a high-risk AI system is not in conformity with this Regulation, or is falsified, or accompanied by falsified documentation, it shall not place the system on the market until it has been brought into conformity. Where the high-risk AI system presents a risk within the meaning of Article 79(1), the importer shall inform the provider of the system, the""",2026-08-02,Art. 113 second subparagraph,Art. 111(2): high-risk AI systems placed on the market or put into service before 2026-08-02 are covered only if they are subject to significant design changes from that date; providers and deployers of high-risk AI systems intended for public authorities must take necessary steps to comply by 2030-08-02. Art. 113(c) separately applies Article 6(1) and corresponding obligations from 2027-08-02.,Art. 99(4),medium,Relevant for distributors or resellers importing high-risk legal-AI tools.,"[""Art. 79(1)"", ""Annex III point 8""]",https://eur-lex.europa.eu/eli/reg/2024/1689/oj/eng#art_23
art-23-3-importer-contact-details,23,3,,"[""importer""]",transparency,high-risk,"Importers must indicate their name, trade name or trademark and contact address on the high-risk AI system, packaging or accompanying documentation where applicable.","""Importers shall indicate their name, registered trade name or registered trade mark, and the address at which they can be contacted on the high-risk AI system and on its packaging or its accompanying documentation, where applicable.""",2026-08-02,Art. 113 second subparagraph,Art. 111(2): high-risk AI systems placed on the market or put into service before 2026-08-02 are covered only if they are subject to significant design changes from that date; providers and deployers of high-risk AI systems intended for public authorities must take necessary steps to comply by 2030-08-02. Art. 113(c) separately applies Article 6(1) and corresponding obligations from 2027-08-02.,Art. 99(4),low,Supports traceability for legal deployers and authorities.,"[""Annex III point 8""]",https://eur-lex.europa.eu/eli/reg/2024/1689/oj/eng#art_23
art-23-4-storage-transport-conditions,23,4,,"[""importer""]",requirement,high-risk,Importers must ensure storage or transport conditions under their responsibility do not jeopardise compliance with Section 2 requirements.,"""Importers shall ensure that, while a high-risk AI system is under their responsibility, storage or transport conditions, where applicable, do not jeopardise its compliance with the requirements set out in Section 2.""",2026-08-02,Art. 113 second subparagraph,Art. 111(2): high-risk AI systems placed on the market or put into service before 2026-08-02 are covered only if they are subject to significant design changes from that date; providers and deployers of high-risk AI systems intended for public authorities must take necessary steps to comply by 2030-08-02. Art. 113(c) separately applies Article 6(1) and corresponding obligations from 2027-08-02.,Art. 99(4),low,Mostly supply-chain oriented and indirect for legal practice.,"[""Chapter III Section 2"", ""Annex III point 8""]",https://eur-lex.europa.eu/eli/reg/2024/1689/oj/eng#art_23
art-23-5-keep-certificate-instructions-declaration,23,5,,"[""importer""]",documentation,high-risk,"Importers must keep any notified-body certificate, instructions for use and EU declaration of conformity for 10 years after market placement or putting into service.","""Importers shall keep, for a period of 10 years after the high-risk AI system has been placed on the market or put into service, a copy of the certificate issued by the notified body, where applicable, of the instructions for use, and of the EU declaration of conformity referred to in Article 47.""",2026-08-02,Art. 113 second subparagraph,Art. 111(2): high-risk AI systems placed on the market or put into service before 2026-08-02 are covered only if they are subject to significant design changes from that date; providers and deployers of high-risk AI systems intended for public authorities must take necessary steps to comply by 2030-08-02. Art. 113(c) separately applies Article 6(1) and corresponding obligations from 2027-08-02.,Art. 99(4),medium,Relevant to importers of high-risk legal-AI systems needing compliance records.,"[""Art. 47"", ""Annex III point 8""]",https://eur-lex.europa.eu/eli/reg/2024/1689/oj/eng#art_23
art-23-6-provide-authority-information,23,6,,"[""importer""]",cooperation-with-authorities,high-risk,"Importers must provide competent authorities, upon reasoned request, necessary information and documentation to demonstrate conformity and ensure technical documentation can be made available.","""Importers shall provide the relevant competent authorities, upon a reasoned request, with all the necessary information and documentation, including that referred to in paragraph 5, to demonstrate the conformity of a high-risk AI system with the requirements set out in Section 2 in a language which can be easily understood by them. For this purpose, they shall also ensure that the technical documentation can be""",2026-08-02,Art. 113 second subparagraph,Art. 111(2): high-risk AI systems placed on the market or put into service before 2026-08-02 are covered only if they are subject to significant design changes from that date; providers and deployers of high-risk AI systems intended for public authorities must take necessary steps to comply by 2030-08-02. Art. 113(c) separately applies Article 6(1) and corresponding obligations from 2027-08-02.,Art. 99(4),medium,Relevant if authorities review imported legal-AI systems.,"[""Chapter III Section 2"", ""Annex III point 8""]",https://eur-lex.europa.eu/eli/reg/2024/1689/oj/eng#art_23
art-23-7-cooperate-authorities,23,7,,"[""importer""]",cooperation-with-authorities,high-risk,"Importers must cooperate with relevant competent authorities in actions concerning high-risk AI systems they placed on the market, especially risk reduction and mitigation.","""Importers shall cooperate with the relevant competent authorities in any action those authorities take in relation to a high-risk AI system placed on the market by the importers, in particular to reduce and mitigate the risks posed by it.""",2026-08-02,Art. 113 second subparagraph,Art. 111(2): high-risk AI systems placed on the market or put into service before 2026-08-02 are covered only if they are subject to significant design changes from that date; providers and deployers of high-risk AI systems intended for public authorities must take necessary steps to comply by 2030-08-02. Art. 113(c) separately applies Article 6(1) and corresponding obligations from 2027-08-02.,Art. 99(4),medium,Relevant for importers of legal-AI systems subject to corrective or risk mitigation action.,"[""Annex III point 8""]",https://eur-lex.europa.eu/eli/reg/2024/1689/oj/eng#art_23
art-24-1-distributor-pre-market-verification,24,1,,"[""distributor""]",conformity-assessment,high-risk,"Before making a high-risk AI system available, distributors must verify CE marking, EU declaration, instructions and provider/importer compliance with specified identification and QMS obligations.","""Before making a high-risk AI system available on the market, distributors shall verify that it bears the required CE marking, that it is accompanied by a copy of the EU declaration of conformity referred to in Article 47 and instructions for use, and that the provider and the importer of that system, as applicable, have complied with their respective obligations as laid down in Article 16, points (b) and (c) and""",2026-08-02,Art. 113 second subparagraph,Art. 111(2): high-risk AI systems placed on the market or put into service before 2026-08-02 are covered only if they are subject to significant design changes from that date; providers and deployers of high-risk AI systems intended for public authorities must take necessary steps to comply by 2030-08-02. Art. 113(c) separately applies Article 6(1) and corresponding obligations from 2027-08-02.,Art. 99(4),medium,Relevant to distributors or resellers of high-risk legal-AI systems.,"[""Art. 47"", ""Art. 16(b)"", ""Art. 16(c)"", ""Art. 23(3)"", ""Annex III point 8""]",https://eur-lex.europa.eu/eli/reg/2024/1689/oj/eng#art_24
art-24-2-do-not-make-available-nonconforming,24,2,,"[""distributor""]",monitoring,high-risk,Distributors that consider a high-risk AI system non-conforming with Section 2 must not make it available until conformed and must notify provider or importer if it presents risk.,"""Where a distributor considers or has reason to consider, on the basis of the information in its possession, that a high-risk AI system is not in conformity with the requirements set out in Section 2, it shall not make the high-risk AI system available on the market until the system has been brought into conformity with those requirements. Furthermore, where the high-risk AI system presents a risk within the""",2026-08-02,Art. 113 second subparagraph,Art. 111(2): high-risk AI systems placed on the market or put into service before 2026-08-02 are covered only if they are subject to significant design changes from that date; providers and deployers of high-risk AI systems intended for public authorities must take necessary steps to comply by 2030-08-02. Art. 113(c) separately applies Article 6(1) and corresponding obligations from 2027-08-02.,Art. 99(4),medium,Relevant to legal-AI distributors that identify non-conformity or risk.,"[""Chapter III Section 2"", ""Art. 79(1)"", ""Annex III point 8""]",https://eur-lex.europa.eu/eli/reg/2024/1689/oj/eng#art_24
art-24-3-storage-transport-compliance,24,3,,"[""distributor""]",requirement,high-risk,Distributors must ensure storage or transport conditions under their responsibility do not jeopardise system compliance with Section 2 requirements.,"""Distributors shall ensure that, while a high-risk AI system is under their responsibility, storage or transport conditions, where applicable, do not jeopardise the compliance of the system with the requirements set out in Section 2.""",2026-08-02,Art. 113 second subparagraph,Art. 111(2): high-risk AI systems placed on the market or put into service before 2026-08-02 are covered only if they are subject to significant design changes from that date; providers and deployers of high-risk AI systems intended for public authorities must take necessary steps to comply by 2030-08-02. Art. 113(c) separately applies Article 6(1) and corresponding obligations from 2027-08-02.,Art. 99(4),low,Primarily supply-chain focused and indirect for legal practice.,"[""Chapter III Section 2"", ""Annex III point 8""]",https://eur-lex.europa.eu/eli/reg/2024/1689/oj/eng#art_24
art-24-4-corrective-actions-risk-information,24,4,,"[""distributor""]",monitoring,high-risk,"Distributors that consider a made-available high-risk AI system non-conforming must take or ensure corrective action, withdrawal or recall, and notify relevant operators and authorities if it presents risk.","""A distributor that considers or has reason to consider, on the basis of the information in its possession, a high-risk AI system which it has made available on the market not to be in conformity with the requirements set out in Section 2, shall take the corrective actions necessary to bring that system into conformity with those requirements, to withdraw it or recall it, or shall ensure that the provider, the""",2026-08-02,Art. 113 second subparagraph,Art. 111(2): high-risk AI systems placed on the market or put into service before 2026-08-02 are covered only if they are subject to significant design changes from that date; providers and deployers of high-risk AI systems intended for public authorities must take necessary steps to comply by 2030-08-02. Art. 113(c) separately applies Article 6(1) and corresponding obligations from 2027-08-02.,Art. 99(4),medium,Relevant to distributors managing defective legal-AI systems already on the market.,"[""Chapter III Section 2"", ""Art. 79(1)"", ""Annex III point 8""]",https://eur-lex.europa.eu/eli/reg/2024/1689/oj/eng#art_24
art-24-5-provide-authority-information,24,5,,"[""distributor""]",cooperation-with-authorities,high-risk,"Upon reasoned request, distributors must provide competent authorities all information and documentation about their Article 24 actions needed to demonstrate conformity.","""Upon a reasoned request from a relevant competent authority, distributors of a high-risk AI system shall provide that authority with all the information and documentation regarding their actions pursuant to paragraphs 1 to 4 necessary to demonstrate the conformity of that system with the requirements set out in Section 2.""",2026-08-02,Art. 113 second subparagraph,Art. 111(2): high-risk AI systems placed on the market or put into service before 2026-08-02 are covered only if they are subject to significant design changes from that date; providers and deployers of high-risk AI systems intended for public authorities must take necessary steps to comply by 2030-08-02. Art. 113(c) separately applies Article 6(1) and corresponding obligations from 2027-08-02.,Art. 99(4),medium,Relevant where authorities review a distributed legal-AI system.,"[""Art. 24(1)-(4)"", ""Annex III point 8""]",https://eur-lex.europa.eu/eli/reg/2024/1689/oj/eng#art_24
art-24-6-cooperate-authorities,24,6,,"[""distributor""]",cooperation-with-authorities,high-risk,"Distributors must cooperate with competent authorities in actions concerning high-risk AI systems they made available, especially risk reduction or mitigation.","""Distributors shall cooperate with the relevant competent authorities in any action those authorities take in relation to a high-risk AI system made available on the market by the distributors, in particular to reduce or mitigate the risk posed by it.""",2026-08-02,Art. 113 second subparagraph,Art. 111(2): high-risk AI systems placed on the market or put into service before 2026-08-02 are covered only if they are subject to significant design changes from that date; providers and deployers of high-risk AI systems intended for public authorities must take necessary steps to comply by 2030-08-02. Art. 113(c) separately applies Article 6(1) and corresponding obligations from 2027-08-02.,Art. 99(4),medium,Relevant to distribution chains for legal-AI tools subject to authority action.,"[""Annex III point 8""]",https://eur-lex.europa.eu/eli/reg/2024/1689/oj/eng#art_24
art-25-1-a-own-name-provider,25,1,a,"[""distributor"", ""importer"", ""deployer"", ""other""]",scope-or-definition,high-risk,"A distributor, importer, deployer or other third party becomes the provider of a high-risk AI system if it puts its name or trademark on an already placed or used system.","""they put their name or trademark on a high-risk AI system already placed on the market or put into service, without prejudice to contractual arrangements stipulating that the obligations are otherwise allocated;""",2026-08-02,Art. 113 second subparagraph,Art. 111(2): high-risk AI systems placed on the market or put into service before 2026-08-02 are covered only if they are subject to significant design changes from that date; providers and deployers of high-risk AI systems intended for public authorities must take necessary steps to comply by 2030-08-02. Art. 113(c) separately applies Article 6(1) and corresponding obligations from 2027-08-02.,Art. 99(4),high,A law firm or legal services organisation could become provider if it rebrands a high-risk legal AI system.,"[""Art. 16"", ""Annex III point 8""]",https://eur-lex.europa.eu/eli/reg/2024/1689/oj/eng#art_25
art-25-1-b-substantial-modification-provider,25,1,b,"[""distributor"", ""importer"", ""deployer"", ""other""]",scope-or-definition,high-risk,"A distributor, importer, deployer or other third party becomes provider if it substantially modifies an already marketed or used high-risk AI system so that it remains high-risk.","""they make a substantial modification to a high-risk AI system that has already been placed on the market or has already been put into service in such a way that it remains a high-risk AI system pursuant to Article 6;""",2026-08-02,Art. 113 second subparagraph,Art. 111(2): high-risk AI systems placed on the market or put into service before 2026-08-02 are covered only if they are subject to significant design changes from that date; providers and deployers of high-risk AI systems intended for public authorities must take necessary steps to comply by 2030-08-02. Art. 113(c) separately applies Article 6(1) and corresponding obligations from 2027-08-02.,Art. 99(4),high,"Law firms, courts or legal-tech integrators modifying high-risk legal AI may assume provider obligations.","[""Art. 6"", ""Art. 16"", ""Annex III point 8""]",https://eur-lex.europa.eu/eli/reg/2024/1689/oj/eng#art_25
art-25-1-c-purpose-modification-provider,25,1,c,"[""distributor"", ""importer"", ""deployer"", ""other""]",scope-or-definition,high-risk,"A distributor, importer, deployer or other third party becomes provider if it changes the intended purpose of a non-high-risk or general-purpose system so it becomes high-risk under Article 6.","""they modify the intended purpose of an AI system, including a general-purpose AI system, which has not been classified as high-risk and has already been placed on the market or put into service in such a way that the AI system concerned becomes a high-risk AI system in accordance with Article 6.""",2026-08-02,Art. 113 second subparagraph,Art. 111(2): high-risk AI systems placed on the market or put into service before 2026-08-02 are covered only if they are subject to significant design changes from that date; providers and deployers of high-risk AI systems intended for public authorities must take necessary steps to comply by 2030-08-02. Art. 113(c) separately applies Article 6(1) and corresponding obligations from 2027-08-02.,Art. 99(4),high,Legal teams adapting a general AI tool for judicial-assistance or high-risk legal use may become providers.,"[""Art. 6"", ""Art. 16"", ""Annex III point 8""]",https://eur-lex.europa.eu/eli/reg/2024/1689/oj/eng#art_25
art-25-2-initial-provider-cooperation,25,2,,"[""provider"", ""downstream-provider""]",cooperation-with-authorities,high-risk,"When Article 25(1) circumstances occur, the initial provider is no longer provider of that specific system and must cooperate with new providers by providing necessary information, technical access and assistance, unless it clearly barred high-risk conversion.","""Where the circumstances referred to in paragraph 1 occur, the provider that initially placed the AI system on the market or put it into service shall no longer be considered to be a provider of that specific AI system for the purposes of this Regulation. That initial provider shall closely cooperate with new providers and shall make available the necessary information and provide the reasonably expected technical""",2026-08-02,Art. 113 second subparagraph,Art. 111(2): high-risk AI systems placed on the market or put into service before 2026-08-02 are covered only if they are subject to significant design changes from that date; providers and deployers of high-risk AI systems intended for public authorities must take necessary steps to comply by 2030-08-02. Art. 113(c) separately applies Article 6(1) and corresponding obligations from 2027-08-02.,,high,Relevant to legal-AI customization contracts and vendor handovers when a tool is changed into high-risk legal use.,"[""Art. 25(1)"", ""Art. 43"", ""Art. 16""]",https://eur-lex.europa.eu/eli/reg/2024/1689/oj/eng#art_25
art-25-3-product-manufacturer-provider,25,3,,"[""product-manufacturer""]",scope-or-definition,high-risk,"For high-risk AI safety components of Annex I Section A products, the product manufacturer is considered the provider and subject to Article 16 where the listed name-or-trademark circumstances apply.","""In the case of high-risk AI systems that are safety components of products covered by the Union harmonisation legislation listed in Section A of Annex I, the product manufacturer shall be considered to be the provider of the high-risk AI system, and shall be subject to the obligations under Article 16 under either of the following circumstances:""",2026-08-02,Art. 113 second subparagraph,Art. 111(2): high-risk AI systems placed on the market or put into service before 2026-08-02 are covered only if they are subject to significant design changes from that date; providers and deployers of high-risk AI systems intended for public authorities must take necessary steps to comply by 2030-08-02. Art. 113(c) separately applies Article 6(1) and corresponding obligations from 2027-08-02.,Art. 99(4),low,Mostly product-sector oriented and rarely direct for ordinary legal practice.,"[""Annex I Section A"", ""Art. 16""]",https://eur-lex.europa.eu/eli/reg/2024/1689/oj/eng#art_25
art-25-4-written-value-chain-agreement,25,4,,"[""provider"", ""downstream-provider"", ""other""]",requirement,high-risk,"The high-risk AI provider and third parties supplying integrated systems, tools, services, components or processes must specify by written agreement necessary information, capabilities, technical access and assistance.","""The provider of a high-risk AI system and the third party that supplies an AI system, tools, services, components, or processes that are used or integrated in a high-risk AI system shall, by written agreement, specify the necessary information, capabilities, technical access and other assistance based on the generally acknowledged state of the art, in order to enable the provider of the high-risk AI system to""",2026-08-02,Art. 113 second subparagraph,Art. 111(2): high-risk AI systems placed on the market or put into service before 2026-08-02 are covered only if they are subject to significant design changes from that date; providers and deployers of high-risk AI systems intended for public authorities must take necessary steps to comply by 2030-08-02. Art. 113(c) separately applies Article 6(1) and corresponding obligations from 2027-08-02.,,high,"Direct for legal-AI vendors integrating third-party models, search tools, datasets or components into high-risk legal systems.","[""Art. 16"", ""Annex III point 8""]",https://eur-lex.europa.eu/eli/reg/2024/1689/oj/eng#art_25
art-25-4-ai-office-model-terms,25,4,model-terms,"[""ai-office""]",support-measure,high-risk,"The AI Office may develop, recommend and publish free voluntary model terms for contracts between high-risk AI providers and third-party suppliers of integrated tools, services, components or processes.","""The AI Office may develop and recommend voluntary model terms for contracts between providers of high-risk AI systems and third parties that supply tools, services, components or processes that are used for or integrated into high-risk AI systems. When developing those voluntary model terms, the AI Office shall take into account possible contractual requirements applicable in specific sectors or business cases.""",2026-08-02,Art. 113 second subparagraph,Art. 111(2): high-risk AI systems placed on the market or put into service before 2026-08-02 are covered only if they are subject to significant design changes from that date; providers and deployers of high-risk AI systems intended for public authorities must take necessary steps to comply by 2030-08-02. Art. 113(c) separately applies Article 6(1) and corresponding obligations from 2027-08-02.,,medium,"Model terms may shape legal-AI supply-chain contracts involving providers, model suppliers and data or component vendors.","[""Art. 25(4)""]",https://eur-lex.europa.eu/eli/reg/2024/1689/oj/eng#art_25
art-25-5-ip-confidentiality,25,5,,"[""provider"", ""downstream-provider"", ""other""]",scope-or-definition,high-risk,"Article 25(2) and (3) do not prejudice the need to observe and protect intellectual property rights, confidential business information and trade secrets under Union and national law.","""Paragraphs 2 and 3 are without prejudice to the need to observe and protect intellectual property rights, confidential business information and trade secrets in accordance with Union and national law.""",2026-08-02,Art. 113 second subparagraph,Art. 111(2): high-risk AI systems placed on the market or put into service before 2026-08-02 are covered only if they are subject to significant design changes from that date; providers and deployers of high-risk AI systems intended for public authorities must take necessary steps to comply by 2030-08-02. Art. 113(c) separately applies Article 6(1) and corresponding obligations from 2027-08-02.,,medium,"Relevant to legal-AI contracts and disputes involving access to model, data or system documentation and trade secrets.","[""Art. 25(2)"", ""Art. 25(3)""]",https://eur-lex.europa.eu/eli/reg/2024/1689/oj/eng#art_25
art-26-1-use-according-to-instructions,26,1,,"[""deployer""]",requirement,high-risk,"Deployers must take appropriate technical and organisational measures to ensure high-risk AI systems are used according to the accompanying instructions for use, subject to paragraphs 3 and 6.","""Deployers of high-risk AI systems shall take appropriate technical and organisational measures to ensure they use such systems in accordance with the instructions for use accompanying the systems, pursuant to paragraphs 3 and 6.""",2026-08-02,Art. 113 second subparagraph,Art. 111(2): high-risk AI systems placed on the market or put into service before 2026-08-02 are covered only if they are subject to significant design changes from that date; providers and deployers of high-risk AI systems intended for public authorities must take necessary steps to comply by 2030-08-02. Art. 113(c) separately applies Article 6(1) and corresponding obligations from 2027-08-02.,Art. 99(4),high,"Direct for law firms, in-house legal teams, courts or public bodies deploying a high-risk legal AI system, especially systems within Annex III point 8.","[""Art. 13"", ""Annex III point 8""]",https://eur-lex.europa.eu/eli/reg/2024/1689/oj/eng#art_26
art-26-2-assign-human-oversight,26,2,,"[""deployer""]",human-oversight,high-risk,"Deployers must assign human oversight to natural persons with the necessary competence, training, authority and support.","""Deployers shall assign human oversight to natural persons who have the necessary competence, training and authority, as well as the necessary support.""",2026-08-02,Art. 113 second subparagraph,Art. 111(2): high-risk AI systems placed on the market or put into service before 2026-08-02 are covered only if they are subject to significant design changes from that date; providers and deployers of high-risk AI systems intended for public authorities must take necessary steps to comply by 2030-08-02. Art. 113(c) separately applies Article 6(1) and corresponding obligations from 2027-08-02.,Art. 99(4),high,"Direct for law firms, legal teams and courts assigning lawyers, judges or trained staff to oversee high-risk AI.","[""Art. 14"", ""Annex III point 8""]",https://eur-lex.europa.eu/eli/reg/2024/1689/oj/eng#art_26
art-26-3-deployer-law-and-resources,26,3,,"[""deployer""]",scope-or-definition,high-risk,Article 26(1) and (2) do not prejudice other deployer obligations under Union or national law or the deployer’s freedom to organise resources for provider-indicated oversight measures.,"""The obligations set out in paragraphs 1 and 2, are without prejudice to other deployer obligations under Union or national law and to the deployer’s freedom to organise its own resources and activities for the purpose of implementing the human oversight measures indicated by the provider.""",2026-08-02,Art. 113 second subparagraph,Art. 111(2): high-risk AI systems placed on the market or put into service before 2026-08-02 are covered only if they are subject to significant design changes from that date; providers and deployers of high-risk AI systems intended for public authorities must take necessary steps to comply by 2030-08-02. Art. 113(c) separately applies Article 6(1) and corresponding obligations from 2027-08-02.,Art. 99(4),medium,"Clarifies that legal-professional, court, employment, data-protection and other obligations can coexist with AI Act deployer duties.","[""Art. 26(1)"", ""Art. 26(2)"", ""Art. 14"", ""Annex III point 8""]",https://eur-lex.europa.eu/eli/reg/2024/1689/oj/eng#art_26
art-26-4-input-data-relevance,26,4,,"[""deployer""]",data-governance,high-risk,"Where the deployer controls input data, the deployer must ensure the input data is relevant and sufficiently representative for the intended purpose of the high-risk AI system.","""Without prejudice to paragraphs 1 and 2, to the extent the deployer exercises control over the input data, that deployer shall ensure that input data is relevant and sufficiently representative in view of the intended purpose of the high-risk AI system.""",2026-08-02,Art. 113 second subparagraph,Art. 111(2): high-risk AI systems placed on the market or put into service before 2026-08-02 are covered only if they are subject to significant design changes from that date; providers and deployers of high-risk AI systems intended for public authorities must take necessary steps to comply by 2030-08-02. Art. 113(c) separately applies Article 6(1) and corresponding obligations from 2027-08-02.,Art. 99(4),high,"Direct for legal deployers feeding matter, client, case, evidence or employee data into high-risk legal AI.","[""Art. 13"", ""Annex III point 8"", ""Annex III point 8""]",https://eur-lex.europa.eu/eli/reg/2024/1689/oj/eng#art_26
art-26-5-monitor-inform-suspend-incidents,26,5,,"[""deployer""]",monitoring,high-risk,"Deployers must monitor operation using instructions, inform providers under Article 72 where relevant, notify and suspend use when risk is suspected, and report serious incidents through the prescribed chain.","""Deployers shall monitor the operation of the high-risk AI system on the basis of the instructions for use and, where relevant, inform providers in accordance with Article 72. Where deployers have reason to consider that the use of the high-risk AI system in accordance with the instructions may result in that AI system presenting a risk within the meaning of Article 79(1), they shall, without undue delay, inform""",2026-08-02,Art. 113 second subparagraph,Art. 111(2): high-risk AI systems placed on the market or put into service before 2026-08-02 are covered only if they are subject to significant design changes from that date; providers and deployers of high-risk AI systems intended for public authorities must take necessary steps to comply by 2030-08-02. Art. 113(c) separately applies Article 6(1) and corresponding obligations from 2027-08-02.,Art. 99(4),high,Direct for law firms and courts monitoring high-risk legal AI and escalating risks or serious incidents affecting rights.,"[""Art. 72"", ""Art. 73"", ""Art. 79(1)"", ""Annex III point 8""]",https://eur-lex.europa.eu/eli/reg/2024/1689/oj/eng#art_26
art-26-6-keep-logs-six-months,26,6,,"[""deployer""]",record-keeping,high-risk,Deployers must keep automatically generated logs under their control for a period appropriate to intended purpose and at least six months unless other Union or national law provides otherwise.,"""Deployers of high-risk AI systems shall keep the logs automatically generated by that high-risk AI system to the extent such logs are under their control, for a period appropriate to the intended purpose of the high-risk AI system, of at least six months, unless provided otherwise in applicable Union or national law, in particular in Union law on the protection of personal data.""",2026-08-02,Art. 113 second subparagraph,Art. 111(2): high-risk AI systems placed on the market or put into service before 2026-08-02 are covered only if they are subject to significant design changes from that date; providers and deployers of high-risk AI systems intended for public authorities must take necessary steps to comply by 2030-08-02. Art. 113(c) separately applies Article 6(1) and corresponding obligations from 2027-08-02.,Art. 99(4),high,"Especially important for law firms and courts because six-month log retention supports audits, complaints, incident review and evidence of high-risk AI use.","[""Art. 12"", ""Art. 19"", ""Annex III point 8""]",https://eur-lex.europa.eu/eli/reg/2024/1689/oj/eng#art_26
art-26-7-workplace-notice,26,7,,"[""deployer""]",information-to-persons,high-risk,Employer deployers must inform workers’ representatives and affected workers before putting into service or using a high-risk AI system at the workplace.,"""Before putting into service or using a high-risk AI system at the workplace, deployers who are employers shall inform workers’ representatives and the affected workers that they will be subject to the use of the high-risk AI system. This information shall be provided, where applicable, in accordance with the rules and procedures laid down in Union and national law and practice on information of workers and their""",2026-08-02,Art. 113 second subparagraph,Art. 111(2): high-risk AI systems placed on the market or put into service before 2026-08-02 are covered only if they are subject to significant design changes from that date; providers and deployers of high-risk AI systems intended for public authorities must take necessary steps to comply by 2030-08-02. Art. 113(c) separately applies Article 6(1) and corresponding obligations from 2027-08-02.,Art. 99(4),high,"Direct for law firms, courts and legal departments using high-risk AI to manage, monitor or affect workers.","[""Art. 2(11)"", ""Annex III point 4"", ""Annex III point 8""]",https://eur-lex.europa.eu/eli/reg/2024/1689/oj/eng#art_26
art-26-8-public-authority-registration,26,8,,"[""deployer"", ""public-authority-deployer""]",registration,high-risk,Public-authority and Union-institution deployers must comply with Article 49 registration obligations and must not use an unregistered envisaged system in the EU database.,"""Deployers of high-risk AI systems that are public authorities, or Union institutions, bodies, offices or agencies shall comply with the registration obligations referred to in Article 49. When such deployers find that the high-risk AI system that they envisage using has not been registered in the EU database referred to in Article 71, they shall not use that system and shall inform the provider or the distributor.""",2026-08-02,Art. 113 second subparagraph,Art. 111(2): high-risk AI systems placed on the market or put into service before 2026-08-02 are covered only if they are subject to significant design changes from that date; providers and deployers of high-risk AI systems intended for public authorities must take necessary steps to comply by 2030-08-02. Art. 113(c) separately applies Article 6(1) and corresponding obligations from 2027-08-02.,Art. 99(4),high,"Direct for courts and public bodies deploying high-risk AI, including judicial-assistance systems within Annex III point 8.","[""Art. 49"", ""Art. 71"", ""Annex III point 8"", ""Annex III point 8""]",https://eur-lex.europa.eu/eli/reg/2024/1689/oj/eng#art_26
art-26-9-dpia-information-use,26,9,,"[""deployer""]",documentation,high-risk,"Deployers must use Article 13 information, where applicable, to comply with data protection impact assessment obligations under GDPR or Directive (EU) 2016/680.","""Where applicable, deployers of high-risk AI systems shall use the information provided under Article 13 of this Regulation to comply with their obligation to carry out a data protection impact assessment under Article 35 of Regulation (EU) 2016/679 or Article 27 of Directive (EU) 2016/680.""",2026-08-02,Art. 113 second subparagraph,Art. 111(2): high-risk AI systems placed on the market or put into service before 2026-08-02 are covered only if they are subject to significant design changes from that date; providers and deployers of high-risk AI systems intended for public authorities must take necessary steps to comply by 2030-08-02. Art. 113(c) separately applies Article 6(1) and corresponding obligations from 2027-08-02.,Art. 99(4),high,"Direct for legal deployers processing personal data in high-risk systems, including courts and public bodies.","[""Art. 13"", ""Regulation (EU) 2016/679 Art. 35"", ""Directive (EU) 2016/680 Art. 27"", ""Annex III point 8""]",https://eur-lex.europa.eu/eli/reg/2024/1689/oj/eng#art_26
art-26-10-post-remote-biometric-authorisation,26,10,,"[""deployer"", ""public-authority-deployer""]",human-oversight,high-risk,"Deployers using post-remote biometric identification for targeted criminal investigations must obtain ex ante or prompt binding judicial or administrative authorisation, limit each use, stop and delete data if refused, document use and report annually.","""Without prejudice to Directive (EU) 2016/680, in the framework of an investigation for the targeted search of a person suspected or convicted of having committed a criminal offence, the deployer of a high-risk AI system for post-remote biometric identification shall request an authorisation, ex ante, or without undue delay and no later than 48 hours, by a judicial authority or an administrative authority whose""",2026-08-02,Art. 113 second subparagraph,Art. 111(2): high-risk AI systems placed on the market or put into service before 2026-08-02 are covered only if they are subject to significant design changes from that date; providers and deployers of high-risk AI systems intended for public authorities must take necessary steps to comply by 2030-08-02. Art. 113(c) separately applies Article 6(1) and corresponding obligations from 2027-08-02.,Art. 99(4),medium,"Relevant to criminal-justice and court oversight of biometric identification, though less direct to ordinary law-firm AI.","[""Directive (EU) 2016/680"", ""Regulation (EU) 2016/679 Art. 9"", ""Annex III point 8""]",https://eur-lex.europa.eu/eli/reg/2024/1689/oj/eng#art_26
art-26-11-inform-natural-persons,26,11,,"[""deployer""]",information-to-persons,high-risk,Deployers of Annex III high-risk AI systems that make or assist decisions about natural persons must inform those persons that they are subject to use of the high-risk AI system.,"""Without prejudice to Article 50 of this Regulation, deployers of high-risk AI systems referred to in Annex III that make decisions or assist in making decisions related to natural persons shall inform the natural persons that they are subject to the use of the high-risk AI system. For high-risk AI systems used for law enforcement purposes Article 13 of Directive (EU) 2016/680 shall apply.""",2026-08-02,Art. 113 second subparagraph,Art. 111(2): high-risk AI systems placed on the market or put into service before 2026-08-02 are covered only if they are subject to significant design changes from that date; providers and deployers of high-risk AI systems intended for public authorities must take necessary steps to comply by 2030-08-02. Art. 113(c) separately applies Article 6(1) and corresponding obligations from 2027-08-02.,Art. 99(4),high,"Direct for courts, public bodies or legal services using high-risk AI to assist decisions affecting natural persons.","[""Annex III"", ""Art. 50"", ""Directive (EU) 2016/680 Art. 13"", ""Annex III point 8""]",https://eur-lex.europa.eu/eli/reg/2024/1689/oj/eng#art_26
art-26-12-cooperate-authorities,26,12,,"[""deployer""]",cooperation-with-authorities,high-risk,Deployers must cooperate with relevant competent authorities in actions concerning the high-risk AI system to implement the Regulation.,"""Deployers shall cooperate with the relevant competent authorities in any action those authorities take in relation to the high-risk AI system in order to implement this Regulation.""",2026-08-02,Art. 113 second subparagraph,Art. 111(2): high-risk AI systems placed on the market or put into service before 2026-08-02 are covered only if they are subject to significant design changes from that date; providers and deployers of high-risk AI systems intended for public authorities must take necessary steps to comply by 2030-08-02. Art. 113(c) separately applies Article 6(1) and corresponding obligations from 2027-08-02.,Art. 99(4),high,"Direct for law firms, legal teams, courts and public bodies deploying high-risk AI under authority scrutiny.","[""Annex III point 8""]",https://eur-lex.europa.eu/eli/reg/2024/1689/oj/eng#art_26
art-27-1-fundamental-rights-impact-assessment,27,1,,"[""deployer"", ""public-authority-deployer""]",risk-management,high-risk,"Before deploying specified Article 6(2) high-risk AI systems, covered public-law bodies, private public-service entities and certain credit or insurance deployers must perform a fundamental-rights impact assessment.","""Prior to deploying a high-risk AI system referred to in Article 6(2), with the exception of high-risk AI systems intended to be used in the area listed in point 2 of Annex III, deployers that are bodies governed by public law, or are private entities providing public services, and deployers of high-risk AI systems referred to in points 5 (b) and (c) of Annex III, shall perform an assessment of the impact on""",2026-08-02,Art. 113 second subparagraph,Art. 111(2): high-risk AI systems placed on the market or put into service before 2026-08-02 are covered only if they are subject to significant design changes from that date; providers and deployers of high-risk AI systems intended for public authorities must take necessary steps to comply by 2030-08-02. Art. 113(c) separately applies Article 6(1) and corresponding obligations from 2027-08-02.,,high,"Direct for courts and public bodies deploying high-risk legal AI, including administration-of-justice systems, and for covered private entities.","[""Art. 6(2)"", ""Annex III point 5(b)"", ""Annex III point 5(c)"", ""Annex III point 8""]",https://eur-lex.europa.eu/eli/reg/2024/1689/oj/eng#art_27
art-27-1-a-f-fria-contents,27,1,a-f,"[""deployer"", ""public-authority-deployer""]",documentation,high-risk,"The FRIA must describe deployer processes, duration and frequency of use, affected persons or groups, specific harm risks, human oversight implementation and measures for risk materialisation.","""a description of the deployer’s processes in which the high-risk AI system will be used in line with its intended purpose;""",2026-08-02,Art. 113 second subparagraph,Art. 111(2): high-risk AI systems placed on the market or put into service before 2026-08-02 are covered only if they are subject to significant design changes from that date; providers and deployers of high-risk AI systems intended for public authorities must take necessary steps to comply by 2030-08-02. Art. 113(c) separately applies Article 6(1) and corresponding obligations from 2027-08-02.,,high,"Critical for courts and public bodies documenting how high-risk legal AI may affect litigants, clients, workers or other natural persons.","[""Art. 13"", ""Annex III point 8""]",https://eur-lex.europa.eu/eli/reg/2024/1689/oj/eng#art_27
art-27-2-first-use-updates,27,2,,"[""deployer"", ""public-authority-deployer""]",risk-management,high-risk,The FRIA obligation applies to first use; deployers may rely on prior assessments in similar cases but must update information when listed elements change or become outdated.,"""The obligation laid down in paragraph 1 applies to the first use of the high-risk AI system. The deployer may, in similar cases, rely on previously conducted fundamental rights impact assessments or existing impact assessments carried out by provider. If, during the use of the high-risk AI system, the deployer considers that any of the elements listed in paragraph 1 has changed or is no longer up to date, the""",2026-08-02,Art. 113 second subparagraph,Art. 111(2): high-risk AI systems placed on the market or put into service before 2026-08-02 are covered only if they are subject to significant design changes from that date; providers and deployers of high-risk AI systems intended for public authorities must take necessary steps to comply by 2030-08-02. Art. 113(c) separately applies Article 6(1) and corresponding obligations from 2027-08-02.,,high,"Relevant to courts, public bodies and legal services reusing or updating high-risk legal-AI deployments across similar matters.","[""Art. 27(1)""]",https://eur-lex.europa.eu/eli/reg/2024/1689/oj/eng#art_27
art-27-3-notify-market-surveillance-authority,27,3,,"[""deployer"", ""public-authority-deployer"", ""market-surveillance-authority""]",cooperation-with-authorities,high-risk,"After performing a FRIA, the deployer must notify the market surveillance authority of results by submitting the completed Article 27(5) template, subject to the Article 46(1) exemption.","""Once the assessment referred to in paragraph 1 of this Article has been performed, the deployer shall notify the market surveillance authority of its results, submitting the filled-out template referred to in paragraph 5 of this Article as part of the notification. In the case referred to in Article 46(1), deployers may be exempt from that obligation to notify.""",2026-08-02,Art. 113 second subparagraph,Art. 111(2): high-risk AI systems placed on the market or put into service before 2026-08-02 are covered only if they are subject to significant design changes from that date; providers and deployers of high-risk AI systems intended for public authorities must take necessary steps to comply by 2030-08-02. Art. 113(c) separately applies Article 6(1) and corresponding obligations from 2027-08-02.,,high,Direct for public bodies and courts required to submit FRIA results for high-risk legal AI.,"[""Art. 27(5)"", ""Art. 46(1)"", ""Annex III point 8""]",https://eur-lex.europa.eu/eli/reg/2024/1689/oj/eng#art_27
art-27-4-dpia-complement,27,4,,"[""deployer"", ""public-authority-deployer""]",documentation,high-risk,"Where Article 27 obligations are already met through a GDPR or law-enforcement data protection impact assessment, the FRIA must complement that DPIA.","""If any of the obligations laid down in this Article is already met through the data protection impact assessment conducted pursuant to Article 35 of Regulation (EU) 2016/679 or Article 27 of Directive (EU) 2016/680, the fundamental rights impact assessment referred to in paragraph 1 of this Article shall complement that data protection impact assessment.""",2026-08-02,Art. 113 second subparagraph,Art. 111(2): high-risk AI systems placed on the market or put into service before 2026-08-02 are covered only if they are subject to significant design changes from that date; providers and deployers of high-risk AI systems intended for public authorities must take necessary steps to comply by 2030-08-02. Art. 113(c) separately applies Article 6(1) and corresponding obligations from 2027-08-02.,,high,Legal AI often processes personal data; courts and law firms may need a FRIA that complements data-protection impact assessment work.,"[""Regulation (EU) 2016/679 Art. 35"", ""Directive (EU) 2016/680 Art. 27""]",https://eur-lex.europa.eu/eli/reg/2024/1689/oj/eng#art_27
art-27-5-ai-office-template,27,5,,"[""ai-office""]",support-measure,high-risk,"The AI Office must develop a questionnaire template, including through an automated tool, to help deployers comply with Article 27 obligations in a simplified manner.","""The AI Office shall develop a template for a questionnaire, including through an automated tool, to facilitate deployers in complying with their obligations under this Article in a simplified manner.""",2026-08-02,Art. 113 second subparagraph,Art. 111(2): high-risk AI systems placed on the market or put into service before 2026-08-02 are covered only if they are subject to significant design changes from that date; providers and deployers of high-risk AI systems intended for public authorities must take necessary steps to comply by 2030-08-02. Art. 113(c) separately applies Article 6(1) and corresponding obligations from 2027-08-02.,,medium,"Template design will affect how courts, public bodies and legal deployers document FRIAs.","[""Art. 27(1)""]",https://eur-lex.europa.eu/eli/reg/2024/1689/oj/eng#art_27
art-28-1-designate-notifying-authority,28,1,,"[""member-state"", ""notifying-authority""]",governance-institutional,high-risk,"Each Member State must designate or establish at least one notifying authority for assessment, designation, notification and monitoring of conformity assessment bodies, with procedures developed cooperatively among Member States.","""Each Member State shall designate or establish at least one notifying authority responsible for setting up and carrying out the necessary procedures for the assessment, designation and notification of conformity assessment bodies and for their monitoring. Those procedures shall be developed in cooperation between the notifying authorities of all Member States.""",2025-08-02,Art. 113(b),,,low,Primarily institutional or governance machinery; legal practices are affected only indirectly.,[],https://eur-lex.europa.eu/eli/reg/2024/1689/oj/eng#art_28
art-28-2-national-accreditation-body-option,28,2,,"[""member-state"", ""notifying-authority""]",governance-institutional,high-risk,Member States may decide that Article 28(1) assessment and monitoring are carried out by a national accreditation body under Regulation (EC) No 765/2008.,"""Member States may decide that the assessment and monitoring referred to in paragraph 1 is to be carried out by a national accreditation body within the meaning of, and in accordance with, Regulation (EC) No 765/2008.""",2025-08-02,Art. 113(b),,,none,Institutional accreditation machinery with little direct effect on legal practice.,"[""Regulation (EC) No 765/2008""]",https://eur-lex.europa.eu/eli/reg/2024/1689/oj/eng#art_28
art-28-3-no-conflict-impartiality,28,3,,"[""member-state"", ""notifying-authority""]",governance-institutional,high-risk,"Notifying authorities must be established, organised and operated to avoid conflicts of interest with conformity assessment bodies and safeguard objectivity and impartiality.","""Notifying authorities shall be established, organised and operated in such a way that no conflict of interest arises with conformity assessment bodies, and that the objectivity and impartiality of their activities are safeguarded.""",2025-08-02,Art. 113(b),,,low,Primarily institutional or governance machinery; legal practices are affected only indirectly.,[],https://eur-lex.europa.eu/eli/reg/2024/1689/oj/eng#art_28
art-28-4-separate-decision-personnel,28,4,,"[""member-state"", ""notifying-authority""]",governance-institutional,high-risk,Notifying authorities must be organised so notification decisions are taken by competent persons different from those who assessed the conformity assessment bodies.,"""Notifying authorities shall be organised in such a way that decisions relating to the notification of conformity assessment bodies are taken by competent persons different from those who carried out the assessment of those bodies.""",2025-08-02,Art. 113(b),,,none,"Institutional safeguard for notified-body designation, not a direct legal-practice duty.",[],https://eur-lex.europa.eu/eli/reg/2024/1689/oj/eng#art_28
art-28-5-no-conformity-or-consultancy-services,28,5,,"[""member-state"", ""notifying-authority""]",governance-institutional,high-risk,Notifying authorities must not offer or provide conformity-assessment activities or consultancy services on a commercial or competitive basis.,"""Notifying authorities shall offer or provide neither any activities that conformity assessment bodies perform, nor any consultancy services on a commercial or competitive basis.""",2025-08-02,Art. 113(b),,,none,Institutional safeguard and not directly relevant to law-firm or court AI use.,[],https://eur-lex.europa.eu/eli/reg/2024/1689/oj/eng#art_28
art-28-6-confidentiality,28,6,,"[""member-state"", ""notifying-authority""]",governance-institutional,high-risk,Notifying authorities must safeguard the confidentiality of information they obtain in accordance with Article 78.,"""Notifying authorities shall safeguard the confidentiality of the information that they obtain, in accordance with Article 78.""",2025-08-02,Art. 113(b),,,low,Relevant only indirectly where legal-AI providers submit confidential information in conformity-assessment structures.,"[""Art. 78""]",https://eur-lex.europa.eu/eli/reg/2024/1689/oj/eng#art_28
art-28-7-competent-personnel,28,7,,"[""member-state"", ""notifying-authority""]",governance-institutional,high-risk,"Notifying authorities must have enough competent personnel with necessary expertise, where applicable including information technologies, AI and law, including fundamental-rights supervision.","""Notifying authorities shall have an adequate number of competent personnel at their disposal for the proper performance of their tasks. Competent personnel shall have the necessary expertise, where applicable, for their function, in fields such as information technologies, AI and law, including the supervision of fundamental rights.""",2025-08-02,Art. 113(b),,,low,Institutional capacity affects quality of oversight of high-risk legal AI but is not a direct deployer duty.,[],https://eur-lex.europa.eu/eli/reg/2024/1689/oj/eng#art_28
art-29-1,29,1,,"[""other""]",requirement,high-risk,A conformity assessment body seeking notification must submit its application to the notifying authority in the Member State where it is established.,"""Conformity assessment bodies shall submit an application for notification to the notifying authority of the Member State in which they are established.""",2025-08-02,Art. 113(b),,,low,Notified-body infrastructure; indirect relevance to legal-AI vendors seeking or relying on high-risk conformity assessment.,"[""Art. 31""]",https://eur-lex.europa.eu/eli/reg/2024/1689/oj/eng#art_29
art-29-2,29,2,,"[""other""]",documentation,high-risk,"The notification application must describe the conformity assessment activities, modules and AI-system types, and include an accreditation certificate where one exists.","""The application for notification shall be accompanied by a description of the conformity assessment activities, the conformity assessment module or modules and the types of AI systems for which the conformity assessment body claims to be competent, as well as by an accreditation certificate, where one exists, issued by a national accreditation""",2025-08-02,Art. 113(b),,,low,Notified-body infrastructure; indirect relevance to legal-AI vendors seeking or relying on high-risk conformity assessment.,"[""Art. 31""]",https://eur-lex.europa.eu/eli/reg/2024/1689/oj/eng#art_29
art-29-3,29,3,,"[""other""]",documentation,high-risk,"If no accreditation certificate is available, the conformity assessment body must provide documentary evidence needed to verify and monitor Article 31 compliance.","""Where the conformity assessment body concerned cannot provide an accreditation certificate, it shall provide the notifying authority with all the documentary evidence necessary for the verification, recognition and regular monitoring of its compliance with the requirements laid down in Article 31.""",2025-08-02,Art. 113(b),,,low,Notified-body infrastructure; indirect relevance to legal-AI vendors seeking or relying on high-risk conformity assessment.,"[""Art. 31""]",https://eur-lex.europa.eu/eli/reg/2024/1689/oj/eng#art_29
art-29-4,29,4,,"[""notified-body""]",documentation,high-risk,"A notified body designated under other Union harmonisation legislation may use those documents, and must update the supporting documentation when relevant changes occur.","""For notified bodies which are designated under any other Union harmonisation legislation, all documents and certificates linked to those designations may be used to support their designation procedure under this Regulation, as appropriate. The notified body shall update the documentation referred to in paragraphs 2 and 3 of this Article whenever relevant""",2025-08-02,Art. 113(b),,Art. 99(4),low,Notified-body infrastructure; indirect relevance to legal-AI vendors seeking or relying on high-risk conformity assessment.,"[""Art. 31""]",https://eur-lex.europa.eu/eli/reg/2024/1689/oj/eng#art_29
art-30-1,30,1,,"[""notifying-authority""]",governance-institutional,high-risk,A notifying authority may notify only conformity assessment bodies that have satisfied the Article 31 notified-body requirements.,"""Notifying authorities may notify only conformity assessment bodies which have satisfied the requirements laid down in Article 31.""",2025-08-02,Art. 113(b),,,low,Notified-body infrastructure; indirect relevance to legal-AI vendors seeking or relying on high-risk conformity assessment.,"[""Art. 31""]",https://eur-lex.europa.eu/eli/reg/2024/1689/oj/eng#art_30
art-30-2,30,2,,"[""notifying-authority""]",cooperation-with-authorities,high-risk,Notifying authorities must notify the Commission and other Member States of each eligible conformity assessment body using the Commission electronic notification tool.,"""Notifying authorities shall notify the Commission and the other Member States, using the electronic notification tool developed and managed by the Commission, of each conformity assessment body referred to in paragraph 1.""",2025-08-02,Art. 113(b),,,low,Notified-body infrastructure; indirect relevance to legal-AI vendors seeking or relying on high-risk conformity assessment.,"[""Art. 29"", ""Art. 31""]",https://eur-lex.europa.eu/eli/reg/2024/1689/oj/eng#art_30
art-30-3,30,3,,"[""notifying-authority""]",documentation,high-risk,"A notification must include details of activities, modules, AI-system types and competence evidence, including monitoring arrangements when accreditation is absent.","""The notification referred to in paragraph 2 of this Article shall include full details of the conformity assessment activities, the conformity assessment module or modules, the types of AI systems concerned, and the relevant attestation of competence. Where a notification is not based on an accreditation certificate as referred to in Article""",2025-08-02,Art. 113(b),,,low,Notified-body infrastructure; indirect relevance to legal-AI vendors seeking or relying on high-risk conformity assessment.,"[""Art. 29(2)"", ""Art. 29(3)"", ""Art. 31""]",https://eur-lex.europa.eu/eli/reg/2024/1689/oj/eng#art_30
art-30-4,30,4,,"[""other""]",requirement,high-risk,The conformity assessment body may perform notified-body activities only after the Article 30 no-objection periods expire without objections.,"""The conformity assessment body concerned may perform the activities of a notified body only where no objections are raised by the Commission or the other Member States within two weeks of a notification by a notifying authority where it includes an accreditation certificate referred to in Article 29(2), or within two months""",2025-08-02,Art. 113(b),,,low,Notified-body infrastructure; indirect relevance to legal-AI vendors seeking or relying on high-risk conformity assessment.,"[""Art. 29""]",https://eur-lex.europa.eu/eli/reg/2024/1689/oj/eng#art_30
art-30-5,30,5,,"[""commission""]",governance-institutional,high-risk,"Where objections are raised, the Commission must consult the relevant Member States and body, decide whether authorisation is justified, and address its decision to them.","""Where objections are raised, the Commission shall, without delay, enter into consultations with the relevant Member States and the conformity assessment body. In view thereof, the Commission shall decide whether the authorisation is justified. The Commission shall address its decision to the Member State concerned and to the relevant conformity assessment body.""",2025-08-02,Art. 113(b),,,low,Notified-body infrastructure; indirect relevance to legal-AI vendors seeking or relying on high-risk conformity assessment.,"[""Art. 29"", ""Art. 31""]",https://eur-lex.europa.eu/eli/reg/2024/1689/oj/eng#art_30
art-31-1,31,1,,"[""notified-body""]",requirement,high-risk,A notified body must be established under Member State national law and have legal personality.,"""A notified body shall be established under the national law of a Member State and shall have legal personality.""",2025-08-02,Art. 113(b),,Art. 99(4),low,Notified-body infrastructure; indirect relevance to legal-AI vendors seeking or relying on high-risk conformity assessment.,[],https://eur-lex.europa.eu/eli/reg/2024/1689/oj/eng#art_31
art-31-2,31,2,,"[""notified-body""]",quality-management,high-risk,"Notified bodies must meet organisational, quality management, resource, process and cybersecurity requirements necessary to fulfil their tasks.","""Notified bodies shall satisfy the organisational, quality management, resources and process requirements that are necessary to fulfil their tasks, as well as suitable cybersecurity requirements.""",2025-08-02,Art. 113(b),,Art. 99(4),low,Notified-body infrastructure; indirect relevance to legal-AI vendors seeking or relying on high-risk conformity assessment.,[],https://eur-lex.europa.eu/eli/reg/2024/1689/oj/eng#art_31
art-31-3,31,3,,"[""notified-body""]",quality-management,high-risk,"A notified body’s structure, responsibilities, reporting lines and operation must ensure confidence in performance and conformity assessment results.","""The organisational structure, allocation of responsibilities, reporting lines and operation of notified bodies shall ensure confidence in their performance, and in the results of the conformity assessment activities that the notified bodies conduct.""",2025-08-02,Art. 113(b),,Art. 99(4),low,Notified-body infrastructure; indirect relevance to legal-AI vendors seeking or relying on high-risk conformity assessment.,[],https://eur-lex.europa.eu/eli/reg/2024/1689/oj/eng#art_31
art-31-4,31,4,,"[""notified-body""]",requirement,high-risk,"Notified bodies must remain independent from the high-risk AI provider, other economically interested operators and provider competitors.","""Notified bodies shall be independent of the provider of a high-risk AI system in relation to which they perform conformity assessment activities. Notified bodies shall also be independent of any other operator having an economic interest in high-risk AI systems assessed, as well as of any competitors of the provider. This shall""",2025-08-02,Art. 113(b),,Art. 99(4),low,Notified-body infrastructure; indirect relevance to legal-AI vendors seeking or relying on high-risk conformity assessment.,[],https://eur-lex.europa.eu/eli/reg/2024/1689/oj/eng#art_31
art-31-5,31,5,,"[""notified-body""]",requirement,high-risk,"A conformity assessment body, top management and assessment personnel must avoid direct involvement, representation and activities conflicting with independence or integrity.","""Neither a conformity assessment body, its top-level management nor the personnel responsible for carrying out its conformity assessment tasks shall be directly involved in the design, development, marketing or use of high-risk AI systems, nor shall they represent the parties engaged in those activities. They shall not engage in any activity that""",2025-08-02,Art. 113(b),,Art. 99(4),low,Notified-body infrastructure; indirect relevance to legal-AI vendors seeking or relying on high-risk conformity assessment.,[],https://eur-lex.europa.eu/eli/reg/2024/1689/oj/eng#art_31
art-31-6,31,6,,"[""notified-body""]",quality-management,high-risk,"Notified bodies must organise and operate to safeguard independence, objectivity and impartiality, and document procedures applying impartiality principles.","""Notified bodies shall be organised and operated so as to safeguard the independence, objectivity and impartiality of their activities. Notified bodies shall document and implement a structure and procedures to safeguard impartiality and to promote and apply the principles of impartiality throughout their organisation, personnel and assessment activities.""",2025-08-02,Art. 113(b),,Art. 99(4),low,Notified-body infrastructure; indirect relevance to legal-AI vendors seeking or relying on high-risk conformity assessment.,[],https://eur-lex.europa.eu/eli/reg/2024/1689/oj/eng#art_31
art-31-7,31,7,,"[""notified-body""]",record-keeping,high-risk,Notified bodies must maintain documented confidentiality procedures and bind staff to professional secrecy for information obtained in conformity assessment tasks.,"""Notified bodies shall have documented procedures in place ensuring that their personnel, committees, subsidiaries, subcontractors and any associated body or personnel of external bodies maintain, in accordance with Article 78, the confidentiality of the information which comes into their possession during the performance of conformity assessment activities, except when its disclosure is""",2025-08-02,Art. 113(b),,Art. 99(4),low,Notified-body infrastructure; indirect relevance to legal-AI vendors seeking or relying on high-risk conformity assessment.,"[""Art. 78""]",https://eur-lex.europa.eu/eli/reg/2024/1689/oj/eng#art_31
art-31-8,31,8,,"[""notified-body""]",requirement,high-risk,"Notified bodies must have activity procedures that account for provider size, sector, structure and AI-system complexity.","""Notified bodies shall have procedures for the performance of activities which take due account of the size of a provider, the sector in which it operates, its structure, and the degree of complexity of the AI system concerned.""",2025-08-02,Art. 113(b),,Art. 99(4),low,Notified-body infrastructure; indirect relevance to legal-AI vendors seeking or relying on high-risk conformity assessment.,[],https://eur-lex.europa.eu/eli/reg/2024/1689/oj/eng#art_31
art-31-9,31,9,,"[""notified-body""]",requirement,high-risk,Notified bodies must take out appropriate liability insurance unless the Member State assumes or bears the conformity-assessment liability.,"""Notified bodies shall take out appropriate liability insurance for their conformity assessment activities, unless liability is assumed by the Member State in which they are established in accordance with national law or that Member State is itself directly responsible for the conformity assessment.""",2025-08-02,Art. 113(b),,Art. 99(4),low,Notified-body infrastructure; indirect relevance to legal-AI vendors seeking or relying on high-risk conformity assessment.,[],https://eur-lex.europa.eu/eli/reg/2024/1689/oj/eng#art_31
art-31-10,31,10,,"[""notified-body""]",requirement,high-risk,Notified bodies must be capable of carrying out their Regulation tasks with professional integrity and competence in the specific field.,"""Notified bodies shall be capable of carrying out all their tasks under this Regulation with the highest degree of professional integrity and the requisite competence in the specific field, whether those tasks are carried out by notified bodies themselves or on their behalf and under their responsibility.""",2025-08-02,Art. 113(b),,Art. 99(4),low,Notified-body infrastructure; indirect relevance to legal-AI vendors seeking or relying on high-risk conformity assessment.,[],https://eur-lex.europa.eu/eli/reg/2024/1689/oj/eng#art_31
art-31-11,31,11,,"[""notified-body""]",requirement,high-risk,"Notified bodies must have sufficient internal competence and permanent administrative, technical, legal and scientific personnel for relevant AI-system assessments.","""Notified bodies shall have sufficient internal competences to be able effectively to evaluate the tasks conducted by external parties on their behalf. The notified body shall have permanent availability of sufficient administrative, technical, legal and scientific personnel who possess experience and knowledge relating to the relevant types of AI systems, data and""",2025-08-02,Art. 113(b),,Art. 99(4),low,Notified-body infrastructure; indirect relevance to legal-AI vendors seeking or relying on high-risk conformity assessment.,[],https://eur-lex.europa.eu/eli/reg/2024/1689/oj/eng#art_31
art-31-12,31,12,,"[""notified-body""]",cooperation-with-authorities,high-risk,"Notified bodies must participate in Article 38 coordination and engage with, or stay current on, relevant European standardisation organisations.","""Notified bodies shall participate in coordination activities as referred to in Article 38. They shall also take part directly, or be represented in, European standardisation organisations, or ensure that they are aware and up to date in respect of relevant standards.""",2025-08-02,Art. 113(b),,Art. 99(4),low,Notified-body infrastructure; indirect relevance to legal-AI vendors seeking or relying on high-risk conformity assessment.,"[""Art. 38""]",https://eur-lex.europa.eu/eli/reg/2024/1689/oj/eng#art_31
art-32-0,32,,,"[""other""]",scope-or-definition,high-risk,A conformity assessment body that demonstrates conformity with relevant harmonised standards is presumed to comply with Article 31 where standards cover the requirements.,"""Where a conformity assessment body demonstrates its conformity with the criteria laid down in the relevant harmonised standards or parts thereof, the references of which have been published in the Official Journal of the European Union, it shall be presumed to comply with the requirements set out in Article 31 in so""",2025-08-02,Art. 113(b),,,low,Notified-body infrastructure; indirect relevance to legal-AI vendors seeking or relying on high-risk conformity assessment.,"[""Art. 31"", ""Regulation (EU) No 1025/2012""]",https://eur-lex.europa.eu/eli/reg/2024/1689/oj/eng#art_32
art-33-1,33,1,,"[""notified-body""]",requirement,high-risk,A notified body using a subcontractor or subsidiary must ensure it meets Article 31 requirements and inform the notifying authority.,"""Where a notified body subcontracts specific tasks connected with the conformity assessment or has recourse to a subsidiary, it shall ensure that the subcontractor or the subsidiary meets the requirements laid down in Article 31, and shall inform the notifying authority accordingly.""",2025-08-02,Art. 113(b),,Art. 99(4),low,Notified-body infrastructure; indirect relevance to legal-AI vendors seeking or relying on high-risk conformity assessment.,"[""Art. 31""]",https://eur-lex.europa.eu/eli/reg/2024/1689/oj/eng#art_33
art-33-2,33,2,,"[""notified-body""]",requirement,high-risk,Notified bodies remain fully responsible for tasks performed by their subcontractors or subsidiaries.,"""Notified bodies shall take full responsibility for the tasks performed by any subcontractors or subsidiaries.""",2025-08-02,Art. 113(b),,Art. 99(4),low,Notified-body infrastructure; indirect relevance to legal-AI vendors seeking or relying on high-risk conformity assessment.,[],https://eur-lex.europa.eu/eli/reg/2024/1689/oj/eng#art_33
art-33-3,33,3,,"[""notified-body""]",information-to-persons,high-risk,"Subcontracted or subsidiary activities require provider agreement, and notified bodies must publish a list of subsidiaries.","""Activities may be subcontracted or carried out by a subsidiary only with the agreement of the provider. Notified bodies shall make a list of their subsidiaries publicly available.""",2025-08-02,Art. 113(b),,Art. 99(4),low,Notified-body infrastructure; indirect relevance to legal-AI vendors seeking or relying on high-risk conformity assessment.,[],https://eur-lex.europa.eu/eli/reg/2024/1689/oj/eng#art_33
art-33-4,33,4,,"[""notified-body""]",record-keeping,high-risk,Notified bodies must keep subcontractor or subsidiary qualification and work documents available to the notifying authority for five years after subcontracting ends.,"""The relevant documents concerning the assessment of the qualifications of the subcontractor or the subsidiary and the work carried out by them under this Regulation shall be kept at the disposal of the notifying authority for a period of five years from the termination date of the subcontracting.""",2025-08-02,Art. 113(b),,Art. 99(4),low,Notified-body infrastructure; indirect relevance to legal-AI vendors seeking or relying on high-risk conformity assessment.,[],https://eur-lex.europa.eu/eli/reg/2024/1689/oj/eng#art_33
art-34-1,34,1,,"[""notified-body""]",conformity-assessment,high-risk,Notified bodies must verify high-risk AI-system conformity using the Article 43 conformity assessment procedures.,"""Notified bodies shall verify the conformity of high-risk AI systems in accordance with the conformity assessment procedures set out in Article 43.""",2025-08-02,Art. 113(b),,Art. 99(4),low,Notified-body infrastructure; indirect relevance to legal-AI vendors seeking or relying on high-risk conformity assessment.,"[""Art. 43""]",https://eur-lex.europa.eu/eli/reg/2024/1689/oj/eng#art_34
art-34-2,34,2,,"[""notified-body""]",conformity-assessment,high-risk,Notified bodies must avoid unnecessary provider burdens while preserving the rigour and protection required for Regulation compliance.,"""Notified bodies shall avoid unnecessary burdens for providers when performing their activities, and take due account of the size of the provider, the sector in which it operates, its structure and the degree of complexity of the high-risk AI system concerned, in particular in view of minimising administrative burdens and compliance costs""",2025-08-02,Art. 113(b),,Art. 99(4),low,Notified-body infrastructure; indirect relevance to legal-AI vendors seeking or relying on high-risk conformity assessment.,[],https://eur-lex.europa.eu/eli/reg/2024/1689/oj/eng#art_34
art-34-3,34,3,,"[""notified-body""]",cooperation-with-authorities,high-risk,"Notified bodies must make available and submit relevant documentation to the notifying authority on request for assessment, designation, notification and monitoring.","""Notified bodies shall make available and submit upon request all relevant documentation, including the providers’ documentation, to the notifying authority referred to in Article 28 to allow that authority to conduct its assessment, designation, notification and monitoring activities, and to facilitate the assessment outlined in this Section.""",2025-08-02,Art. 113(b),,Art. 99(4),low,Notified-body infrastructure; indirect relevance to legal-AI vendors seeking or relying on high-risk conformity assessment.,"[""Art. 28""]",https://eur-lex.europa.eu/eli/reg/2024/1689/oj/eng#art_34
art-35-1,35,1,,"[""commission""]",governance-institutional,high-risk,"The Commission must assign a single identification number to every notified body, including bodies notified under more than one Union act.","""The Commission shall assign a single identification number to each notified body, even where a body is notified under more than one Union act.""",2025-08-02,Art. 113(b),,,low,Notified-body infrastructure; indirect relevance to legal-AI vendors seeking or relying on high-risk conformity assessment.,[],https://eur-lex.europa.eu/eli/reg/2024/1689/oj/eng#art_35
art-35-2,35,2,,"[""commission""]",registration,high-risk,"The Commission must publish and keep current the list of notified bodies, their identification numbers and notified activities.","""The Commission shall make publicly available the list of the bodies notified under this Regulation, including their identification numbers and the activities for which they have been notified. The Commission shall ensure that the list is kept up to date.""",2025-08-02,Art. 113(b),,,low,Notified-body infrastructure; indirect relevance to legal-AI vendors seeking or relying on high-risk conformity assessment.,[],https://eur-lex.europa.eu/eli/reg/2024/1689/oj/eng#art_35
art-36-1,36,1,,"[""notifying-authority""]",cooperation-with-authorities,high-risk,A notifying authority must notify the Commission and other Member States of relevant changes to a notified body notification using the electronic tool.,"""The notifying authority shall notify the Commission and the other Member States of any relevant changes to the notification of a notified body via the electronic notification tool referred to in Article 30(2).""",2025-08-02,Art. 113(b),,,low,Notified-body infrastructure; indirect relevance to legal-AI vendors seeking or relying on high-risk conformity assessment.,"[""Art. 30(2)""]",https://eur-lex.europa.eu/eli/reg/2024/1689/oj/eng#art_36
art-36-2,36,2,,"[""notifying-authority""]",requirement,high-risk,"Extensions of notification scope follow Articles 29 and 30, while other notification changes follow Article 36 paragraphs 3 to 9.","""The procedures laid down in Articles 29 and 30 shall apply to extensions of the scope of the notification.""",2025-08-02,Art. 113(b),,,low,Notified-body infrastructure; indirect relevance to legal-AI vendors seeking or relying on high-risk conformity assessment.,"[""Art. 29"", ""Art. 30""]",https://eur-lex.europa.eu/eli/reg/2024/1689/oj/eng#art_36
art-36-3,36,3,,"[""notified-body"", ""notifying-authority""]",cooperation-with-authorities,high-risk,"A notified body ceasing conformity assessment activity must inform the authority and providers, and the notifying authority withdraws designation after cessation.","""Where a notified body decides to cease its conformity assessment activities, it shall inform the notifying authority and the providers concerned as soon as possible and, in the case of a planned cessation, at least one year before ceasing its activities. The certificates of the notified body may remain valid for a""",2025-08-02,Art. 113(b),,Art. 99(4),low,Notified-body infrastructure; indirect relevance to legal-AI vendors seeking or relying on high-risk conformity assessment.,[],https://eur-lex.europa.eu/eli/reg/2024/1689/oj/eng#art_36
art-36-4,36,4,,"[""notifying-authority""]",enforcement-power,high-risk,"A notifying authority with reason to doubt Article 31 compliance or fulfilment of obligations must investigate, hear the body, and restrict, suspend or withdraw designation where appropriate.","""Where a notifying authority has sufficient reason to consider that a notified body no longer meets the requirements laid down in Article 31, or that it is failing to fulfil its obligations, the notifying authority shall without delay investigate the matter with the utmost diligence. In that context, it shall inform the""",2025-08-02,Art. 113(b),,,low,Notified-body infrastructure; indirect relevance to legal-AI vendors seeking or relying on high-risk conformity assessment.,"[""Art. 31""]",https://eur-lex.europa.eu/eli/reg/2024/1689/oj/eng#art_36
art-36-5,36,5,,"[""notified-body""]",information-to-persons,high-risk,"A notified body whose designation is suspended, restricted or fully or partly withdrawn must inform concerned providers within 10 days.","""Where its designation has been suspended, restricted, or fully or partially withdrawn, the notified body shall inform the providers concerned within 10 days.""",2025-08-02,Art. 113(b),,Art. 99(4),low,Notified-body infrastructure; indirect relevance to legal-AI vendors seeking or relying on high-risk conformity assessment.,[],https://eur-lex.europa.eu/eli/reg/2024/1689/oj/eng#art_36
art-36-6,36,6,,"[""notifying-authority""]",record-keeping,high-risk,"When designation is restricted, suspended or withdrawn, the notifying authority must ensure files are kept and made available to authorities on request.","""In the event of the restriction, suspension or withdrawal of a designation, the notifying authority shall take appropriate steps to ensure that the files of the notified body concerned are kept, and to make them available to notifying authorities in other Member States and to market surveillance authorities at their request.""",2025-08-02,Art. 113(b),,,low,Notified-body infrastructure; indirect relevance to legal-AI vendors seeking or relying on high-risk conformity assessment.,[],https://eur-lex.europa.eu/eli/reg/2024/1689/oj/eng#art_36
art-36-7,36,7,,"[""notifying-authority""]",enforcement-power,high-risk,"After designation restriction, suspension or withdrawal, the notifying authority must assess certificate impacts, report findings, require undue certificates to be suspended or withdrawn, and share relevant information.","""In the event of the restriction, suspension or withdrawal of a designation, the notifying authority shall:""",2025-08-02,Art. 113(b),,,low,Notified-body infrastructure; indirect relevance to legal-AI vendors seeking or relying on high-risk conformity assessment.,[],https://eur-lex.europa.eu/eli/reg/2024/1689/oj/eng#art_36
art-36-8,36,8,,"[""notifying-authority"", ""provider""]",derogation-or-exemption,high-risk,"Certificates may remain valid after suspension, restriction or withdrawal only under the Article 36 conditions, including risk confirmation and another notified body assuming responsibility where required.","""With the exception of certificates unduly issued, and where a designation has been suspended or restricted, the certificates shall remain valid in one of the following circumstances:""",2025-08-02,Art. 113(b),,,low,Notified-body infrastructure; indirect relevance to legal-AI vendors seeking or relying on high-risk conformity assessment.,"[""Art. 36(9)""]",https://eur-lex.europa.eu/eli/reg/2024/1689/oj/eng#art_36
art-37-1,37,1,,"[""commission""]",enforcement-power,high-risk,The Commission must investigate cases where there are reasons to doubt a notified body’s competence or continued fulfilment of requirements and responsibilities.,"""The Commission shall, where necessary, investigate all cases where there are reasons to doubt the competence of a notified body or the continued fulfilment by a notified body of the requirements laid down in Article 31 and of its applicable responsibilities.""",2025-08-02,Art. 113(b),,,low,Notified-body infrastructure; indirect relevance to legal-AI vendors seeking or relying on high-risk conformity assessment.,"[""Art. 31""]",https://eur-lex.europa.eu/eli/reg/2024/1689/oj/eng#art_37
art-37-2,37,2,,"[""notifying-authority""]",cooperation-with-authorities,high-risk,"The notifying authority must provide the Commission, on request, information relating to notification or maintenance of the body’s competence.","""The notifying authority shall provide the Commission, on request, with all relevant information relating to the notification or the maintenance of the competence of the notified body concerned.""",2025-08-02,Art. 113(b),,,low,Notified-body infrastructure; indirect relevance to legal-AI vendors seeking or relying on high-risk conformity assessment.,[],https://eur-lex.europa.eu/eli/reg/2024/1689/oj/eng#art_37
art-37-3,37,3,,"[""commission""]",record-keeping,high-risk,The Commission must ensure sensitive information obtained in Article 37 investigations is treated confidentially under Article 78.,"""The Commission shall ensure that all sensitive information obtained in the course of its investigations pursuant to this Article is treated confidentially in accordance with Article 78.""",2025-08-02,Art. 113(b),,,low,Notified-body infrastructure; indirect relevance to legal-AI vendors seeking or relying on high-risk conformity assessment.,"[""Art. 78""]",https://eur-lex.europa.eu/eli/reg/2024/1689/oj/eng#art_37
art-37-4,37,4,,"[""commission"", ""member-state""]",enforcement-power,high-risk,"If the Commission finds a notified body non-compliant, it must inform the notifying Member State and request corrective measures; failing that, it may suspend, restrict or withdraw designation by implementing act.","""Where the Commission ascertains that a notified body does not meet or no longer meets the requirements for its notification, it shall inform the notifying Member State accordingly and request it to take the necessary corrective measures, including the suspension or withdrawal of the notification if necessary. Where the Member State fails""",2025-08-02,Art. 113(b),,,low,Notified-body infrastructure; indirect relevance to legal-AI vendors seeking or relying on high-risk conformity assessment.,"[""Art. 98(2)""]",https://eur-lex.europa.eu/eli/reg/2024/1689/oj/eng#art_37
art-38-1,38,1,,"[""commission""]",governance-institutional,high-risk,The Commission must ensure appropriate coordination and cooperation between notified bodies through a properly operated sectoral group.,"""The Commission shall ensure that, with regard to high-risk AI systems, appropriate coordination and cooperation between notified bodies active in the conformity assessment procedures pursuant to this Regulation are put in place and properly operated in the form of a sectoral group of notified bodies.""",2025-08-02,Art. 113(b),,,low,Notified-body infrastructure; indirect relevance to legal-AI vendors seeking or relying on high-risk conformity assessment.,[],https://eur-lex.europa.eu/eli/reg/2024/1689/oj/eng#art_38
art-38-2,38,2,,"[""notifying-authority""]",cooperation-with-authorities,high-risk,Each notifying authority must ensure that the bodies it notified participate in the sectoral group directly or through representatives.,"""Each notifying authority shall ensure that the bodies notified by it participate in the work of a group referred to in paragraph 1, directly or through designated representatives.""",2025-08-02,Art. 113(b),,,low,Notified-body infrastructure; indirect relevance to legal-AI vendors seeking or relying on high-risk conformity assessment.,[],https://eur-lex.europa.eu/eli/reg/2024/1689/oj/eng#art_38
art-38-3,38,3,,"[""commission""]",governance-institutional,high-risk,The Commission must provide for exchange of knowledge and best practices between notifying authorities.,"""The Commission shall provide for the exchange of knowledge and best practices between notifying authorities.""",2025-08-02,Art. 113(b),,,low,Notified-body infrastructure; indirect relevance to legal-AI vendors seeking or relying on high-risk conformity assessment.,[],https://eur-lex.europa.eu/eli/reg/2024/1689/oj/eng#art_38
art-39-0,39,,,"[""other""]",conformity-assessment,high-risk,A third-country conformity assessment body may be authorised to perform notified-body activities only under an applicable Union agreement and Article 31 or equivalent compliance.,"""Conformity assessment bodies established under the law of a third country with which the Union has concluded an agreement may be authorised to carry out the activities of notified bodies under this Regulation, provided that they meet the requirements laid down in Article 31 or they ensure an equivalent level of compliance.""",2025-08-02,Art. 113(b),,,low,Notified-body infrastructure; indirect relevance to legal-AI vendors seeking or relying on high-risk conformity assessment.,"[""Art. 31""]",https://eur-lex.europa.eu/eli/reg/2024/1689/oj/eng#art_39
art-40-1,40,1,,"[""provider"", ""gpai-provider""]",scope-or-definition,high-risk,High-risk AI systems or general-purpose AI models conforming to cited harmonised standards are presumed compliant to the extent the standards cover the relevant requirements or obligations.,"""High-risk AI systems or general-purpose AI models which are in conformity with harmonised standards or parts thereof the references of which have been published in the Official Journal of the European Union in accordance with Regulation (EU) No 1025/2012 shall be presumed to be in conformity with the requirements set out in""",2026-08-02,Art. 113 second subparagraph,,,medium,Medium for legal-AI vendors whose systems fall within Annex III justice or other high-risk categories; indirect for deployers.,"[""Regulation (EU) No 1025/2012"", ""Chapter V""]",https://eur-lex.europa.eu/eli/reg/2024/1689/oj/eng#art_40
art-40-2,40,2,,"[""commission""]",governance-institutional,high-risk,"The Commission must issue standardisation requests for Chapter III Section 2 requirements and GPAI obligations, including resource-performance deliverables, after consulting the Board and stakeholders.","""In accordance with Article 10 of Regulation (EU) No 1025/2012, the Commission shall issue, without undue delay, standardisation requests covering all requirements set out in Section 2 of this Chapter and, as applicable, standardisation requests covering obligations set out in Chapter V, Sections 2 and 3, of this Regulation. The standardisation request""",2026-08-02,Art. 113 second subparagraph,,,low,Institutional governance mechanics; indirect relevance to legal practices through oversight and guidance.,"[""Art. 10 Regulation (EU) No 1025/2012"", ""Chapter V"", ""Art. 67""]",https://eur-lex.europa.eu/eli/reg/2024/1689/oj/eng#art_40
art-40-3,40,3,,"[""other""]",governance-institutional,high-risk,"Participants in AI standardisation must seek to promote investment, innovation, legal certainty, international consistency, and balanced multi-stakeholder governance.","""The participants in the standardisation process shall seek to promote investment and innovation in AI, including through increasing legal certainty, as well as the competitiveness and growth of the Union market, to contribute to strengthening global cooperation on standardisation and taking into account existing international standards in the field of AI that""",2026-08-02,Art. 113 second subparagraph,,,low,Institutional governance mechanics; indirect relevance to legal practices through oversight and guidance.,"[""Regulation (EU) No 1025/2012""]",https://eur-lex.europa.eu/eli/reg/2024/1689/oj/eng#art_40
art-41-1,41,1,,"[""commission""]",delegated-or-implementing-act,high-risk,"The Commission may adopt common specifications for high-risk requirements or GPAI obligations when harmonised standards are absent, delayed, inadequate or non-compliant, and must consult the advisory forum.","""The Commission may adopt, implementing acts establishing common specifications for the requirements set out in Section 2 of this Chapter or, as applicable, for the obligations set out in Sections 2 and 3 of Chapter V where the following conditions have been fulfilled:""",2026-08-02,Art. 113 second subparagraph,,,low,Institutional governance mechanics; indirect relevance to legal practices through oversight and guidance.,"[""Art. 67"", ""Art. 98(2)"", ""Chapter V""]",https://eur-lex.europa.eu/eli/reg/2024/1689/oj/eng#art_41
art-41-2,41,2,,"[""commission""]",governance-institutional,high-risk,"Before preparing a common-specification implementing act, the Commission must inform the standardisation committee that it considers Article 41(1) conditions fulfilled.","""Before preparing a draft implementing act, the Commission shall inform the committee referred to in Article 22 of Regulation (EU) No 1025/2012 that it considers the conditions laid down in paragraph 1 of this Article to be fulfilled.""",2026-08-02,Art. 113 second subparagraph,,,low,Institutional governance mechanics; indirect relevance to legal practices through oversight and guidance.,"[""Regulation (EU) No 1025/2012""]",https://eur-lex.europa.eu/eli/reg/2024/1689/oj/eng#art_41
art-41-3,41,3,,"[""provider"", ""gpai-provider""]",scope-or-definition,high-risk,High-risk AI systems or GPAI models conforming to common specifications are presumed compliant to the extent the specifications cover the relevant requirements or obligations.,"""High-risk AI systems or general-purpose AI models which are in conformity with the common specifications referred to in paragraph 1, or parts of those specifications, shall be presumed to be in conformity with the requirements set out in Section 2 of this Chapter or, as applicable, to comply with the obligations referred""",2026-08-02,Art. 113 second subparagraph,,,medium,Medium for legal-AI vendors whose systems fall within Annex III justice or other high-risk categories; indirect for deployers.,"[""Chapter V""]",https://eur-lex.europa.eu/eli/reg/2024/1689/oj/eng#art_41
art-41-4,41,4,,"[""commission""]",delegated-or-implementing-act,high-risk,"When a harmonised standard reference is published, the Commission must repeal overlapping common-specification implementing acts or parts of them.","""Where a harmonised standard is adopted by a European standardisation organisation and proposed to the Commission for the publication of its reference in the Official Journal of the European Union, the Commission shall assess the harmonised standard in accordance with Regulation (EU) No 1025/2012. When reference to a harmonised standard is published""",2026-08-02,Art. 113 second subparagraph,,,low,Institutional governance mechanics; indirect relevance to legal practices through oversight and guidance.,"[""Regulation (EU) No 1025/2012""]",https://eur-lex.europa.eu/eli/reg/2024/1689/oj/eng#art_41
art-41-5,41,5,,"[""provider"", ""gpai-provider""]",documentation,high-risk,Providers not complying with common specifications must justify that their technical solutions meet the relevant high-risk requirements or GPAI obligations at an equivalent level.,"""Where providers of high-risk AI systems or general-purpose AI models do not comply with the common specifications referred to in paragraph 1, they shall duly justify that they have adopted technical solutions that meet the requirements referred to in Section 2 of this Chapter or, as applicable, comply with the obligations set""",2026-08-02,Art. 113 second subparagraph,,,medium,Medium for legal-AI vendors whose systems fall within Annex III justice or other high-risk categories; indirect for deployers.,"[""Chapter V""]",https://eur-lex.europa.eu/eli/reg/2024/1689/oj/eng#art_41
art-41-6,41,6,,"[""member-state""]",cooperation-with-authorities,high-risk,"A Member State that considers a common specification insufficient must inform the Commission with a detailed explanation, after which the Commission assesses and may amend it.","""Where a Member State considers that a common specification does not entirely meet the requirements set out in Section 2 or, as applicable, comply with obligations set out in Sections 2 and 3 of Chapter V, it shall inform the Commission thereof with a detailed explanation. The Commission shall assess that information""",2026-08-02,Art. 113 second subparagraph,,,low,Institutional governance mechanics; indirect relevance to legal practices through oversight and guidance.,[],https://eur-lex.europa.eu/eli/reg/2024/1689/oj/eng#art_41
art-42-1,42,1,,"[""provider""]",scope-or-definition,high-risk,A high-risk AI system trained and tested on data reflecting its intended setting is presumed compliant with Article 10(4) requirements.,"""High-risk AI systems that have been trained and tested on data reflecting the specific geographical, behavioural, contextual or functional setting within which they are intended to be used shall be presumed to comply with the relevant requirements laid down in Article 10(4).""",2026-08-02,Art. 113 second subparagraph,,,medium,Medium for legal-AI vendors whose systems fall within Annex III justice or other high-risk categories; indirect for deployers.,"[""Art. 10(4)""]",https://eur-lex.europa.eu/eli/reg/2024/1689/oj/eng#art_42
art-42-2,42,2,,"[""provider""]",scope-or-definition,high-risk,A high-risk AI system certified or declared under a published cybersecurity scheme is presumed compliant with Article 15 cybersecurity requirements to the covered extent.,"""High-risk AI systems that have been certified or for which a statement of conformity has been issued under a cybersecurity scheme pursuant to Regulation (EU) 2019/881 and the references of which have been published in the Official Journal of the European Union shall be presumed to comply with the cybersecurity requirements set""",2026-08-02,Art. 113 second subparagraph,,,medium,Medium for legal-AI vendors whose systems fall within Annex III justice or other high-risk categories; indirect for deployers.,"[""Art. 15"", ""Regulation (EU) 2019/881""]",https://eur-lex.europa.eu/eli/reg/2024/1689/oj/eng#art_42
art-43-1-annex-vii,43,1,,"[""provider""]",conformity-assessment,high-risk,"For Annex III point 1 systems, the provider must use the Annex VII conformity assessment procedure where standards or common specifications do not exist, are unavailable, not applied, partly applied or restricted.","""For high-risk AI systems listed in point 1 of Annex III, where, in demonstrating the compliance of a high-risk AI system with the requirements set out in Section 2, the provider has applied harmonised standards referred to in Article 40, or, where applicable, common specifications referred to in Article 41, the provider""",2026-08-02,Art. 113 second subparagraph,,,medium,Medium for legal-AI vendors whose systems fall within Annex III justice or other high-risk categories; indirect for deployers.,"[""Annex VII""]",https://eur-lex.europa.eu/eli/reg/2024/1689/oj/eng#art_43
art-43-1-point1-choice,43,1,,"[""provider""]",conformity-assessment,high-risk,"For Annex III point 1 high-risk AI systems using harmonised standards or common specifications, the provider must choose internal control or notified-body assessment procedures.","""For high-risk AI systems listed in point 1 of Annex III, where, in demonstrating the compliance of a high-risk AI system with the requirements set out in Section 2, the provider has applied harmonised standards referred to in Article 40, or, where applicable, common specifications referred to in Article 41, the provider""",2026-08-02,Art. 113 second subparagraph,,,medium,Medium for legal-AI vendors whose systems fall within Annex III justice or other high-risk categories; indirect for deployers.,"[""Annex III point 1"", ""Annex VI"", ""Annex VII"", ""Art. 40"", ""Art. 41""]",https://eur-lex.europa.eu/eli/reg/2024/1689/oj/eng#art_43
art-43-1-public-authority,43,1,,"[""market-surveillance-authority""]",conformity-assessment,high-risk,"Where certain high-risk AI systems are intended for law enforcement, migration, asylum authorities or Union institutions, the applicable market surveillance authority acts as notified body.","""In demonstrating the compliance of a high-risk AI system with the requirements set out in Section 2, the provider shall follow the conformity assessment procedure set out in Annex VII where: For the purposes of the conformity assessment procedure referred to in Annex VII, the provider may choose any of the notified""",2026-08-02,Art. 113 second subparagraph,,,low,Institutional governance mechanics; indirect relevance to legal practices through oversight and guidance.,"[""Art. 74(8)"", ""Art. 74(9)""]",https://eur-lex.europa.eu/eli/reg/2024/1689/oj/eng#art_43
art-43-1-annex6,43,1,Annex VI,"[""provider""]",conformity-assessment,high-risk,"Annex VI sets the internal-control conformity assessment procedure, requiring provider checks of the quality management system, technical documentation and development/post-market consistency.","""The conformity assessment procedure based on internal control is the conformity assessment procedure based on points 2, 3 and 4.""",2026-08-02,Art. 113 second subparagraph,,,high,Some high-risk legal-AI providers may use internal control conformity assessment where permitted.,"[""Art. 43"", ""Art. 17"", ""Art. 72""]",https://eur-lex.europa.eu/eli/reg/2024/1689/oj/eng#anx_VI
art-43-1-annex7,43,1,Annex VII,"[""provider"", ""notified-body""]",conformity-assessment,high-risk,"Annex VII sets conformity assessment through quality-management-system assessment and technical-documentation assessment, including notified-body examination and certificate decisions.","""Conformity based on an assessment of the quality management system and an assessment of the technical documentation is the conformity assessment procedure""",2026-08-02,Art. 113 second subparagraph,,,high,High-risk legal-AI systems requiring notified-body assessment may use this procedure.,"[""Art. 43"", ""Art. 17"", ""Annex IV""]",https://eur-lex.europa.eu/eli/reg/2024/1689/oj/eng#anx_VII
art-43-2,43,2,,"[""provider""]",conformity-assessment,high-risk,"For high-risk AI systems in Annex III points 2 to 8, providers must follow the Annex VI internal-control conformity assessment without notified-body involvement.","""For high-risk AI systems referred to in points 2 to 8 of Annex III, providers shall follow the conformity assessment procedure based on internal control as referred to in Annex VI, which does not provide for the involvement of a notified body.""",2026-08-02,Art. 113 second subparagraph,,,medium,Medium for legal-AI vendors if an Annex III point 8 administration-of-justice system is supplied.,"[""Annex III points 2-8"", ""Annex VI""]",https://eur-lex.europa.eu/eli/reg/2024/1689/oj/eng#art_43
art-43-3-annex-i,43,3,,"[""provider"", ""product-manufacturer""]",conformity-assessment,high-risk,"For high-risk AI systems covered by Annex I Section A harmonisation legislation, the provider must follow the conformity assessment required by that sectoral legislation, with Section 2 requirements included.","""For high-risk AI systems covered by the Union harmonisation legislation listed in Section A of Annex I, the provider shall follow the relevant conformity assessment procedure as required under those legal acts. The requirements set out in Section 2 of this Chapter shall apply to those high-risk AI systems and shall be""",2026-08-02,Art. 113 second subparagraph,"For high-risk AI systems that become high-risk through Art. 6(1) (Annex I products), corresponding obligations apply from 2027-08-02 under Art. 113(c).",,medium,Medium for legal-AI vendors whose systems fall within Annex III justice or other high-risk categories; indirect for deployers.,"[""Annex I Section A"", ""Art. 6(1)"", ""Annex VII""]",https://eur-lex.europa.eu/eli/reg/2024/1689/oj/eng#art_43
art-43-3-opt-out,43,3,,"[""product-manufacturer""]",conformity-assessment,high-risk,A product manufacturer may use a sectoral opt-out from third-party conformity assessment only if it also applied standards or common specifications covering all Chapter III Section 2 requirements.,"""For the purposes of that assessment, notified bodies which have been notified under those legal acts shall be entitled to control the conformity of the high-risk AI systems with the requirements set out in Section 2, provided that the compliance of those notified bodies with requirements laid down in Article 31(4), (5),""",2026-08-02,Art. 113 second subparagraph,"For high-risk AI systems that become high-risk through Art. 6(1) (Annex I products), corresponding obligations apply from 2027-08-02 under Art. 113(c).",,medium,Medium for legal-AI vendors whose systems fall within Annex III justice or other high-risk categories; indirect for deployers.,"[""Annex I Section A"", ""Art. 41""]",https://eur-lex.europa.eu/eli/reg/2024/1689/oj/eng#art_43
art-43-4,43,4,,"[""provider""]",conformity-assessment,high-risk,"A high-risk AI system already conformity-assessed must undergo a new conformity assessment after a substantial modification, unless the learning changes were pre-determined in the technical documentation.","""High-risk AI systems that have already been subject to a conformity assessment procedure shall undergo a new conformity assessment procedure in the event of a substantial modification, regardless of whether the modified system is intended to be further distributed or continues to be used by the current deployer.""",2026-08-02,Art. 113 second subparagraph,,,medium,Medium for legal-AI vendors whose systems fall within Annex III justice or other high-risk categories; indirect for deployers.,"[""Annex IV point 2(f)""]",https://eur-lex.europa.eu/eli/reg/2024/1689/oj/eng#art_43
art-43-5-6,43,5,,"[""commission""]",delegated-or-implementing-act,high-risk,The Commission may adopt delegated acts updating Annexes VI and VII and may extend Annex VII procedures to Annex III points 2 to 8 systems.,"""The Commission is empowered to adopt delegated acts in accordance with Article 97 in order to amend Annexes VI and VII by updating them in light of technical progress.""",2026-08-02,Art. 113 second subparagraph,,,low,Institutional governance mechanics; indirect relevance to legal practices through oversight and guidance.,"[""Art. 97"", ""Annex VI"", ""Annex VII""]",https://eur-lex.europa.eu/eli/reg/2024/1689/oj/eng#art_43
art-44-1,44,1,,"[""notified-body""]",documentation,high-risk,Certificates issued by notified bodies under Annex VII must be drawn up in a language easily understood by relevant authorities in the notified body’s Member State.,"""Certificates issued by notified bodies in accordance with Annex VII shall be drawn-up in a language which can be easily understood by the relevant authorities in the Member State in which the notified body is established.""",2026-08-02,Art. 113 second subparagraph,,Art. 99(4),low,Notified-body infrastructure; indirect relevance to legal-AI vendors seeking or relying on high-risk conformity assessment.,"[""Annex VII""]",https://eur-lex.europa.eu/eli/reg/2024/1689/oj/eng#art_44
art-44-2,44,2,,"[""notified-body""]",conformity-assessment,high-risk,"Certificates must state their validity period, within the Article 44 maximums, and may be extended only after reassessment under applicable conformity procedures.","""Certificates shall be valid for the period they indicate, which shall not exceed five years for AI systems covered by Annex I, and four years for AI systems covered by Annex III. At the request of the provider, the validity of a certificate may be extended for further periods, each not exceeding""",2026-08-02,Art. 113 second subparagraph,"For high-risk AI systems that become high-risk through Art. 6(1) (Annex I products), corresponding obligations apply from 2027-08-02 under Art. 113(c).",Art. 99(4),low,Notified-body infrastructure; indirect relevance to legal-AI vendors seeking or relying on high-risk conformity assessment.,"[""Annex I"", ""Annex III""]",https://eur-lex.europa.eu/eli/reg/2024/1689/oj/eng#art_44
art-44-3,44,3,,"[""notified-body""]",enforcement-power,high-risk,"If an AI system no longer meets Section 2 requirements, the notified body must suspend, withdraw or restrict the certificate unless timely corrective action ensures compliance, and give reasons.","""Where a notified body finds that an AI system no longer meets the requirements set out in Section 2, it shall, taking account of the principle of proportionality, suspend or withdraw the certificate issued or impose restrictions on it, unless compliance with those requirements is ensured by appropriate corrective action taken by""",2026-08-02,Art. 113 second subparagraph,,Art. 99(4),low,Notified-body infrastructure; indirect relevance to legal-AI vendors seeking or relying on high-risk conformity assessment.,"[""Chapter III Section 2""]",https://eur-lex.europa.eu/eli/reg/2024/1689/oj/eng#art_44
art-44-3-appeal,44,3,,"[""member-state""]",right-of-person,high-risk,"An appeal procedure must be available against notified-body decisions, including decisions on conformity certificates issued.","""An appeal procedure against decisions of the notified bodies, including on conformity certificates issued, shall be available.""",2026-08-02,Art. 113 second subparagraph,,,low,Institutional governance mechanics; indirect relevance to legal practices through oversight and guidance.,[],https://eur-lex.europa.eu/eli/reg/2024/1689/oj/eng#art_44
art-45-1,45,1,,"[""notified-body""]",cooperation-with-authorities,high-risk,"Notified bodies must inform the notifying authority about issued certificates and approvals, refusals or restrictions, notification-scope circumstances, authority information requests and requested assessment activities.","""Notified bodies shall inform the notifying authority of the following:""",2026-08-02,Art. 113 second subparagraph,,Art. 99(4),low,Notified-body infrastructure; indirect relevance to legal-AI vendors seeking or relying on high-risk conformity assessment.,"[""Annex VII""]",https://eur-lex.europa.eu/eli/reg/2024/1689/oj/eng#art_45
art-45-2,45,2,,"[""notified-body""]",cooperation-with-authorities,high-risk,"Each notified body must inform other notified bodies about refused, suspended, withdrawn or restricted quality-management approvals and Union technical documentation assessment certificates, and issued ones on request.","""Each notified body shall inform the other notified bodies of:""",2026-08-02,Art. 113 second subparagraph,,Art. 99(4),low,Notified-body infrastructure; indirect relevance to legal-AI vendors seeking or relying on high-risk conformity assessment.,[],https://eur-lex.europa.eu/eli/reg/2024/1689/oj/eng#art_45
art-45-3,45,3,,"[""notified-body""]",cooperation-with-authorities,high-risk,"Each notified body must provide similar notified bodies with relevant information on negative conformity assessment results and, on request, positive results.","""Each notified body shall provide the other notified bodies carrying out similar conformity assessment activities covering the same types of AI systems with relevant information on issues relating to negative and, on request, positive conformity assessment results.""",2026-08-02,Art. 113 second subparagraph,,Art. 99(4),low,Notified-body infrastructure; indirect relevance to legal-AI vendors seeking or relying on high-risk conformity assessment.,[],https://eur-lex.europa.eu/eli/reg/2024/1689/oj/eng#art_45
art-45-4,45,4,,"[""notified-body""]",record-keeping,high-risk,Notified bodies must safeguard the confidentiality of information they obtain under Article 78.,"""Notified bodies shall safeguard the confidentiality of the information that they obtain, in accordance with Article 78.""",2026-08-02,Art. 113 second subparagraph,,Art. 99(4),low,Notified-body infrastructure; indirect relevance to legal-AI vendors seeking or relying on high-risk conformity assessment.,"[""Art. 78""]",https://eur-lex.europa.eu/eli/reg/2024/1689/oj/eng#art_45
art-46-1,46,1,,"[""market-surveillance-authority""]",derogation-or-exemption,high-risk,"A market surveillance authority may authorise specified high-risk AI systems before conformity assessment only for exceptional listed reasons, for a limited period, while assessment is completed without undue delay.","""By way of derogation from Article 43 and upon a duly justified request, any market surveillance authority may authorise the placing on the market or the putting into service of specific high-risk AI systems within the territory of the Member State concerned, for exceptional reasons of public security or the protection of""",2026-08-02,Art. 113 second subparagraph,,,low,Institutional governance mechanics; indirect relevance to legal practices through oversight and guidance.,"[""Art. 43""]",https://eur-lex.europa.eu/eli/reg/2024/1689/oj/eng#art_46
art-46-2,46,2,,"[""market-surveillance-authority"", ""public-authority-deployer""]",derogation-or-exemption,high-risk,"In urgent public-security or imminent physical-safety situations, law-enforcement or civil-protection authorities may use a system before authorisation if authorisation is promptly requested and use stops if refused.","""In a duly justified situation of urgency for exceptional reasons of public security or in the case of specific, substantial and imminent threat to the life or physical safety of natural persons, law-enforcement authorities or civil protection authorities may put a specific high-risk AI system into service without the authorisation referred to""",2026-08-02,Art. 113 second subparagraph,,,low,Institutional governance mechanics; indirect relevance to legal practices through oversight and guidance.,[],https://eur-lex.europa.eu/eli/reg/2024/1689/oj/eng#art_46
art-46-3,46,3,,"[""market-surveillance-authority""]",cooperation-with-authorities,high-risk,"The derogation authorisation may be issued only if the system complies with Section 2, and the authority must inform the Commission and other Member States.","""The authorisation referred to in paragraph 1 shall be issued only if the market surveillance authority concludes that the high-risk AI system complies with the requirements of Section 2. The market surveillance authority shall inform the Commission and the other Member States of any authorisation issued pursuant to paragraphs 1 and 2.""",2026-08-02,Art. 113 second subparagraph,,,low,Institutional governance mechanics; indirect relevance to legal practices through oversight and guidance.,"[""Chapter III Section 2""]",https://eur-lex.europa.eu/eli/reg/2024/1689/oj/eng#art_46
art-46-5,46,5,,"[""commission""]",enforcement-power,high-risk,"If objections are raised or the Commission considers an authorisation contrary to Union law or unfounded, it must consult the Member State and operators and decide whether authorisation is justified.","""Where, within 15 calendar days of receipt of the notification referred to in paragraph 3, objections are raised by a Member State against an authorisation issued by a market surveillance authority of another Member State, or where the Commission considers the authorisation to be contrary to Union law, or the conclusion of""",2026-08-02,Art. 113 second subparagraph,,,low,Institutional governance mechanics; indirect relevance to legal practices through oversight and guidance.,[],https://eur-lex.europa.eu/eli/reg/2024/1689/oj/eng#art_46
art-46-6,46,6,,"[""market-surveillance-authority""]",enforcement-power,high-risk,"Where the Commission considers a derogation authorisation unjustified, the market surveillance authority of the Member State concerned must withdraw it.","""Where the Commission considers the authorisation unjustified, it shall be withdrawn by the market surveillance authority of the Member State concerned.""",2026-08-02,Art. 113 second subparagraph,,,low,Institutional governance mechanics; indirect relevance to legal practices through oversight and guidance.,[],https://eur-lex.europa.eu/eli/reg/2024/1689/oj/eng#art_46
art-46-7,46,7,,"[""market-surveillance-authority""]",derogation-or-exemption,high-risk,"For high-risk AI systems related to Annex I Section A products, only conformity-assessment derogations established in the relevant Union harmonisation legislation apply.","""For high-risk AI systems related to products covered by Union harmonisation legislation listed in Section A of Annex I, only the derogations from the conformity assessment established in that Union harmonisation legislation shall apply.""",2026-08-02,Art. 113 second subparagraph,"For high-risk AI systems that become high-risk through Art. 6(1) (Annex I products), corresponding obligations apply from 2027-08-02 under Art. 113(c).",,low,Institutional governance mechanics; indirect relevance to legal practices through oversight and guidance.,"[""Annex I Section A"", ""Art. 6(1)""]",https://eur-lex.europa.eu/eli/reg/2024/1689/oj/eng#art_46
art-47-1,47,1,,"[""provider""]",documentation,high-risk,"The provider must draw up a written machine-readable, physical or electronically signed EU declaration of conformity for each high-risk AI system, keep it for 10 years, and submit a copy on request.","""The provider shall draw up a written machine readable, physical or electronically signed EU declaration of conformity for each high-risk AI system, and keep it at the disposal of the national competent authorities for 10 years after the high-risk AI system has been placed on the market or put into service. The""",2026-08-02,Art. 113 second subparagraph,,,medium,Medium for legal-AI vendors whose systems fall within Annex III justice or other high-risk categories; indirect for deployers.,"[""Annex V""]",https://eur-lex.europa.eu/eli/reg/2024/1689/oj/eng#art_47
art-47-1-annex5,47,1,Annex V,"[""provider""]",documentation,high-risk,"Annex V specifies the information required in an EU declaration of conformity, including system identification, provider details, responsibility statement, conformity statement and signature.","""The EU declaration of conformity referred to in Article 47, shall contain all of the following information""",2026-08-02,Art. 113 second subparagraph,,,medium,High-risk legal-AI providers may need an EU declaration of conformity before market placement.,"[""Art. 47""]",https://eur-lex.europa.eu/eli/reg/2024/1689/oj/eng#anx_V
art-47-2,47,2,,"[""provider""]",documentation,high-risk,"The EU declaration of conformity must state that the high-risk AI system meets Section 2 requirements, contain Annex V information, and be translated for relevant national competent authorities.","""The EU declaration of conformity shall state that the high-risk AI system concerned meets the requirements set out in Section 2. The EU declaration of conformity shall contain the information set out in Annex V, and shall be translated into a language that can be easily understood by the national competent authorities""",2026-08-02,Art. 113 second subparagraph,,,medium,Medium for legal-AI vendors whose systems fall within Annex III justice or other high-risk categories; indirect for deployers.,"[""Chapter III Section 2"", ""Annex V""]",https://eur-lex.europa.eu/eli/reg/2024/1689/oj/eng#art_47
art-47-3,47,3,,"[""provider""]",documentation,high-risk,"Where other Union harmonisation legislation also requires a declaration, a single declaration must cover all applicable Union law and identify the legislation concerned.","""Where high-risk AI systems are subject to other Union harmonisation legislation which also requires an EU declaration of conformity, a single EU declaration of conformity shall be drawn up in respect of all Union law applicable to the high-risk AI system. The declaration shall contain all the information required to identify the""",2026-08-02,Art. 113 second subparagraph,,,medium,Medium for legal-AI vendors whose systems fall within Annex III justice or other high-risk categories; indirect for deployers.,[],https://eur-lex.europa.eu/eli/reg/2024/1689/oj/eng#art_47
art-47-4,47,4,,"[""provider""]",requirement,high-risk,"By drawing up the EU declaration of conformity, the provider assumes responsibility for Section 2 compliance and must keep the declaration up to date.","""By drawing up the EU declaration of conformity, the provider shall assume responsibility for compliance with the requirements set out in Section 2. The provider shall keep the EU declaration of conformity up-to-date as appropriate.""",2026-08-02,Art. 113 second subparagraph,,,medium,Medium for legal-AI vendors whose systems fall within Annex III justice or other high-risk categories; indirect for deployers.,"[""Chapter III Section 2""]",https://eur-lex.europa.eu/eli/reg/2024/1689/oj/eng#art_47
art-47-5,47,5,,"[""commission""]",delegated-or-implementing-act,high-risk,The Commission may adopt delegated acts updating Annex V declaration content when technical progress makes new elements necessary.,"""The Commission is empowered to adopt delegated acts in accordance with Article 97 in order to amend Annex V by updating the content of the EU declaration of conformity set out in that Annex, in order to introduce elements that become necessary in light of technical progress.""",2026-08-02,Art. 113 second subparagraph,,,low,Institutional governance mechanics; indirect relevance to legal practices through oversight and guidance.,"[""Art. 97"", ""Annex V""]",https://eur-lex.europa.eu/eli/reg/2024/1689/oj/eng#art_47
art-48-1,48,1,,"[""provider""]",conformity-assessment,high-risk,The CE marking for high-risk AI systems is subject to Article 30 of Regulation (EC) No 765/2008 general principles.,"""The CE marking shall be subject to the general principles set out in Article 30 of Regulation (EC) No 765/2008.""",2026-08-02,Art. 113 second subparagraph,,,medium,Medium for legal-AI vendors whose systems fall within Annex III justice or other high-risk categories; indirect for deployers.,"[""Regulation (EC) No 765/2008 Art. 30""]",https://eur-lex.europa.eu/eli/reg/2024/1689/oj/eng#art_48
art-48-2,48,2,,"[""provider""]",conformity-assessment,high-risk,"For digitally provided high-risk AI systems, a digital CE marking may be used only if easily accessible through the system interface or another machine-readable or electronic means.","""For high-risk AI systems provided digitally, a digital CE marking shall be used, only if it can easily be accessed via the interface from which that system is accessed or via an easily accessible machine-readable code or other electronic means.""",2026-08-02,Art. 113 second subparagraph,,,medium,Medium for legal-AI vendors whose systems fall within Annex III justice or other high-risk categories; indirect for deployers.,[],https://eur-lex.europa.eu/eli/reg/2024/1689/oj/eng#art_48
art-48-3,48,3,,"[""provider""]",conformity-assessment,high-risk,"The CE marking must be visibly, legibly and indelibly affixed to the high-risk AI system, or where appropriate to packaging or accompanying documentation.","""The CE marking shall be affixed visibly, legibly and indelibly for high-risk AI systems. Where that is not possible or not warranted on account of the nature of the high-risk AI system, it shall be affixed to the packaging or to the accompanying documentation, as appropriate.""",2026-08-02,Art. 113 second subparagraph,,,medium,Medium for legal-AI vendors whose systems fall within Annex III justice or other high-risk categories; indirect for deployers.,[],https://eur-lex.europa.eu/eli/reg/2024/1689/oj/eng#art_48
art-48-4,48,4,,"[""provider"", ""authorised-representative"", ""notified-body""]",conformity-assessment,high-risk,"Where applicable, the CE marking must be followed by the notified body identification number, and that number must also appear in promotional material mentioning CE marking compliance.","""Where applicable, the CE marking shall be followed by the identification number of the notified body responsible for the conformity assessment procedures set out in Article 43. The identification number of the notified body shall be affixed by the body itself or, under its instructions, by the provider or by the provider’s""",2026-08-02,Art. 113 second subparagraph,,Art. 99(4),medium,Medium for legal-AI vendors whose systems fall within Annex III justice or other high-risk categories; indirect for deployers.,"[""Art. 43""]",https://eur-lex.europa.eu/eli/reg/2024/1689/oj/eng#art_48
art-48-5,48,5,,"[""provider""]",conformity-assessment,high-risk,"Where other Union law also requires CE marking, the marking must indicate that the high-risk AI system also fulfils that other law.","""Where high-risk AI systems are subject to other Union law which also provides for the affixing of the CE marking, the CE marking shall indicate that the high-risk AI system also fulfil the requirements of that other law.""",2026-08-02,Art. 113 second subparagraph,"For high-risk AI systems that become high-risk through Art. 6(1) (Annex I products), corresponding obligations apply from 2027-08-02 under Art. 113(c).",,medium,Medium for legal-AI vendors whose systems fall within Annex III justice or other high-risk categories; indirect for deployers.,[],https://eur-lex.europa.eu/eli/reg/2024/1689/oj/eng#art_48
art-49-1,49,1,,"[""provider"", ""authorised-representative""]",registration,high-risk,"Before placing on the market or putting into service most Annex III high-risk AI systems, the provider or authorised representative must register itself and the system in the EU database.","""Before placing on the market or putting into service a high-risk AI system listed in Annex III, with the exception of high-risk AI systems referred to in point 2 of Annex III, the provider or, where applicable, the authorised representative shall register themselves and their system in the EU database referred to""",2026-08-02,Art. 113 second subparagraph,,,medium,Medium for legal-AI vendors whose systems fall within Annex III justice or other high-risk categories; indirect for deployers.,"[""Annex III"", ""Art. 71""]",https://eur-lex.europa.eu/eli/reg/2024/1689/oj/eng#art_49
art-49-1-annex8,49,1,Annex VIII,"[""provider"", ""deployer"", ""public-authority-deployer""]",registration,high-risk,Annex VIII specifies information providers and public-authority deployers must submit and keep updated when registering high-risk AI systems or certain non-high-risk systems.,"""The following information shall be provided and thereafter kept up to date with regard to high-risk AI systems to be registered in accordance with Article 49(1)""",2026-08-02,Art. 113 second subparagraph,,,high,"Legal-AI providers and public-authority deployers may need to submit provider, system, conformity and FRIA data.","[""Art. 49(1)"", ""Art. 49(2)"", ""Art. 49(3)"", ""Art. 27""]",https://eur-lex.europa.eu/eli/reg/2024/1689/oj/eng#anx_VIII
art-49-2,49,2,,"[""provider"", ""authorised-representative""]",registration,high-risk,"Before placing on the market or putting into service an AI system the provider concluded is not high-risk under Article 6(3), the provider or representative must register itself and the system.","""Before placing on the market or putting into service an AI system for which the provider has concluded that it is not high-risk according to Article 6(3), that provider or, where applicable, the authorised representative shall register themselves and that system in the EU database referred to in Article 71.""",2026-08-02,Art. 113 second subparagraph,,,medium,Medium for legal-AI vendors whose systems fall within Annex III justice or other high-risk categories; indirect for deployers.,"[""Art. 6(3)"", ""Art. 71""]",https://eur-lex.europa.eu/eli/reg/2024/1689/oj/eng#art_49
art-49-3,49,3,,"[""public-authority-deployer"", ""union-institution""]",registration,high-risk,"Before putting into service or using most Annex III high-risk AI systems, public authorities, Union institutions and persons acting for them must register themselves, select the system and register its use.","""Before putting into service or using a high-risk AI system listed in Annex III, with the exception of high-risk AI systems listed in point 2 of Annex III, deployers that are public authorities, Union institutions, bodies, offices or agencies or persons acting on their behalf shall register themselves, select the system and""",2026-08-02,Art. 113 second subparagraph,,,medium,Medium for courts or public legal bodies deploying Annex III high-risk AI systems.,"[""Annex III"", ""Art. 71""]",https://eur-lex.europa.eu/eli/reg/2024/1689/oj/eng#art_49
art-49-4,49,4,,"[""provider"", ""authorised-representative"", ""public-authority-deployer""]",registration,high-risk,"For Annex III points 1, 6 and 7 systems in law enforcement, migration, asylum and border control, registrations must be made in secure non-public EU-database sections with limited information.","""For high-risk AI systems referred to in points 1, 6 and 7 of Annex III, in the areas of law enforcement, migration, asylum and border control management, the registration referred to in paragraphs 1, 2 and 3 of this Article shall be in a secure non-public section of the EU database referred""",2026-08-02,Art. 113 second subparagraph,,,low,Low for ordinary legal practice; relevant to public authorities in restricted public-security fields.,"[""Annex III points 1, 6, 7"", ""Annex VIII"", ""Annex IX"", ""Art. 74(8)""]",https://eur-lex.europa.eu/eli/reg/2024/1689/oj/eng#art_49
art-49-5,49,5,,"[""provider"", ""public-authority-deployer""]",registration,high-risk,High-risk AI systems referred to in Annex III point 2 must be registered at national level rather than through the general EU-database process.,"""High-risk AI systems referred to in point 2 of Annex III shall be registered at national level.""",2026-08-02,Art. 113 second subparagraph,,,low,Low for most legal practice unless biometric high-risk systems are involved.,"[""Annex III point 2""]",https://eur-lex.europa.eu/eli/reg/2024/1689/oj/eng#art_49
art-50-1,50,1,,"[""provider""]",information-to-persons,transparency-risk,"Providers must design and develop AI systems intended for direct interaction with natural persons so people are informed they are interacting with AI, unless obvious or a specified law-enforcement exception applies.","""Providers shall ensure that AI systems intended to interact directly with natural persons are designed and developed in such a way that the natural persons concerned are informed that they are interacting with an AI system, unless this is obvious from the point of view of a natural person who is reasonably""",2026-08-02,Art. 113 second subparagraph,,Art. 99(4),high,High for legal-AI chatbots and client-facing intake or advice tools that interact directly with natural persons.,[],https://eur-lex.europa.eu/eli/reg/2024/1689/oj/eng#art_50
art-50-2,50,2,,"[""provider"", ""gpai-provider""]",transparency,transparency-risk,"Providers of AI systems generating synthetic audio, image, video or text must mark outputs in machine-readable and detectable form as artificially generated or manipulated, subject to listed exceptions.","""Providers of AI systems, including general-purpose AI systems, generating synthetic audio, image, video or text content, shall ensure that the outputs of the AI system are marked in a machine-readable format and detectable as artificially generated or manipulated. Providers shall ensure their technical solutions are effective, interoperable, robust and reliable as far""",2026-08-02,Art. 113 second subparagraph,,Art. 99(4),medium,"Medium for legal-AI vendors offering generative drafting, evidence, media or document-generation systems.","[""Art. 56(6)"", ""Art. 98(2)""]",https://eur-lex.europa.eu/eli/reg/2024/1689/oj/eng#art_50
art-50-3,50,3,,"[""deployer""]",information-to-persons,transparency-risk,"Deployers of emotion-recognition or biometric-categorisation systems must inform exposed natural persons of the system’s operation and process personal data under applicable data-protection law, subject to the law-enforcement exception.","""Deployers of an emotion recognition system or a biometric categorisation system shall inform the natural persons exposed thereto of the operation of the system, and shall process the personal data in accordance with Regulations (EU) 2016/679 and (EU) 2018/1725 and Directive (EU) 2016/680, as applicable. This obligation shall not apply to AI""",2026-08-02,Art. 113 second subparagraph,,Art. 99(4),medium,"Medium where legal workplaces, courts or vendors deploy emotion-recognition or biometric categorisation systems.","[""Regulation (EU) 2016/679"", ""Regulation (EU) 2018/1725"", ""Directive (EU) 2016/680""]",https://eur-lex.europa.eu/eli/reg/2024/1689/oj/eng#art_50
art-50-4,50,4,,"[""deployer""]",transparency,transparency-risk,"Deployers must disclose artificially generated or manipulated deepfake image, audio or video content and AI-generated or manipulated public-interest text, subject to the paragraph’s law-enforcement, artistic and editorial-control limits.","""Deployers of an AI system that generates or manipulates image, audio or video content constituting a deep fake, shall disclose that the content has been artificially generated or manipulated. This obligation shall not apply where the use is authorised by law to detect, prevent, investigate or prosecute criminal offence. Where the content""",2026-08-02,Art. 113 second subparagraph,,Art. 99(4),high,"High for legal-AI systems used to draft public-facing legal updates, public comments, campaign material or manipulated media.",[],https://eur-lex.europa.eu/eli/reg/2024/1689/oj/eng#art_50
art-50-5,50,5,,"[""provider"", ""deployer""]",information-to-persons,transparency-risk,"The information required by Article 50 paragraphs 1 to 4 must be clear, distinguishable, timely at first interaction or exposure, and comply with accessibility requirements.","""The information referred to in paragraphs 1 to 4 shall be provided to the natural persons concerned in a clear and distinguishable manner at the latest at the time of the first interaction or exposure. The information shall conform to the applicable accessibility requirements.""",2026-08-02,Art. 113 second subparagraph,,Art. 99(4),high,High because it governs how legal-AI chatbot and public-content transparency notices must be delivered.,"[""Art. 50(1)"", ""Art. 50(2)"", ""Art. 50(3)"", ""Art. 50(4)""]",https://eur-lex.europa.eu/eli/reg/2024/1689/oj/eng#art_50
art-50-6,50,6,,"[""provider"", ""deployer""]",scope-or-definition,transparency-risk,Article 50 transparency duties do not affect Chapter III requirements and obligations and do not prejudice other Union or national transparency duties for deployers.,"""Paragraphs 1 to 4 shall not affect the requirements and obligations set out in Chapter III, and shall be without prejudice to other transparency obligations laid down in Union or national law for deployers of AI systems.""",2026-08-02,Art. 113 second subparagraph,,Art. 99(4),low,Clarifies interaction with other regimes; indirect relevance to legal-AI providers and deployers.,"[""Chapter III""]",https://eur-lex.europa.eu/eli/reg/2024/1689/oj/eng#art_50
art-50-7,50,7,,"[""ai-office"", ""commission""]",governance-institutional,transparency-risk,"The AI Office must encourage and facilitate Union-level codes of practice for detection and labelling of artificial content, and the Commission may approve codes or set common rules.","""The AI Office shall encourage and facilitate the drawing up of codes of practice at Union level to facilitate the effective implementation of the obligations regarding the detection and labelling of artificially generated or manipulated content. The Commission may adopt implementing acts to approve those codes of practice in accordance with the""",2026-08-02,Art. 113 second subparagraph,,Art. 99(4),low,Institutional support for transparency standards that legal-AI vendors may later rely on.,"[""Art. 56(6)"", ""Art. 98(2)""]",https://eur-lex.europa.eu/eli/reg/2024/1689/oj/eng#art_50
art-51-1-2,51,1,,"[""gpai-provider"", ""commission""]",scope-or-definition,gpai-systemic-risk,"A general-purpose AI model is classified as systemic-risk when it has high-impact capabilities or Commission-designated equivalent capabilities or impact, with a FLOP-based presumption for high-impact capabilities.","""A general-purpose AI model shall be classified as a general-purpose AI model with systemic risk if it meets any of the following conditions:""",2025-08-02,Art. 113(b),,,medium,Medium for vendors building legal-AI products on foundation models or providing general-purpose AI models.,"[""Annex XIII""]",https://eur-lex.europa.eu/eli/reg/2024/1689/oj/eng#art_51
art-51-1-annex13,51,1,Annex XIII,"[""commission"", ""gpai-provider""]",scope-or-definition,gpai-systemic-risk,Annex XIII lists criteria the Commission must consider when determining GPAI models have capabilities or impact equivalent to high-impact capabilities under Article 51.,"""the Commission shall take into account the following criteria""",2025-08-02,Art. 113(b),,Art. 101,medium,Systemic-risk classification can affect GPAI models used in legal AI products.,"[""Art. 51(1)(b)"", ""Art. 52(4)""]",https://eur-lex.europa.eu/eli/reg/2024/1689/oj/eng#anx_XIII
art-51-3,51,3,,"[""commission""]",delegated-or-implementing-act,gpai-systemic-risk,The Commission must adopt delegated acts to amend systemic-risk thresholds and supplement benchmarks and indicators as needed to reflect technological developments and the state of the art.,"""The Commission shall adopt delegated acts in accordance with Article 97 to amend the thresholds listed in paragraphs 1 and 2 of this Article, as well as to supplement benchmarks and indicators in light of evolving technological developments, such as algorithmic improvements or increased hardware efficiency, when necessary, for these thresholds to""",2025-08-02,Art. 113(b),,,low,Institutional governance mechanics; indirect relevance to legal practices through oversight and guidance.,"[""Art. 97""]",https://eur-lex.europa.eu/eli/reg/2024/1689/oj/eng#art_51
art-52-1,52,1,,"[""gpai-provider""]",cooperation-with-authorities,gpai-systemic-risk,"A GPAI provider whose model meets the Article 51(1)(a) condition must notify the Commission without delay and within two weeks, including information showing the condition is met.","""Where a general-purpose AI model meets the condition referred to in Article 51(1), point (a), the relevant provider shall notify the Commission without delay and in any event within two weeks after that requirement is met or it becomes known that it will be met. That notification shall include the information necessary""",2025-08-02,Art. 113(b),,Art. 101,medium,Medium for vendors building legal-AI products on foundation models or providing general-purpose AI models.,"[""Art. 51(1)(a)""]",https://eur-lex.europa.eu/eli/reg/2024/1689/oj/eng#art_52
art-52-2,52,2,,"[""gpai-provider""]",documentation,gpai-systemic-risk,"A provider may present sufficiently substantiated arguments with its notification to show that, exceptionally, the model does not present systemic risks despite meeting the threshold.","""The provider of a general-purpose AI model that meets the condition referred to in Article 51(1), point (a), may present, with its notification, sufficiently substantiated arguments to demonstrate that, exceptionally, although it meets that requirement, the general-purpose AI model does not present, due to its specific characteristics, systemic risks and therefore should""",2025-08-02,Art. 113(b),,Art. 101,medium,Medium for vendors building legal-AI products on foundation models or providing general-purpose AI models.,[],https://eur-lex.europa.eu/eli/reg/2024/1689/oj/eng#art_52
art-52-3-4,52,3,,"[""commission""]",enforcement-power,gpai-systemic-risk,"The Commission may reject insufficient provider arguments so the model is systemic-risk, and may designate a model as systemic-risk ex officio or after a scientific-panel qualified alert.","""Where the Commission concludes that the arguments submitted pursuant to paragraph 2 are not sufficiently substantiated and the relevant provider was not able to demonstrate that the general-purpose AI model does not present, due to its specific characteristics, systemic risks, it shall reject those arguments, and the general-purpose AI model shall be""",2025-08-02,Art. 113(b),,,low,Institutional governance mechanics; indirect relevance to legal practices through oversight and guidance.,"[""Art. 90(1)(a)"", ""Annex XIII""]",https://eur-lex.europa.eu/eli/reg/2024/1689/oj/eng#art_52
art-52-5,52,5,,"[""gpai-provider"", ""commission""]",enforcement-power,gpai-systemic-risk,"A designated provider may request reassessment no earlier than six months with objective, detailed and new reasons, and the Commission must take the request into account.","""Upon a reasoned request of a provider whose model has been designated as a general-purpose AI model with systemic risk pursuant to paragraph 4, the Commission shall take the request into account and may decide to reassess whether the general-purpose AI model can still be considered to present systemic risks on the""",2025-08-02,Art. 113(b),,Art. 101,medium,Medium for vendors building legal-AI products on foundation models or providing general-purpose AI models.,"[""Annex XIII""]",https://eur-lex.europa.eu/eli/reg/2024/1689/oj/eng#art_52
art-52-6,52,6,,"[""commission""]",registration,gpai-systemic-risk,"The Commission must publish and keep current a list of general-purpose AI models with systemic risk while protecting intellectual property, confidential business information and trade secrets.","""The Commission shall ensure that a list of general-purpose AI models with systemic risk is published and shall keep that list up to date, without prejudice to the need to observe and protect intellectual property rights and confidential business information or trade secrets in accordance with Union and national law.""",2025-08-02,Art. 113(b),,,low,Institutional governance mechanics; indirect relevance to legal practices through oversight and guidance.,[],https://eur-lex.europa.eu/eli/reg/2024/1689/oj/eng#art_52
art-53-1-annex11,53,1,Annex XI,"[""gpai-provider""]",documentation,gpai,Annex XI specifies technical documentation that GPAI model providers must draw up and keep up to date for provision to the AI Office and national competent authorities.,"""The technical documentation referred to in Article 53(1), point (a) shall contain at least the following information""",2025-08-02,Art. 113(b),,Art. 101,medium,GPAI providers supplying models to legal-AI systems must maintain this model documentation.,"[""Art. 53(1)(a)"", ""Art. 55""]",https://eur-lex.europa.eu/eli/reg/2024/1689/oj/eng#anx_XI
art-53-1-annex12,53,1,Annex XII,"[""gpai-provider"", ""downstream-provider""]",transparency,gpai,Annex XII specifies information and documentation GPAI providers must make available to downstream AI-system providers that intend to integrate the model.,"""The information referred to in Article 53(1), point (b) shall contain at least the following""",2025-08-02,Art. 113(b),,Art. 101,medium,Legal-AI vendors integrating GPAI models are downstream providers intended to receive this information.,"[""Art. 53(1)(b)""]",https://eur-lex.europa.eu/eli/reg/2024/1689/oj/eng#anx_XII
art-53-1-a,53,1,a,"[""gpai-provider""]",documentation,gpai,"Providers of GPAI models must draw up and keep current model technical documentation, including training, testing and evaluation information, for provision to the AI Office and national competent authorities on request.","""draw up and keep up-to-date the technical documentation of the model, including its training and testing process and the results of its evaluation, which shall contain, at a minimum, the information set out in Annex XI for the purpose of providing it, upon request, to the AI Office and the national competent""",2025-08-02,Art. 113(b),,Art. 101,medium,Medium for vendors building legal-AI products on foundation models or providing general-purpose AI models.,"[""Annex XI""]",https://eur-lex.europa.eu/eli/reg/2024/1689/oj/eng#art_53
art-53-1-b,53,1,b,"[""gpai-provider""]",documentation,gpai,"GPAI model providers must draw up, keep current and make available information and documentation for downstream AI-system providers so they understand capabilities and limits and can comply with the Regulation.","""draw up, keep up-to-date and make available information and documentation to providers of AI systems who intend to integrate the general-purpose AI model into their AI systems. Without prejudice to the need to observe and protect intellectual property rights and confidential business information or trade secrets in accordance with Union and national""",2025-08-02,Art. 113(b),,Art. 101,medium,Medium for legal-AI vendors integrating foundation models because this is the downstream information duty.,"[""Annex XII""]",https://eur-lex.europa.eu/eli/reg/2024/1689/oj/eng#art_53
art-53-1-c,53,1,c,"[""gpai-provider""]",requirement,gpai,"GPAI model providers must put in place a policy to comply with Union copyright and related-rights law, including rights reservations under Directive (EU) 2019/790 Article 4(3).","""put in place a policy to comply with Union law on copyright and related rights, and in particular to identify and comply with, including through state-of-the-art technologies, a reservation of rights expressed pursuant to Article 4(3) of Directive (EU) 2019/790;""",2025-08-02,Art. 113(b),,Art. 101,medium,"Medium for vendors providing or fine-tuning foundation models used in legal AI, especially where training data includes legal content.","[""Directive (EU) 2019/790 Art. 4(3)""]",https://eur-lex.europa.eu/eli/reg/2024/1689/oj/eng#art_53
art-53-1-d,53,1,d,"[""gpai-provider""]",transparency,gpai,GPAI model providers must draw up and publicly make available a sufficiently detailed summary of training content using the AI Office template.,"""draw up and make publicly available a sufficiently detailed summary about the content used for training of the general-purpose AI model, according to a template provided by the AI Office.""",2025-08-02,Art. 113(b),,Art. 101,medium,Medium for legal-AI vendors and purchasers assessing foundation-model provenance and training-content disclosures.,[],https://eur-lex.europa.eu/eli/reg/2024/1689/oj/eng#art_53
art-53-2,53,2,,"[""gpai-provider""]",derogation-or-exemption,gpai,"The Article 53(1)(a) and (b) duties do not apply to qualifying free and open-source models with public parameters, architecture and usage information, but the exception excludes systemic-risk models.","""The obligations set out in paragraph 1, points (a) and (b), shall not apply to providers of AI models that are released under a free and open-source licence that allows for the access, usage, modification, and distribution of the model, and whose parameters, including the weights, the information on the model architecture,""",2025-08-02,Art. 113(b),,Art. 101,medium,Medium for vendors building legal-AI products on foundation models or providing general-purpose AI models.,"[""Art. 53(1)(a)"", ""Art. 53(1)(b)""]",https://eur-lex.europa.eu/eli/reg/2024/1689/oj/eng#art_53
art-53-3-4,53,3,,"[""gpai-provider""]",cooperation-with-authorities,gpai,"GPAI model providers must cooperate as necessary with the Commission and national competent authorities, and providers not using approved codes or standards must demonstrate alternative adequate compliance means.","""Providers of general-purpose AI models shall cooperate as necessary with the Commission and the national competent authorities in the exercise of their competences and powers pursuant to this Regulation.""",2025-08-02,Art. 113(b),,Art. 101,medium,Medium for vendors building legal-AI products on foundation models or providing general-purpose AI models.,"[""Art. 56""]",https://eur-lex.europa.eu/eli/reg/2024/1689/oj/eng#art_53
art-53-5-7,53,5,,"[""commission""]",delegated-or-implementing-act,gpai,"The Commission may adopt delegated acts on Annex XI measurement and calculation methodologies and on Annexes XI and XII updates, and information obtained under Article 53 is subject to Article 78 confidentiality.","""For the purpose of facilitating compliance with Annex XI, in particular points 2 (d) and (e) thereof, the Commission is empowered to adopt delegated acts in accordance with Article 97 to detail measurement and calculation methodologies with a view to allowing for comparable and verifiable documentation.""",2025-08-02,Art. 113(b),,,low,Institutional governance mechanics; indirect relevance to legal practices through oversight and guidance.,"[""Art. 78"", ""Art. 97"", ""Annex XI"", ""Annex XII""]",https://eur-lex.europa.eu/eli/reg/2024/1689/oj/eng#art_53
art-54-1,54,1,,"[""gpai-provider""]",requirement,gpai,"Before placing a GPAI model on the Union market, a provider established in a third country must appoint an authorised representative in the Union by written mandate.","""Prior to placing a general-purpose AI model on the Union market, providers established in third countries shall, by written mandate, appoint an authorised representative which is established in the Union.""",2025-08-02,Art. 113(b),,Art. 101,medium,Medium for vendors building legal-AI products on foundation models or providing general-purpose AI models.,[],https://eur-lex.europa.eu/eli/reg/2024/1689/oj/eng#art_54
art-54-2-4,54,2,,"[""gpai-provider""]",cooperation-with-authorities,gpai,"The provider must enable the authorised representative to perform its mandated tasks, and the mandate must empower the representative to be addressed by the AI Office or competent authorities.","""The provider shall enable its authorised representative to perform the tasks specified in the mandate received from the provider.""",2025-08-02,Art. 113(b),,Art. 101,medium,Medium for vendors building legal-AI products on foundation models or providing general-purpose AI models.,[],https://eur-lex.europa.eu/eli/reg/2024/1689/oj/eng#art_54
art-54-3-a-b,54,3,,"[""authorised-representative""]",documentation,gpai,"The authorised representative must verify that Annex XI technical documentation is drawn up and obligations are fulfilled, and keep a copy of that documentation and provider contact details for 10 years.","""The authorised representative shall perform the tasks specified in the mandate received from the provider. It shall provide a copy of the mandate to the AI Office upon request, in one of the official languages of the institutions of the Union. For the purposes of this Regulation, the mandate shall empower the""",2025-08-02,Art. 113(b),,,medium,Medium for vendors building legal-AI products on foundation models or providing general-purpose AI models.,"[""Annex XI"", ""Art. 53"", ""Art. 55""]",https://eur-lex.europa.eu/eli/reg/2024/1689/oj/eng#art_54
art-54-3-c-d,54,3,,"[""authorised-representative""]",cooperation-with-authorities,gpai,"The authorised representative must provide the AI Office, on reasoned request, compliance information and documentation and cooperate with the AI Office and competent authorities on GPAI-model actions.","""The authorised representative shall perform the tasks specified in the mandate received from the provider. It shall provide a copy of the mandate to the AI Office upon request, in one of the official languages of the institutions of the Union. For the purposes of this Regulation, the mandate shall empower the""",2025-08-02,Art. 113(b),,,medium,Medium for vendors building legal-AI products on foundation models or providing general-purpose AI models.,[],https://eur-lex.europa.eu/eli/reg/2024/1689/oj/eng#art_54
art-54-5-6,54,5,,"[""authorised-representative"", ""gpai-provider""]",derogation-or-exemption,gpai,The authorised representative must terminate the mandate and immediately inform the AI Office if it considers the provider non-compliant; Article 54 does not apply to qualifying open-source models unless systemic-risk.,"""The authorised representative shall terminate the mandate if it considers or has reason to consider the provider to be acting contrary to its obligations pursuant to this Regulation. In such a case, it shall also immediately inform the AI Office about the termination of the mandate and the reasons therefor.""",2025-08-02,Art. 113(b),,Art. 101,medium,Medium for vendors building legal-AI products on foundation models or providing general-purpose AI models.,[],https://eur-lex.europa.eu/eli/reg/2024/1689/oj/eng#art_54
art-55-1-a,55,1,a,"[""gpai-provider-systemic-risk""]",risk-management,gpai-systemic-risk,"Providers of GPAI models with systemic risk must perform model evaluation using state-of-the-art standardised protocols and tools, including documented adversarial testing to identify and mitigate systemic risks.","""perform model evaluation in accordance with standardised protocols and tools reflecting the state of the art, including conducting and documenting adversarial testing of the model with a view to identifying and mitigating systemic risks;""",2025-08-02,Art. 113(b),,Art. 101,medium,Medium for vendors building legal-AI products on foundation models or providing general-purpose AI models.,[],https://eur-lex.europa.eu/eli/reg/2024/1689/oj/eng#art_55
art-55-1-b,55,1,b,"[""gpai-provider-systemic-risk""]",risk-management,gpai-systemic-risk,"Providers of GPAI models with systemic risk must assess and mitigate possible Union-level systemic risks and their sources from development, market placement or use of the model.","""assess and mitigate possible systemic risks at Union level, including their sources, that may stem from the development, the placing on the market, or the use of general-purpose AI models with systemic risk;""",2025-08-02,Art. 113(b),,Art. 101,medium,Medium for vendors building legal-AI products on foundation models or providing general-purpose AI models.,[],https://eur-lex.europa.eu/eli/reg/2024/1689/oj/eng#art_55
art-55-1-c,55,1,c,"[""gpai-provider-systemic-risk""]",incident-reporting,gpai-systemic-risk,"Providers of GPAI models with systemic risk must track, document and report serious incidents and possible corrective measures without undue delay to the AI Office and, where appropriate, national competent authorities.","""keep track of, document, and report, without undue delay, to the AI Office and, as appropriate, to national competent authorities, relevant information about serious incidents and possible corrective measures to address them;""",2025-08-02,Art. 113(b),,Art. 101,medium,Medium for vendors building legal-AI products on foundation models or providing general-purpose AI models.,[],https://eur-lex.europa.eu/eli/reg/2024/1689/oj/eng#art_55
art-55-1-d,55,1,d,"[""gpai-provider-systemic-risk""]",requirement,gpai-systemic-risk,Providers of GPAI models with systemic risk must ensure adequate cybersecurity protection for the model and its physical infrastructure.,"""ensure an adequate level of cybersecurity protection for the general-purpose AI model with systemic risk and the physical infrastructure of the model.""",2025-08-02,Art. 113(b),,Art. 101,medium,Medium for vendors building legal-AI products on foundation models or providing general-purpose AI models.,[],https://eur-lex.europa.eu/eli/reg/2024/1689/oj/eng#art_55
art-55-2-3,55,2,,"[""gpai-provider-systemic-risk""]",documentation,gpai-systemic-risk,"Providers of systemic-risk GPAI models may rely on codes of practice or harmonised standards to demonstrate compliance, and must demonstrate alternative adequate means if not using them; information obtained is confidential.","""Providers of general-purpose AI models with systemic risk may rely on codes of practice within the meaning of Article 56 to demonstrate compliance with the obligations set out in paragraph 1 of this Article, until a harmonised standard is published. Compliance with European harmonised standards grants providers the presumption of conformity to""",2025-08-02,Art. 113(b),,Art. 101,medium,Medium for vendors building legal-AI products on foundation models or providing general-purpose AI models.,"[""Art. 56"", ""Art. 78""]",https://eur-lex.europa.eu/eli/reg/2024/1689/oj/eng#art_55
art-56-1,56,1,,"[""ai-office""]",governance-institutional,gpai,"The AI Office must encourage and facilitate Union-level codes of practice to support proper application of the Regulation, taking international approaches into account.","""The AI Office shall encourage and facilitate the drawing up of codes of practice at Union level in order to contribute to the proper application of this Regulation, taking into account international approaches.""",2025-08-02,Art. 113(b),,,low,Institutional governance mechanics; indirect relevance to legal practices through oversight and guidance.,[],https://eur-lex.europa.eu/eli/reg/2024/1689/oj/eng#art_56
art-56-2-4,56,2,,"[""ai-office"", ""ai-board""]",governance-institutional,gpai,"The AI Office and Board must aim for codes of practice covering Articles 53 and 55, including information updates, training-summary detail, systemic-risk identification and risk-management measures, with clear objectives and commitments.","""The AI Office and the Board shall aim to ensure that the codes of practice cover at least the obligations provided for in Articles 53 and 55, including the following issues:""",2025-08-02,Art. 113(b),,,low,Institutional governance mechanics; indirect relevance to legal practices through oversight and guidance.,"[""Art. 53"", ""Art. 55""]",https://eur-lex.europa.eu/eli/reg/2024/1689/oj/eng#art_56
art-56-3-7,56,3,,"[""ai-office"", ""gpai-provider""]",support-measure,gpai,"The AI Office may invite GPAI providers and competent authorities to draw up codes of practice and may invite providers to adhere to them, with limited adherence possible for non-systemic models.","""The AI Office may invite all providers of general-purpose AI models, as well as relevant national competent authorities, to participate in the drawing-up of codes of practice. Civil society organisations, industry, academia and other relevant stakeholders, such as downstream providers and independent experts, may support the process.""",2025-08-02,Art. 113(b),,,medium,Medium for vendors building legal-AI products on foundation models or providing general-purpose AI models.,[],https://eur-lex.europa.eu/eli/reg/2024/1689/oj/eng#art_56
art-56-5-8,56,5,,"[""ai-office"", ""ai-board"", ""commission""]",monitoring,gpai,"The AI Office must aim for regular participant reporting, the AI Office and Board must monitor and publish adequacy assessments, the Commission may approve codes, and the AI Office must facilitate review and adaptation.","""The AI Office shall aim to ensure that participants to the codes of practice report regularly to the AI Office on the implementation of the commitments and the measures taken and their outcomes, including as measured against the key performance indicators as appropriate. Key performance indicators and reporting commitments shall reflect differences""",2025-08-02,Art. 113(b),,,low,Institutional governance mechanics; indirect relevance to legal practices through oversight and guidance.,"[""Art. 98(2)""]",https://eur-lex.europa.eu/eli/reg/2024/1689/oj/eng#art_56
art-56-9,56,9,,"[""ai-office"", ""commission""]",delegated-or-implementing-act,gpai,"Codes of practice must be ready by 2 May 2025; if not finalised or adequate by 2 August 2025, the Commission may set common implementing rules for Articles 53 and 55.","""Codes of practice shall be ready at the latest by 2 May 2025. The AI Office shall take the necessary steps, including inviting providers pursuant to paragraph 7.""",2025-08-02,Art. 113(b),,,low,Institutional governance mechanics; indirect relevance to legal practices through oversight and guidance.,"[""Art. 53"", ""Art. 55"", ""Art. 98(2)""]",https://eur-lex.europa.eu/eli/reg/2024/1689/oj/eng#art_56
art-57-1,57,1,,"[""member-state"", ""commission""]",support-measure,not-tier-specific,"Member States must ensure at least one national AI regulatory sandbox is operational by 2 August 2026, or equivalent national coverage through an existing sandbox; the Commission may provide support.","""Member States shall ensure that their competent authorities establish at least one AI regulatory sandbox at national level, which shall be operational by 2 August 2026. That sandbox may also be established jointly with the competent authorities of other Member States. The Commission may provide technical support, advice and tools for the""",2026-08-02,Art. 113 second subparagraph,,,medium,Medium for legal-AI providers seeking supervised experimentation or sandbox access.,[],https://eur-lex.europa.eu/eli/reg/2024/1689/oj/eng#art_57
art-57-3-4,57,3,,"[""member-state"", ""national-competent-authority"", ""union-institution""]",support-measure,not-tier-specific,"The EDPS may establish a sandbox for Union bodies, and Member States must ensure competent authorities allocate sufficient resources and cooperate with relevant authorities and other sandboxes.","""The European Data Protection Supervisor may also establish an AI regulatory sandbox for Union institutions, bodies, offices and agencies, and may exercise the roles and the tasks of national competent authorities in accordance with this Chapter.""",2026-08-02,Art. 113 second subparagraph,,,low,Institutional governance mechanics; indirect relevance to legal practices through oversight and guidance.,[],https://eur-lex.europa.eu/eli/reg/2024/1689/oj/eng#art_57
art-57-5-8,57,5,,"[""national-competent-authority"", ""commission"", ""ai-board""]",support-measure,not-tier-specific,"Sandboxes must provide a controlled environment under a specific plan, competent authorities must give guidance and may provide written proof and exit reports, and the Commission and Board may access agreed exit reports.","""AI regulatory sandboxes established under paragraph 1 shall provide for a controlled environment that fosters innovation and facilitates the development, training, testing and validation of innovative AI systems for a limited time before their being placed on the market or put into service pursuant to a specific sandbox plan agreed between the""",2026-08-02,Art. 113 second subparagraph,,,medium,Medium for legal-AI vendors using sandbox documentation in conformity assessment or market surveillance contexts.,"[""Art. 78""]",https://eur-lex.europa.eu/eli/reg/2024/1689/oj/eng#art_57
art-57-9-12,57,9,,"[""national-competent-authority"", ""provider""]",support-measure,not-tier-specific,"Sandboxes aim to improve legal certainty, share best practices and foster innovation; authorities must associate data-protection bodies where relevant, keep supervisory powers, suspend unmitigated testing, and providers remain liable.","""The establishment of AI regulatory sandboxes shall aim to contribute to the following objectives:""",2026-08-02,Art. 113 second subparagraph,,,medium,"Medium for legal-AI developers because sandbox participation can affect testing, compliance evidence, liability and fines exposure.",[],https://eur-lex.europa.eu/eli/reg/2024/1689/oj/eng#art_57
art-57-13-17,57,13,,"[""national-competent-authority"", ""ai-office"", ""ai-board"", ""commission""]",governance-institutional,not-tier-specific,"National competent authorities must facilitate cross-border cooperation, coordinate through the Board, inform the AI Office and Board of sandboxes, submit annual and final reports, and the Commission must develop a sandbox information interface.","""The AI regulatory sandboxes shall be designed and implemented in such a way that, where relevant, they facilitate cross-border cooperation between national competent authorities.""",2026-08-02,Art. 113 second subparagraph,,,low,Institutional governance mechanics; indirect relevance to legal practices through oversight and guidance.,[],https://eur-lex.europa.eu/eli/reg/2024/1689/oj/eng#art_57
art-58-1,58,1,,"[""commission""]",delegated-or-implementing-act,not-tier-specific,"The Commission must adopt implementing acts specifying detailed arrangements for sandbox establishment, development, implementation, operation and supervision, including eligibility, procedures and participant terms.","""In order to avoid fragmentation across the Union, the Commission shall adopt implementing acts specifying the detailed arrangements for the establishment, development, implementation, operation and supervision of the AI regulatory sandboxes. The implementing acts shall include common principles on the following issues:""",2026-08-02,Art. 113 second subparagraph,,,low,Institutional governance mechanics; indirect relevance to legal practices through oversight and guidance.,"[""Art. 98(2)""]",https://eur-lex.europa.eu/eli/reg/2024/1689/oj/eng#art_58
art-58-2,58,2,,"[""commission"", ""national-competent-authority""]",support-measure,not-tier-specific,"Sandbox implementing acts must ensure transparent and fair access decisions, broad and equal access, flexibility, free SME access subject to fair exceptional costs, simple procedures, limited participation periods and testing infrastructure.","""The implementing acts referred to in paragraph 1 shall ensure:""",2026-08-02,Art. 113 second subparagraph,,,medium,Medium for SMEs and start-ups building legal-AI systems that seek sandbox participation.,[],https://eur-lex.europa.eu/eli/reg/2024/1689/oj/eng#art_58
art-58-3-4,58,3,,"[""national-competent-authority""]",support-measure,not-tier-specific,"Prospective providers, especially SMEs and start-ups, must be directed to relevant pre-deployment and support services, and real-world testing in a sandbox must have agreed conditions and safeguards.","""Prospective providers in the AI regulatory sandboxes, in particular SMEs and start-ups, shall be directed, where relevant, to pre-deployment services such as guidance on the implementation of this Regulation, to other value-adding services such as help with standardisation documents and certification, testing and experimentation facilities, European Digital Innovation Hubs and centres of""",2026-08-02,Art. 113 second subparagraph,,,medium,"Medium for legal-AI vendors seeking guidance, certification support or supervised real-world testing.",[],https://eur-lex.europa.eu/eli/reg/2024/1689/oj/eng#art_58
art-59-1-a-b,59,1,,"[""provider"", ""other""]",data-governance,high-risk,"In a sandbox, personal data collected for other purposes may be used only for developing, training and testing listed public-interest AI systems, and only where necessary because anonymised, synthetic or non-personal data cannot effectively meet Chapter III Section 2 requirements.","""In the AI regulatory sandbox, personal data lawfully collected for other purposes may be processed solely for the purpose of developing, training and testing certain AI systems in the sandbox when all of the following conditions are met:""",2026-08-02,Art. 113 second subparagraph,,,medium,Medium for public-sector or regulated legal-AI projects using sandbox personal data.,"[""Chapter III Section 2""]",https://eur-lex.europa.eu/eli/reg/2024/1689/oj/eng#art_59
art-59-1-d-g,59,1,,"[""provider"", ""other""]",data-governance,high-risk,"Sandbox personal data must stay in a separated, isolated and protected environment with authorised access only, sharing limits, no measures or decisions affecting data subjects, and no impairment of data-protection rights.","""In the AI regulatory sandbox, personal data lawfully collected for other purposes may be processed solely for the purpose of developing, training and testing certain AI systems in the sandbox when all of the following conditions are met:""",2026-08-02,Art. 113 second subparagraph,,,medium,"Medium for legal-AI projects testing with sensitive client, court or administrative data.",[],https://eur-lex.europa.eu/eli/reg/2024/1689/oj/eng#art_59
art-59-1-h-j,59,1,,"[""provider"", ""national-competent-authority""]",record-keeping,high-risk,"Sandbox personal data must be protected and deleted at the end of participation or retention, processing logs and detailed technical documentation must be kept, and a short project summary must be published with sensitive operational-data limits.","""In the AI regulatory sandbox, personal data lawfully collected for other purposes may be processed solely for the purpose of developing, training and testing certain AI systems in the sandbox when all of the following conditions are met:""",2026-08-02,Art. 113 second subparagraph,,,medium,"Medium for legal-AI vendors because it governs sandbox data retention, logs, documentation and public summaries.","[""Annex IV""]",https://eur-lex.europa.eu/eli/reg/2024/1689/oj/eng#art_59
art-59-1-c,59,1,c,"[""provider"", ""other""]",risk-management,high-risk,"Sandbox personal-data processing must have effective monitoring to identify high risks to data-subject rights and freedoms, plus response mechanisms to mitigate risks and stop processing where necessary.","""there are effective monitoring mechanisms to identify if any high risks to the rights and freedoms of the data subjects, as referred to in Article 35 of Regulation (EU) 2016/679 and in Article 39 of Regulation (EU) 2018/1725, may arise during the sandbox experimentation, as well as response mechanisms to promptly mitigate""",2026-08-02,Art. 113 second subparagraph,,,medium,Medium for legal-AI sandbox projects processing personal data.,"[""Regulation (EU) 2016/679 Art. 35"", ""Regulation (EU) 2018/1725 Art. 39""]",https://eur-lex.europa.eu/eli/reg/2024/1689/oj/eng#art_59
art-60-1-3,60,1,,"[""provider""]",support-measure,high-risk,"Providers or prospective providers may conduct real-world testing of Annex III high-risk AI systems outside sandboxes only under Article 60 and a real-world testing plan before market placement or putting into service, without affecting prohibitions or required ethical review.","""Testing of high-risk AI systems in real world conditions outside AI regulatory sandboxes may be conducted by providers or prospective providers of high-risk AI systems listed in Annex III, in accordance with this Article and the real-world testing plan referred to in this Article, without prejudice to the prohibitions under Article 5.""",2026-08-02,Art. 113 second subparagraph,,,medium,"Medium for legal-AI vendors testing Annex III high-risk systems, including justice-related systems.","[""Annex III"", ""Art. 5""]",https://eur-lex.europa.eu/eli/reg/2024/1689/oj/eng#art_60
art-60-4,60,4,,"[""provider"", ""deployer""]",risk-management,high-risk,"Real-world testing may occur only if Article 60(4) conditions are met, including plan approval, registration, Union establishment or representation, transfer safeguards, time limits, vulnerable-person protection, deployer role agreements, consent or law-enforcement safeguards, oversight and reversibility.","""Providers or prospective providers may conduct the testing in real world conditions only where all of the following conditions are met:""",2026-08-02,Art. 113 second subparagraph,,,medium,Medium for legal-AI providers and deployers participating in real-world tests.,"[""Art. 13"", ""Art. 49(4)"", ""Art. 49(5)"", ""Art. 61"", ""Art. 71(4)"", ""Annex IX""]",https://eur-lex.europa.eu/eli/reg/2024/1689/oj/eng#art_60
art-60-4-annex9,60,4,Annex IX,"[""provider"", ""deployer""]",registration,high-risk,"Annex IX specifies information to register testing in real-world conditions, including identifiers, participant contacts, AI system description, testing-plan summary and suspension or termination information.","""The following information shall be provided and thereafter kept up to date with regard to testing in real world conditions to be registered in accordance with Article 60""",2026-08-02,Art. 113 second subparagraph,,,medium,High-risk legal-AI real-world testing may require these registration details.,"[""Art. 60""]",https://eur-lex.europa.eu/eli/reg/2024/1689/oj/eng#anx_IX
art-60-5-6,60,5,,"[""natural-person"", ""market-surveillance-authority""]",right-of-person,high-risk,"Testing subjects or their representatives may withdraw without detriment and request deletion of personal data, and Member States must give market surveillance authorities powers to obtain information, inspect and check testing.","""Any subjects of the testing in real world conditions, or their legally designated representative, as appropriate, may, without any resulting detriment and without having to provide any justification, withdraw from the testing at any time by revoking their informed consent and may request the immediate and permanent deletion of their personal data.""",2026-08-02,Art. 113 second subparagraph,,,medium,Medium where legal-AI real-world testing includes individuals as test subjects.,"[""Art. 75""]",https://eur-lex.europa.eu/eli/reg/2024/1689/oj/eng#art_60
art-60-7-9,60,7,,"[""provider"", ""market-surveillance-authority""]",incident-reporting,high-risk,"Serious incidents during real-world testing must be reported to the market surveillance authority, immediate mitigation or suspension/termination and recall procedures must follow, suspension or termination and final outcomes must be notified, and providers remain liable for damage.","""Any serious incident identified in the course of the testing in real world conditions shall be reported to the national market surveillance authority in accordance with Article 73. The provider or prospective provider shall adopt immediate mitigation measures or, failing that, shall suspend the testing in real world conditions until such mitigation""",2026-08-02,Art. 113 second subparagraph,,,medium,Medium for legal-AI providers conducting high-risk real-world tests.,"[""Art. 73""]",https://eur-lex.europa.eu/eli/reg/2024/1689/oj/eng#art_60
art-61-1,61,1,,"[""provider""]",information-to-persons,high-risk,"For Article 60 real-world testing, freely given informed consent must be obtained before participation after concise, clear, relevant and understandable information on nature, conditions, rights, reversal arrangements and identification/contact details.","""For the purpose of testing in real world conditions under Article 60, freely-given informed consent shall be obtained from the subjects of testing prior to their participation in such testing and after their having been duly informed with concise, clear, relevant, and understandable information regarding:""",2026-08-02,Art. 113 second subparagraph,,,medium,Medium for legal-AI vendors testing high-risk systems with natural-person subjects.,"[""Art. 60""]",https://eur-lex.europa.eu/eli/reg/2024/1689/oj/eng#art_61
art-61-2,61,2,,"[""provider""]",record-keeping,high-risk,"Informed consent for Article 60 real-world testing must be dated and documented, and a copy must be given to the test subject or legal representative.","""The informed consent shall be dated and documented and a copy shall be given to the subjects of testing or their legal representative.""",2026-08-02,Art. 113 second subparagraph,,,medium,Medium for legal-AI real-world testing documentation.,"[""Art. 60""]",https://eur-lex.europa.eu/eli/reg/2024/1689/oj/eng#art_61
art-62-1-2,62,1,,"[""member-state""]",support-measure,not-tier-specific,"Member States must support SMEs, start-ups, deployers and relevant public authorities through priority sandbox access, tailored awareness and training, advice channels, participation in standardisation, and proportionate conformity-assessment fees.","""Member States shall undertake the following actions:""",2026-08-02,Art. 113 second subparagraph,,,medium,"Medium for small legal-AI vendors and deployers seeking guidance, standardisation participation or reduced conformity-assessment burdens.","[""Art. 43""]",https://eur-lex.europa.eu/eli/reg/2024/1689/oj/eng#art_62
art-62-3,62,3,,"[""ai-office""]",support-measure,not-tier-specific,"The AI Office must provide standardised templates, maintain a single information platform, organise awareness campaigns, and evaluate and promote procurement best-practice convergence for AI systems.","""The AI Office shall undertake the following actions:""",2026-08-02,Art. 113 second subparagraph,,,medium,"Medium for legal-AI operators using official templates, guidance and procurement practices.",[],https://eur-lex.europa.eu/eli/reg/2024/1689/oj/eng#art_62
art-63-1,63,1,,"[""commission"", ""provider""]",quality-management,high-risk,"Eligible microenterprises may comply with certain Article 17 quality-management elements in a simplified manner, and the Commission must develop guidelines on the simplified elements without reducing protection or compliance needs.","""Microenterprises within the meaning of Recommendation 2003/361/EC may comply with certain elements of the quality management system required by Article 17 of this Regulation in a simplified manner, provided that they do not have partner enterprises or linked enterprises within the meaning of that Recommendation. For that purpose, the Commission shall develop""",2026-08-02,Art. 113 second subparagraph,,,medium,Medium for microenterprise legal-AI vendors subject to high-risk quality-management duties.,"[""Art. 17""]",https://eur-lex.europa.eu/eli/reg/2024/1689/oj/eng#art_63
art-63-2,63,2,,"[""provider""]",derogation-or-exemption,high-risk,"The microenterprise simplification must not be interpreted as exempting operators from any other Regulation requirements or obligations, including listed high-risk and post-market obligations.","""Paragraph 1 of this Article shall not be interpreted as exempting those operators from fulfilling any other requirements or obligations laid down in this Regulation, including those established in Articles 9, 10, 11, 12, 13, 14, 15, 72 and 73.""",2026-08-02,Art. 113 second subparagraph,,,medium,Medium for small legal-AI vendors because simplification does not remove other duties.,"[""Art. 9"", ""Art. 10"", ""Art. 11"", ""Art. 12"", ""Art. 13"", ""Art. 14"", ""Art. 15"", ""Art. 72"", ""Art. 73""]",https://eur-lex.europa.eu/eli/reg/2024/1689/oj/eng#art_63
art-64-1-2,64,1,,"[""commission"", ""member-state""]",governance-institutional,not-tier-specific,"The Commission must develop Union AI expertise and capabilities through the AI Office, and Member States must facilitate the tasks entrusted to the AI Office under the Regulation.","""The Commission shall develop Union expertise and capabilities in the field of AI through the AI Office.""",2025-08-02,Art. 113(b),,,low,Institutional governance mechanics; indirect relevance to legal practices through oversight and guidance.,[],https://eur-lex.europa.eu/eli/reg/2024/1689/oj/eng#art_64
art-65-1-2,65,1,,"[""ai-board"", ""member-state"", ""ai-office""]",governance-institutional,not-tier-specific,"The European Artificial Intelligence Board is established with one Member State representative, EDPS observer participation, AI Office attendance without voting, and possible invitations to relevant authorities, bodies or experts.","""A European Artificial Intelligence Board (the ‘Board’) is hereby established.""",2025-08-02,Art. 113(b),,,low,Institutional governance mechanics; indirect relevance to legal practices through oversight and guidance.,[],https://eur-lex.europa.eu/eli/reg/2024/1689/oj/eng#art_65
art-65-3-4,65,3,,"[""member-state""]",governance-institutional,not-tier-specific,"Member States must designate Board representatives for renewable three-year terms and ensure they have relevant competences, contact-point functions and coordination powers.","""Each representative shall be designated by their Member State for a period of three years, renewable once.""",2025-08-02,Art. 113(b),,,low,Institutional governance mechanics; indirect relevance to legal practices through oversight and guidance.,[],https://eur-lex.europa.eu/eli/reg/2024/1689/oj/eng#art_65
art-65-5-8,65,5,,"[""ai-board"", ""ai-office""]",governance-institutional,not-tier-specific,"Board representatives must adopt rules of procedure, the Board must establish standing sub-groups and operate objectively and impartially, and the AI Office must provide the secretariat, convene meetings and prepare agendas.","""The designated representatives of the Member States shall adopt the Board’s rules of procedure by a two-thirds majority. The rules of procedure shall, in particular, lay down procedures for the selection process, the duration of the mandate of, and specifications of the tasks of, the Chair, detailed arrangements for voting, and the""",2025-08-02,Art. 113(b),,,low,Institutional governance mechanics; indirect relevance to legal practices through oversight and guidance.,[],https://eur-lex.europa.eu/eli/reg/2024/1689/oj/eng#art_65
art-66-0-coordination,66,,,"[""ai-board""]",governance-institutional,not-tier-specific,"The Board advises and assists the Commission and Member States, including through coordination among national competent authorities, shared expertise, advice on implementation and harmonised administrative practices.","""The Board shall advise and assist the Commission and the Member States in order to facilitate the consistent and effective application of this Regulation. To that end, the Board may in particular:""",2025-08-02,Art. 113(b),,,low,Institutional governance mechanics; indirect relevance to legal practices through oversight and guidance.,[],https://eur-lex.europa.eu/eli/reg/2024/1689/oj/eng#art_66
art-66-0-opinions,66,,,"[""ai-board""]",governance-institutional,not-tier-specific,"The Board may issue recommendations and written opinions on implementation, codes, reviews, technical specifications, standards, market trends, value chains and possible Annex III or Article 5 amendments.","""The Board shall advise and assist the Commission and the Member States in order to facilitate the consistent and effective application of this Regulation. To that end, the Board may in particular:""",2025-08-02,Art. 113(b),,,low,Institutional governance mechanics; indirect relevance to legal practices through oversight and guidance.,"[""Art. 5"", ""Art. 7"", ""Art. 40"", ""Art. 41"", ""Art. 112"", ""Annex III""]",https://eur-lex.europa.eu/eli/reg/2024/1689/oj/eng#art_66
art-66-0-support,66,,,"[""ai-board""]",support-measure,not-tier-specific,"The Board supports AI literacy, common criteria, inter-institutional and international cooperation, national authority expertise, sandboxes, guidance, international AI matters and qualified-alert processes for GPAI models.","""The Board shall advise and assist the Commission and the Member States in order to facilitate the consistent and effective application of this Regulation. To that end, the Board may in particular:""",2025-08-02,Art. 113(b),,,low,Institutional governance mechanics; indirect relevance to legal practices through oversight and guidance.,"[""Art. 57"", ""Art. 90""]",https://eur-lex.europa.eu/eli/reg/2024/1689/oj/eng#art_66
art-67-1-5,67,1,,"[""advisory-forum"", ""commission""]",governance-institutional,not-tier-specific,"An advisory forum is established to provide technical expertise and advice, with balanced stakeholder membership appointed by the Commission and permanent members from specified Union and standards bodies.","""An advisory forum shall be established to provide technical expertise and advise the Board and the Commission, and to contribute to their tasks under this Regulation.""",2025-08-02,Art. 113(b),,,low,Institutional governance mechanics; indirect relevance to legal practices through oversight and guidance.,[],https://eur-lex.europa.eu/eli/reg/2024/1689/oj/eng#art_67
art-67-6-10,67,6,,"[""advisory-forum""]",governance-institutional,not-tier-specific,"The advisory forum must draw up rules of procedure, elect co-chairs, meet at least twice yearly, may prepare opinions and establish sub-groups, and must publish an annual activity report.","""The advisory forum shall draw up its rules of procedure. It shall elect two co-chairs from among its members, in accordance with criteria set out in paragraph 2. The term of office of the co-chairs shall be two years, renewable once.""",2025-08-02,Art. 113(b),,,low,Institutional governance mechanics; indirect relevance to legal practices through oversight and guidance.,[],https://eur-lex.europa.eu/eli/reg/2024/1689/oj/eng#art_67
art-68-1-2,68,1,,"[""commission"", ""scientific-panel""]",governance-institutional,not-tier-specific,"The Commission must establish a scientific panel by implementing act, selecting experts with AI expertise, independence from providers, and ability to act diligently, accurately and objectively.","""The Commission shall, by means of an implementing act, make provisions on the establishment of a scientific panel of independent experts (the ‘scientific panel’) intended to support the enforcement activities under this Regulation. That implementing act shall be adopted in accordance with the examination procedure referred to in Article 98(2).""",2025-08-02,Art. 113(b),,,low,Institutional governance mechanics; indirect relevance to legal practices through oversight and guidance.,"[""Art. 98(2)""]",https://eur-lex.europa.eu/eli/reg/2024/1689/oj/eng#art_68
art-68-3,68,3,,"[""scientific-panel""]",governance-institutional,not-tier-specific,"The scientific panel must advise and support the AI Office on GPAI implementation and enforcement, including systemic-risk alerts, evaluation tools, classification advice, templates and support to market surveillance and safeguard procedures.","""The scientific panel shall advise and support the AI Office, in particular with regard to the following tasks:""",2025-08-02,Art. 113(b),,,low,Institutional governance mechanics; indirect relevance to legal practices through oversight and guidance.,"[""Art. 81"", ""Art. 90""]",https://eur-lex.europa.eu/eli/reg/2024/1689/oj/eng#art_68
art-68-4-5,68,4,,"[""scientific-panel"", ""ai-office""]",record-keeping,not-tier-specific,"Scientific-panel experts must act impartially and objectively, keep information confidential, avoid instructions, publish declarations of interests, and the AI Office must manage conflicts; implementing acts must set alert and assistance procedures.","""The experts on the scientific panel shall perform their tasks with impartiality and objectivity, and shall ensure the confidentiality of information and data obtained in carrying out their tasks and activities. They shall neither seek nor take instructions from anyone when exercising their tasks under paragraph 3. Each expert shall draw up""",2025-08-02,Art. 113(b),,,low,Institutional governance mechanics; indirect relevance to legal practices through oversight and guidance.,[],https://eur-lex.europa.eu/eli/reg/2024/1689/oj/eng#art_68
art-69-1-3,69,1,,"[""member-state"", ""commission"", ""scientific-panel""]",support-measure,not-tier-specific,"Member States may call on scientific-panel experts for enforcement support, may be required to pay fees set in the Article 68 implementing act, and the Commission must facilitate timely, organised access to experts.","""Member States may call upon experts of the scientific panel to support their enforcement activities under this Regulation.""",2025-08-02,Art. 113(b),,,low,Institutional governance mechanics; indirect relevance to legal practices through oversight and guidance.,"[""Art. 68(1)"", ""Art. 84""]",https://eur-lex.europa.eu/eli/reg/2024/1689/oj/eng#art_69
art-70-1,70,1,,"[""member-state"", ""national-competent-authority""]",governance-institutional,not-tier-specific,"Each Member State must establish or designate at least one notifying authority and at least one market surveillance authority, which must exercise powers independently, impartially and without bias.","""Each Member State shall establish or designate as national competent authorities at least one notifying authority and at least one market surveillance authority for the purposes of this Regulation. Those national competent authorities shall exercise their powers independently, impartially and without bias so as to safeguard the objectivity of their activities and""",2025-08-02,Art. 113(b),,,low,Institutional governance mechanics; indirect relevance to legal practices through oversight and guidance.,[],https://eur-lex.europa.eu/eli/reg/2024/1689/oj/eng#art_70
art-70-2,70,2,,"[""member-state"", ""commission""]",cooperation-with-authorities,not-tier-specific,"Member States must communicate authority identities and tasks and later changes to the Commission, publish contact information by 2 August 2025, designate a single point of contact and notify it, and the Commission must publish the list.","""Member States shall communicate to the Commission the identity of the notifying authorities and the market surveillance authorities and the tasks of those authorities, as well as any subsequent changes thereto. Member States shall make publicly available information on how competent authorities and single points of contact can be contacted, through electronic""",2025-08-02,Art. 113(b),,,low,Institutional governance mechanics; indirect relevance to legal practices through oversight and guidance.,[],https://eur-lex.europa.eu/eli/reg/2024/1689/oj/eng#art_70
art-70-3-6,70,3,,"[""member-state"", ""national-competent-authority"", ""commission""]",governance-institutional,not-tier-specific,"Member States must resource national competent authorities, assess resources annually, ensure adequate cybersecurity and confidentiality, and report resource status to the Commission every two years from 2 August 2025 for Board discussion.","""Member States shall ensure that their national competent authorities are provided with adequate technical, financial and human resources, and with infrastructure to fulfil their tasks effectively under this Regulation. In particular, the national competent authorities shall have a sufficient number of personnel permanently available whose competences and expertise shall include an in-depth""",2025-08-02,Art. 113(b),,,low,Institutional governance mechanics; indirect relevance to legal practices through oversight and guidance.,"[""Art. 78""]",https://eur-lex.europa.eu/eli/reg/2024/1689/oj/eng#art_70
art-70-7-9,70,7,,"[""commission"", ""national-competent-authority"", ""member-state"", ""union-institution""]",support-measure,not-tier-specific,"The Commission must facilitate exchanges among national competent authorities, national authorities may provide guidance and consult other Union-law authorities where relevant, and the EDPS supervises Union institutions, bodies, offices and agencies.","""The Commission shall facilitate the exchange of experience between national competent authorities.""",2025-08-02,Art. 113(b),,,low,Institutional governance mechanics; indirect relevance to legal practices through oversight and guidance.,[],https://eur-lex.europa.eu/eli/reg/2024/1689/oj/eng#art_70
art-71-1-database,71,1,,"[""commission"", ""member-state""]",governance-institutional,high-risk,"The Commission, with Member States, must set up and maintain the EU database for Annex III high-risk AI systems and certain non-high-risk registrations.","""The Commission shall, in collaboration with the Member States, set up and maintain an EU database containing information referred to in paragraphs 2 and 3 of this Article concerning high-risk AI systems referred to in Article 6(2)""",2026-08-02,Art. 113 second subparagraph,,,medium,Legal AI vendors and public-authority deployers may appear in this public EU database.,"[""Art. 6(2)"", ""Art. 49"", ""Art. 60"", ""Annex VIII""]",https://eur-lex.europa.eu/eli/reg/2024/1689/oj/eng#art_71
art-71-2-provider-data,71,2,,"[""provider"", ""authorised-representative""]",registration,high-risk,Providers or authorised representatives must enter Annex VIII Sections A and B data into the EU database for covered high-risk and non-high-risk systems.,"""The data listed in Sections A and B of Annex VIII shall be entered into the EU database by the provider or, where applicable, by the authorised representative.""",2026-08-02,Art. 113 second subparagraph,,,medium,A legal-AI vendor providing an Annex III high-risk system would be responsible for this registration data.,"[""Annex VIII"", ""Art. 49""]",https://eur-lex.europa.eu/eli/reg/2024/1689/oj/eng#art_71
art-71-3-deployer-data,71,3,,"[""public-authority-deployer""]",registration,high-risk,"Public-authority deployers, or those acting for them, must enter Annex VIII Section C data into the EU database under Article 49.","""The data listed in Section C of Annex VIII shall be entered into the EU database by the deployer who is, or who acts on behalf of, a public authority, agency or body""",2026-08-02,Art. 113 second subparagraph,,,high,Courts and public legal bodies deploying high-risk AI are public-authority deployers for this registration duty.,"[""Art. 49(3)"", ""Art. 49(4)"", ""Annex VIII""]",https://eur-lex.europa.eu/eli/reg/2024/1689/oj/eng#art_71
art-71-4-public-access,71,4,,"[""commission""]",transparency,high-risk,"The EU database must make most Article 49 registration information public, user-friendly, navigable and machine-readable, while real-world testing data remains restricted unless consent is given.","""the information contained in the EU database registered in accordance with Article 49 shall be accessible and publicly available in a user-friendly manner""",2026-08-02,Art. 113 second subparagraph,,,medium,Public availability may identify registered legal-sector high-risk systems and public deployments.,"[""Art. 49"", ""Art. 60(4)(c)""]",https://eur-lex.europa.eu/eli/reg/2024/1689/oj/eng#art_71
art-71-5-personal-data,71,5,,"[""commission""]",data-governance,high-risk,The EU database may contain personal data only as necessary for collecting and processing information under the Regulation.,"""The EU database shall contain personal data only in so far as necessary for collecting and processing information in accordance with this Regulation.""",2026-08-02,Art. 113 second subparagraph,,,medium,Registration may include contact details for persons representing a provider or deployer.,"[""Annex VIII""]",https://eur-lex.europa.eu/eli/reg/2024/1689/oj/eng#art_71
art-71-6-controller-support,71,6,,"[""commission""]",data-governance,high-risk,The Commission is controller of the EU database and must provide technical and administrative support and ensure accessibility requirements are met.,"""The Commission shall be the controller of the EU database. It shall make available to providers, prospective providers and deployers adequate technical and administrative support.""",2026-08-02,Art. 113 second subparagraph,,,low,"This supports operators, including legal-sector providers and deployers, that must use the database.","[""Art. 49"", ""Art. 60""]",https://eur-lex.europa.eu/eli/reg/2024/1689/oj/eng#art_71
art-72-1-monitoring-system,72,1,,"[""provider""]",monitoring,high-risk,"Providers of high-risk AI systems must establish, document and operate a proportionate post-market monitoring system throughout the system lifetime.","""Providers shall establish and document a post-market monitoring system in a manner that is proportionate to the nature of the AI technologies and the risks of the high-risk AI system.""",2026-08-02,Art. 113 second subparagraph,,,high,A vendor of a high-risk legal AI system must monitor performance and compliance after market placement.,"[""Chapter III Section 2""]",https://eur-lex.europa.eu/eli/reg/2024/1689/oj/eng#art_72
art-72-3-monitoring-plan,72,3,,"[""provider"", ""commission""]",documentation,high-risk,"The post-market monitoring system must be based on a plan included in technical documentation, and the Commission must set a plan template by implementing act.","""The post-market monitoring system shall be based on a post-market monitoring plan. The post-market monitoring plan shall be part of the technical documentation referred to in Annex IV.""",2026-08-02,Art. 113 second subparagraph,,,high,Legal-AI vendors whose systems are high-risk need this documented monitoring plan.,"[""Annex IV"", ""Art. 98(2)""]",https://eur-lex.europa.eu/eli/reg/2024/1689/oj/eng#art_72
art-72-4-integration,72,4,,"[""provider""]",derogation-or-exemption,high-risk,Providers of high-risk systems already covered by listed harmonisation or financial-services monitoring regimes may integrate AI Act monitoring elements into existing systems when protection is equivalent.,"""providers shall have a choice of integrating, as appropriate, the necessary elements described in paragraphs 1, 2 and 3 using the template referred in paragraph 3 into systems and plans already existing under that legislation""",2026-08-02,Art. 113 second subparagraph,,,low,This mainly affects regulated product and financial-services providers rather than ordinary legal deployers.,"[""Annex I Section A"", ""Annex III point 5""]",https://eur-lex.europa.eu/eli/reg/2024/1689/oj/eng#art_72
art-73-1-report,73,1,,"[""provider""]",incident-reporting,high-risk,Providers of high-risk AI systems placed on the Union market must report serious incidents to the market surveillance authority where the incident occurred.,"""Providers of high-risk AI systems placed on the Union market shall report any serious incident to the market surveillance authorities of the Member States where that incident occurred.""",2026-08-02,Art. 113 second subparagraph,,,high,A provider of high-risk legal AI would report qualifying serious incidents to the relevant market surveillance authority.,"[""Art. 3(49)""]",https://eur-lex.europa.eu/eli/reg/2024/1689/oj/eng#art_73
art-73-2-15-days,73,2,,"[""provider""]",incident-reporting,high-risk,The serious-incident report must be made immediately after a causal link or reasonable likelihood is established and no later than 15 days after awareness.,"""not later than 15 days after the provider or, where applicable, the deployer, becomes aware of the serious incident""",2026-08-02,Art. 113 second subparagraph,,,high,This 15-day deadline matters to legal-AI vendors once a serious incident is known.,"[""Art. 3(49)""]",https://eur-lex.europa.eu/eli/reg/2024/1689/oj/eng#art_73
art-73-3-2-days,73,3,,"[""provider""]",incident-reporting,high-risk,"For widespread infringements and serious incidents under Article 3(49)(b), the provider must report immediately and within two days of awareness.","""the report referred to in paragraph 1 of this Article shall be provided immediately, and not later than two days after the provider or, where applicable, the deployer becomes aware of that incident""",2026-08-02,Art. 113 second subparagraph,,,high,The two-day accelerated report can affect providers when high-risk legal AI creates widespread infringement-type incidents.,"[""Art. 3(49)(b)""]",https://eur-lex.europa.eu/eli/reg/2024/1689/oj/eng#art_73
art-73-4-10-days,73,4,,"[""provider""]",incident-reporting,high-risk,"In the event of a death, the report must be made immediately once causality is established or suspected and no later than 10 days after awareness.","""in the event of the death of a person, the report shall be provided immediately after the provider or the deployer has established, or as soon as it suspects, a causal relationship""",2026-08-02,Art. 113 second subparagraph,,,medium,This death-related deadline is unlikely in ordinary legal AI but is part of high-risk incident reporting.,"[""Art. 3(49)""]",https://eur-lex.europa.eu/eli/reg/2024/1689/oj/eng#art_73
art-73-5-initial-report,73,5,,"[""provider"", ""deployer""]",incident-reporting,high-risk,"Where timely reporting requires it, the provider or deployer may file an incomplete initial report followed by a complete report.","""the provider or, where applicable, the deployer, may submit an initial report that is incomplete, followed by a complete report""",2026-08-02,Art. 113 second subparagraph,,,medium,Legal-AI operators may use this staged reporting mechanism when incident facts are incomplete.,"[""Art. 73(1)""]",https://eur-lex.europa.eu/eli/reg/2024/1689/oj/eng#art_73
art-73-6-investigate,73,6,,"[""provider""]",monitoring,high-risk,"After reporting, the provider must investigate without delay, assess risk, take corrective action, cooperate with authorities and avoid altering the system before informing them.","""the provider shall, without delay, perform the necessary investigations in relation to the serious incident and the AI system concerned""",2026-08-02,Art. 113 second subparagraph,,,high,A legal-AI provider subject to serious-incident reporting must also investigate and coordinate with authorities.,"[""Art. 73(1)""]",https://eur-lex.europa.eu/eli/reg/2024/1689/oj/eng#art_73
art-73-7-authority-action,73,7,,"[""market-surveillance-authority"", ""commission""]",enforcement-power,high-risk,Market surveillance authorities must inform fundamental-rights authorities for Article 3(49)(c) incidents and act within seven days; the Commission must issue and assess guidance.,"""The market surveillance authority shall take appropriate measures, as provided for in Article 19 of Regulation (EU) 2019/1020, within seven days from the date it received the notification""",2026-08-02,Art. 113 second subparagraph,,,medium,Incidents affecting fundamental rights in legal AI may trigger fast authority action and guidance.,"[""Art. 3(49)(c)"", ""Art. 77(1)"", ""Regulation (EU) 2019/1020""]",https://eur-lex.europa.eu/eli/reg/2024/1689/oj/eng#art_73
art-73-9-sector-limits,73,9,,"[""provider""]",derogation-or-exemption,high-risk,"For Annex III systems with equivalent Union reporting duties, and for medical-device or IVD safety-component systems, serious-incident notification is limited to Article 3(49)(c) incidents.","""the notification of serious incidents shall be limited to those referred to in Article 3, point (49)(c)""",2026-08-02,Art. 113 second subparagraph,,,low,"This primarily affects sector-regulated providers, not most legal-sector AI systems.","[""Annex III"", ""Art. 3(49)(c)"", ""Regulation (EU) 2017/745"", ""Regulation (EU) 2017/746""]",https://eur-lex.europa.eu/eli/reg/2024/1689/oj/eng#art_73
art-73-11-commission-notice,73,11,,"[""national-competent-authority""]",incident-reporting,high-risk,"National competent authorities must immediately notify the Commission of every serious incident, whether or not they have acted on it.","""National competent authorities shall immediately notify the Commission of any serious incident, whether or not they have taken action on it""",2026-08-02,Art. 113 second subparagraph,,,low,This is an authority reporting duty following incidents involving high-risk systems.,"[""Art. 20 Regulation (EU) 2019/1020""]",https://eur-lex.europa.eu/eli/reg/2024/1689/oj/eng#art_73
art-74-1-market-surveillance,74,1,,"[""market-surveillance-authority""]",enforcement-power,all-ai-systems,"Regulation (EU) 2019/1020 applies to AI systems, with economic-operator and product references read to include AI Act operators and systems.","""Regulation (EU) 2019/1020 shall apply to AI systems covered by this Regulation.""",2026-08-02,Art. 113 second subparagraph,,,medium,Market surveillance powers can reach legal-AI operators whose systems fall within the Regulation.,"[""Regulation (EU) 2019/1020"", ""Art. 2(1)""]",https://eur-lex.europa.eu/eli/reg/2024/1689/oj/eng#art_74
art-74-2-annual-reports,74,2,,"[""market-surveillance-authority""]",cooperation-with-authorities,not-tier-specific,"Market surveillance authorities must report annually to the Commission and competition authorities on competition-relevant findings, prohibited practices and measures taken.","""the market surveillance authorities shall report annually to the Commission and relevant national competition authorities any information identified in the course of market surveillance activities""",2026-08-02,Art. 113 second subparagraph,,,low,"This is an authority reporting channel, not a direct law-firm obligation.","[""Art. 34(4) Regulation (EU) 2019/1020"", ""Art. 5""]",https://eur-lex.europa.eu/eli/reg/2024/1689/oj/eng#art_74
art-74-3-sector-authorities,74,3,,"[""member-state"", ""market-surveillance-authority""]",governance-institutional,high-risk,"For product-related high-risk AI under Annex I Section A, the sectoral market surveillance authority is responsible unless Member States designate another coordinated authority; equivalent sectoral procedures may apply.","""the market surveillance authority for the purposes of this Regulation shall be the authority responsible for market surveillance activities designated under those legal acts""",2026-08-02,Art. 113 second subparagraph,,,low,This primarily allocates authority responsibility for regulated product sectors.,"[""Annex I Section A"", ""Art. 79"", ""Art. 83""]",https://eur-lex.europa.eu/eli/reg/2024/1689/oj/eng#art_74
art-74-5-remote-powers,74,5,,"[""market-surveillance-authority""]",enforcement-power,all-ai-systems,Market surveillance authorities may exercise specified Regulation (EU) 2019/1020 powers remotely when appropriate for effective AI Act enforcement.,"""market surveillance authorities may exercise the powers referred to in Article 14(4), points (d) and (j), of that Regulation remotely, as appropriate""",2026-08-02,Art. 113 second subparagraph,,,medium,Remote inspection powers may affect providers and deployers under investigation.,"[""Art. 14(4) Regulation (EU) 2019/1020""]",https://eur-lex.europa.eu/eli/reg/2024/1689/oj/eng#art_74
art-74-6-financial-authority,74,6,,"[""member-state"", ""market-surveillance-authority""]",governance-institutional,high-risk,"For high-risk AI used by regulated financial institutions in direct connection with financial services, the relevant financial supervisor is the market surveillance authority unless another coordinated authority is identified.","""the market surveillance authority for the purposes of this Regulation shall be the relevant national authority responsible for the financial supervision of those institutions""",2026-08-02,Art. 113 second subparagraph,,,low,This may matter to in-house legal teams at financial institutions using high-risk AI.,"[""Union financial services law""]",https://eur-lex.europa.eu/eli/reg/2024/1689/oj/eng#art_74
art-74-8-justice-authority,74,8,,"[""member-state"", ""market-surveillance-authority""]",governance-institutional,high-risk,"For specified biometric, law-enforcement, migration and justice high-risk systems, Member States must designate data-protection or equivalent authorities and must not interfere with judicial independence.","""Market surveillance activities shall in no way affect the independence of judicial authorities, or otherwise interfere with their activities when acting in their judicial capacity.""",2026-08-02,Art. 113 second subparagraph,,,high,"This directly concerns high-risk AI used in justice and democratic-process contexts, including courts.","[""Annex III points 1, 6, 7 and 8"", ""Regulation (EU) 2016/679"", ""Directive (EU) 2016/680""]",https://eur-lex.europa.eu/eli/reg/2024/1689/oj/eng#art_74
art-74-9-edps,74,9,,"[""other""]",governance-institutional,not-tier-specific,"The European Data Protection Supervisor acts as market surveillance authority for Union institutions, bodies, offices and agencies, except for the CJEU acting judicially.","""the European Data Protection Supervisor shall act as their market surveillance authority, except in relation to the Court of Justice of the European Union acting in its judicial capacity""",2026-08-02,Art. 113 second subparagraph,,,medium,This matters to EU institutions deploying AI and preserves the Court of Justice judicial carve-out.,"[""Art. 100""]",https://eur-lex.europa.eu/eli/reg/2024/1689/oj/eng#art_74
art-74-10-coordination,74,10,,"[""member-state"", ""market-surveillance-authority"", ""commission"", ""ai-office""]",cooperation-with-authorities,high-risk,"Member States must facilitate coordination among relevant authorities, and market surveillance authorities and the Commission may conduct joint compliance, investigation, awareness or guidance activities with AI Office support.","""Market surveillance authorities and the Commission shall be able to propose joint activities, including joint investigations""",2026-08-02,Art. 113 second subparagraph,,,medium,Joint investigations could involve cross-border legal-AI providers or public-sector deployers.,"[""Annex I"", ""Annex III"", ""Art. 9 Regulation (EU) 2019/1020""]",https://eur-lex.europa.eu/eli/reg/2024/1689/oj/eng#art_74
art-74-12-document-access,74,12,,"[""provider"", ""market-surveillance-authority""]",cooperation-with-authorities,high-risk,"Providers must give market surveillance authorities full access to documentation and relevant training, validation and testing datasets where necessary for enforcement tasks.","""the market surveillance authorities shall be granted full access by providers to the documentation as well as the training, validation and testing data sets used for the development of high-risk AI systems""",2026-08-02,Art. 113 second subparagraph,,,high,Legal-AI vendors of high-risk systems may have to provide documentation and datasets to authorities.,"[""Art. 78""]",https://eur-lex.europa.eu/eli/reg/2024/1689/oj/eng#art_74
art-74-13-source-code,74,13,,"[""provider"", ""market-surveillance-authority""]",enforcement-power,high-risk,Market surveillance authorities may access high-risk AI source code only on a reasoned request when needed for conformity assessment and other testing or documentation checks are insufficient.,"""Market surveillance authorities shall be granted access to the source code of the high-risk AI system upon a reasoned request""",2026-08-02,Art. 113 second subparagraph,,,high,High-risk legal-AI providers could face source-code access requests under the Article 74 conditions.,"[""Chapter III Section 2"", ""Art. 78""]",https://eur-lex.europa.eu/eli/reg/2024/1689/oj/eng#art_74
art-74-14-confidentiality,74,14,,"[""market-surveillance-authority""]",cooperation-with-authorities,not-tier-specific,Information or documentation obtained by market surveillance authorities under Article 74 must be treated under the Article 78 confidentiality duties.,"""Any information or documentation obtained by market surveillance authorities shall be treated in accordance with the confidentiality obligations set out in Article 78.""",2025-08-02,Art. 113(b),,,medium,This protects confidential material disclosed by legal-AI providers or deployers during supervision.,"[""Art. 78""]",https://eur-lex.europa.eu/eli/reg/2024/1689/oj/eng#art_74
art-75-1-ai-office-gpai-systems,75,1,,"[""ai-office""]",enforcement-power,gpai,"Where an AI system is based on a general-purpose AI model and both are developed by the same provider, the AI Office can monitor and supervise compliance using market-surveillance powers.","""the AI Office shall have powers to monitor and supervise compliance of that AI system with obligations under this Regulation""",2026-08-02,Art. 113 second subparagraph,,,medium,This may reach integrated legal AI systems built on a provider’s own general-purpose model.,"[""Regulation (EU) 2019/1020""]",https://eur-lex.europa.eu/eli/reg/2024/1689/oj/eng#art_75
art-75-3-access-request,75,3,,"[""market-surveillance-authority"", ""ai-office""]",cooperation-with-authorities,gpai,Market surveillance authorities investigating high-risk systems may request AI Office enforcement of access to general-purpose model information; the AI Office must supply relevant information within 30 days.,"""the AI Office shall supply to the applicant authority without delay, and in any event within 30 days, any information that the AI Office considers to be relevant""",2026-08-02,Art. 113 second subparagraph,,,medium,This can affect high-risk legal AI that depends on a GPAI model controlled outside the deployer investigation.,"[""Art. 75(2)"", ""Art. 78""]",https://eur-lex.europa.eu/eli/reg/2024/1689/oj/eng#art_75
art-76-1-testing-powers,76,1,,"[""market-surveillance-authority""]",enforcement-power,high-risk,"Market surveillance authorities have competence and powers to ensure that testing in real-world conditions complies with the Regulation, including sandbox-supervised testing.","""Market surveillance authorities shall have competences and powers to ensure that testing in real world conditions is in accordance with this Regulation.""",2026-08-02,Art. 113 second subparagraph,,,medium,Providers or prospective providers testing high-risk legal AI may be supervised under these powers.,"[""Art. 58"", ""Art. 60""]",https://eur-lex.europa.eu/eli/reg/2024/1689/oj/eng#art_76
art-76-3-testing-decisions,76,3,,"[""market-surveillance-authority""]",enforcement-power,high-risk,"If serious incidents or unmet testing conditions arise, a market surveillance authority may suspend or terminate testing or require modifications by providers and deployers.","""it may take either of the following decisions on its territory, as appropriate:""",2026-08-02,Art. 113 second subparagraph,,,medium,Real-world testing of high-risk legal AI could be stopped or changed by authorities.,"[""Art. 60"", ""Art. 61""]",https://eur-lex.europa.eu/eli/reg/2024/1689/oj/eng#art_76
art-76-4-testing-reasons,76,4,,"[""market-surveillance-authority""]",cooperation-with-authorities,high-risk,"Authority decisions or objections on real-world testing must state reasons and challenge routes, and grounds must be communicated to other Member State authorities when applicable.","""the decision or the objection shall indicate the grounds therefor and how the provider or prospective provider can challenge the decision or objection""",2026-08-02,Art. 113 second subparagraph,,,low,This is a procedural protection for supervised real-world testing.,"[""Art. 60(4)(b)""]",https://eur-lex.europa.eu/eli/reg/2024/1689/oj/eng#art_76
art-77-1-fundamental-rights-access,77,1,,"[""other"", ""market-surveillance-authority""]",enforcement-power,high-risk,Fundamental-rights supervisory or enforcement authorities may request and access AI Act documentation for Annex III high-risk systems when needed for their mandates.,"""shall have the power to request and access any documentation created or maintained under this Regulation in accessible language and format""",2026-08-02,Art. 113 second subparagraph,,,high,Authorities protecting fundamental rights may access documentation for high-risk AI used in justice and other legal contexts.,"[""Annex III"", ""Art. 78""]",https://eur-lex.europa.eu/eli/reg/2024/1689/oj/eng#art_77
art-77-2-authority-list,77,2,,"[""member-state""]",governance-institutional,high-risk,"Member States must identify, publish, notify and keep updated the list of authorities and bodies empowered under Article 77(1).","""each Member State shall identify the public authorities or bodies referred to in paragraph 1 and make a list of them publicly available""",2026-08-02,Art. 113 second subparagraph,,,medium,The list identifies which fundamental-rights authorities can request documents about high-risk legal AI.,"[""Art. 77(1)""]",https://eur-lex.europa.eu/eli/reg/2024/1689/oj/eng#art_77
art-77-3-testing-request,77,3,,"[""other"", ""market-surveillance-authority""]",enforcement-power,high-risk,"If documentation is insufficient to assess a fundamental-rights infringement, the relevant public authority may request testing, and the market surveillance authority must organise it with close involvement.","""the public authority or body referred to in paragraph 1 may make a reasoned request to the market surveillance authority, to organise testing of the high-risk AI system""",2026-08-02,Art. 113 second subparagraph,,,high,High-risk legal AI affecting fundamental rights may be tested at the request of rights authorities.,"[""Art. 77(1)"", ""Art. 78""]",https://eur-lex.europa.eu/eli/reg/2024/1689/oj/eng#art_77
art-78-1-confidentiality,78,1,,"[""commission"", ""market-surveillance-authority"", ""notified-body"", ""other""]",cooperation-with-authorities,not-tier-specific,"Authorities, notified bodies and others involved in applying the Regulation must respect confidentiality of information and data obtained in their tasks.","""shall, in accordance with Union or national law, respect the confidentiality of information and data obtained in carrying out their tasks and activities""",2025-08-02,Art. 113(b),,,high,"This protects trade secrets, source code and confidential business information disclosed by legal-AI actors.","[""Directive (EU) 2016/943""]",https://eur-lex.europa.eu/eli/reg/2024/1689/oj/eng#art_78
art-78-2-data-minimisation,78,2,,"[""commission"", ""market-surveillance-authority"", ""national-competent-authority""]",data-governance,not-tier-specific,"Authorities must request only strictly necessary data, use cybersecurity measures and delete collected data when no longer needed under applicable law.","""The authorities involved in the application of this Regulation pursuant to paragraph 1 shall request only data that is strictly necessary""",2025-08-02,Art. 113(b),,,high,This limits regulatory data requests to legal-AI providers and deployers and protects sensitive files.,"[""Regulation (EU) 2019/1020""]",https://eur-lex.europa.eu/eli/reg/2024/1689/oj/eng#art_78
art-78-3-restricted-disclosure,78,3,,"[""national-competent-authority"", ""market-surveillance-authority""]",cooperation-with-authorities,high-risk,"Confidential information exchanged between authorities cannot be disclosed without prior consultation where specified Annex III law-enforcement, border, immigration or asylum uses could jeopardise security interests.","""information exchanged on a confidential basis between the national competent authorities or between national competent authorities and the Commission shall not be disclosed without prior consultation""",2025-08-02,Art. 113(b),,,medium,"This is most relevant to public-sector legal and enforcement deployments, not ordinary law-firm AI.","[""Annex III points 1, 6 and 7""]",https://eur-lex.europa.eu/eli/reg/2024/1689/oj/eng#art_78
art-78-5-third-country-exchange,78,5,,"[""commission"", ""member-state""]",cooperation-with-authorities,not-tier-specific,The Commission and Member States may exchange confidential information with third-country regulators under relevant agreements and adequate confidentiality arrangements.,"""The Commission and Member States may exchange, where necessary and in accordance with relevant provisions of international and trade agreements, confidential information with regulatory authorities of third countries""",2025-08-02,Art. 113(b),,,low,This is an authority-to-authority confidentiality rule.,[],https://eur-lex.europa.eu/eli/reg/2024/1689/oj/eng#art_78
art-79-1-risk-evaluation,79,1,,"[""market-surveillance-authority""]",enforcement-power,not-tier-specific,"AI systems presenting risk are treated as products presenting risk, and authorities must evaluate suspected risky systems against AI Act requirements and obligations.","""AI systems presenting a risk shall be understood as a ‘product presenting a risk’ as defined in Article 3, point 19 of Regulation (EU) 2019/1020""",2026-08-02,Art. 113 second subparagraph,,,medium,"Legal-AI systems presenting health, safety or fundamental-rights risk can trigger this evaluation process.","[""Regulation (EU) 2019/1020"", ""Art. 77(1)""]",https://eur-lex.europa.eu/eli/reg/2024/1689/oj/eng#art_79
art-79-2-corrective-actions,79,2,,"[""operator-any"", ""market-surveillance-authority""]",enforcement-power,not-tier-specific,"When non-compliance is found, the market surveillance authority must require the operator to correct, withdraw or recall the AI system within the prescribed period, capped by the shorter 15-working-day rule where applicable.","""it shall without undue delay require the relevant operator to take all appropriate corrective actions to bring the AI system into compliance, to withdraw the AI system from the market, or to recall it""",2026-08-02,Art. 113 second subparagraph,,,high,Providers or deployers of legal AI may have to take corrective action after an authority evaluation.,"[""Art. 18 Regulation (EU) 2019/1020""]",https://eur-lex.europa.eu/eli/reg/2024/1689/oj/eng#art_79
art-79-3-cross-border-measures,79,3,,"[""market-surveillance-authority"", ""operator-any""]",cooperation-with-authorities,not-tier-specific,"Where non-compliance is not limited nationally, authorities must inform the Commission and other Member States, and operators must correct all affected Union-market systems.","""it shall inform the Commission and the other Member States without undue delay of the results of the evaluation and of the actions which it has required the operator to take""",2026-08-02,Art. 113 second subparagraph,,,medium,Cross-border legal-AI offerings may face Union-wide corrective action.,"[""Art. 79(4)""]",https://eur-lex.europa.eu/eli/reg/2024/1689/oj/eng#art_79
art-79-5-provisional-measures,79,5,,"[""market-surveillance-authority""]",enforcement-power,not-tier-specific,"If an operator does not take adequate corrective action, the market surveillance authority must take provisional measures to prohibit, restrict, withdraw or recall the system and notify others.","""the market surveillance authority shall take all appropriate provisional measures to prohibit or restrict the AI system’s being made available on its national market or put into service""",2026-08-02,Art. 113 second subparagraph,,,high,"A non-compliant legal-AI system could be restricted, withdrawn or recalled under this procedure.","[""Art. 79(6)""]",https://eur-lex.europa.eu/eli/reg/2024/1689/oj/eng#art_79
art-79-7-objections,79,7,,"[""market-surveillance-authority"", ""commission""]",cooperation-with-authorities,not-tier-specific,"Other market surveillance authorities must report measures, information and objections; if no objection is raised within the applicable period, the provisional measure is deemed justified.","""Where, within three months of receipt of the notification referred to in paragraph 5 of this Article, no objection has been raised""",2026-08-02,Art. 113 second subparagraph,,,medium,This determines whether national measures against legal-AI systems become accepted across authorities.,"[""Art. 79(8)"", ""Art. 5""]",https://eur-lex.europa.eu/eli/reg/2024/1689/oj/eng#art_79
art-80-1-non-high-risk-evaluation,80,1,,"[""market-surveillance-authority""]",enforcement-power,high-risk,Market surveillance authorities must evaluate AI systems classified by providers as non-high-risk when they have sufficient reason to consider the system is actually high-risk.,"""a market surveillance authority has sufficient reason to consider that an AI system classified by the provider as non-high-risk pursuant to Article 6(3) is indeed high-risk""",2026-08-02,Art. 113 second subparagraph,,,high,Legal-AI vendors relying on the Article 6(3) non-high-risk route may be challenged by authorities.,"[""Art. 6(3)"", ""Annex III""]",https://eur-lex.europa.eu/eli/reg/2024/1689/oj/eng#art_80
art-80-2-provider-compliance,80,2,,"[""provider""]",cooperation-with-authorities,high-risk,"If the system is found high-risk, the provider must take necessary action to meet AI Act high-risk requirements and obligations and take corrective action within the prescribed period.","""it shall without undue delay require the relevant provider to take all necessary actions to bring the AI system into compliance with the requirements and obligations laid down in this Regulation""",2026-08-02,Art. 113 second subparagraph,,,high,"A legal-AI provider may have to recode, document or assess a system after misclassification is found.","[""Chapter III Section 2""]",https://eur-lex.europa.eu/eli/reg/2024/1689/oj/eng#art_80
art-80-4-fines-corrective,80,4,,"[""provider""]",penalty,high-risk,Providers that fail to bring a reclassified high-risk system into compliance within the prescribed period are subject to fines and must correct all affected Union-market systems.,"""the provider shall be subject to fines in accordance with Article 99""",2026-08-02,Art. 113 second subparagraph,,Art. 99,high,Misclassification of legal-sector high-risk AI may expose the provider to Article 99 fines.,"[""Art. 99"", ""Art. 80(5)""]",https://eur-lex.europa.eu/eli/reg/2024/1689/oj/eng#art_80
art-80-7-circumvention-checks,80,7,,"[""provider"", ""market-surveillance-authority""]",enforcement-power,high-risk,"Intentional misclassification to circumvent Chapter III Section 2 triggers Article 99 fines, and authorities may use EU database information for checks.","""the AI system was misclassified by the provider as non-high-risk in order to circumvent the application of requirements in Chapter III, Section 2""",2026-08-02,Art. 113 second subparagraph,,Art. 99,high,This is directly relevant to legal-AI providers claiming an Annex III system is non-high-risk.,"[""Art. 11 Regulation (EU) 2019/1020"", ""Art. 71""]",https://eur-lex.europa.eu/eli/reg/2024/1689/oj/eng#art_80
art-81-1-safeguard-decision,81,1,,"[""commission""]",enforcement-power,not-tier-specific,"When objections are raised or the Commission considers a national measure contrary to Union law, the Commission must consult, evaluate and decide whether the measure is justified within the applicable deadline.","""the Commission shall without undue delay enter into consultation with the market surveillance authority of the relevant Member State and the operator or operators, and shall evaluate the national measure""",2026-08-02,Art. 113 second subparagraph,,,medium,This can determine Union-wide treatment of measures against legal-AI systems.,"[""Art. 79(5)"", ""Art. 5""]",https://eur-lex.europa.eu/eli/reg/2024/1689/oj/eng#art_81
art-81-2-member-state-action,81,2,,"[""member-state""]",enforcement-power,not-tier-specific,"If the Commission finds a national measure justified, all Member States must take appropriate restrictive measures; if unjustified, the Member State must withdraw it.","""all Member States shall ensure that they take appropriate restrictive measures in respect of the AI system concerned""",2026-08-02,Art. 113 second subparagraph,,,medium,A justified safeguard decision could restrict a legal-AI system across Member States.,"[""Art. 79""]",https://eur-lex.europa.eu/eli/reg/2024/1689/oj/eng#art_81
art-81-3-standards-shortcomings,81,3,,"[""commission""]",cooperation-with-authorities,not-tier-specific,"If justified non-compliance is due to harmonised standard or common specification shortcomings, the Commission must use the Regulation (EU) No 1025/2012 procedure.","""the Commission shall apply the procedure provided for in Article 11 of Regulation (EU) No 1025/2012""",2026-08-02,Art. 113 second subparagraph,,,low,This concerns standards governance rather than a direct legal-practice obligation.,"[""Art. 40"", ""Art. 41"", ""Regulation (EU) No 1025/2012""]",https://eur-lex.europa.eu/eli/reg/2024/1689/oj/eng#art_81
art-82-1-compliant-risk,82,1,,"[""market-surveillance-authority"", ""operator-any""]",enforcement-power,high-risk,"Even if a high-risk AI system complies with the Regulation, authorities must require measures if it still risks health, safety, fundamental rights or public interests.","""although a high-risk AI system complies with this Regulation, it nevertheless presents a risk to the health or safety of persons, to fundamental rights""",2026-08-02,Art. 113 second subparagraph,,,high,A formally compliant high-risk legal-AI system may still be subject to corrective measures if it presents fundamental-rights risk.,"[""Art. 79"", ""Art. 77(1)""]",https://eur-lex.europa.eu/eli/reg/2024/1689/oj/eng#art_82
art-82-2-operator-correction,82,2,,"[""provider"", ""operator-any""]",cooperation-with-authorities,high-risk,The provider or other relevant operator must ensure corrective action is taken for all affected Union-market systems within the authority-prescribed timeline.,"""The provider or other relevant operator shall ensure that corrective action is taken in respect of all the AI systems concerned""",2026-08-02,Art. 113 second subparagraph,,,high,"Legal-AI providers or operators may need to correct all affected systems, not only one deployment.","[""Art. 82(1)""]",https://eur-lex.europa.eu/eli/reg/2024/1689/oj/eng#art_82
art-82-4-commission-evaluation,82,4,,"[""commission"", ""member-state""]",cooperation-with-authorities,high-risk,"Member States must inform the Commission and other Member States of compliant-risk findings, and the Commission must consult, evaluate, decide and communicate whether measures are justified.","""The Commission shall without undue delay enter into consultation with the Member States concerned and the relevant operators, and shall evaluate the national measures taken.""",2026-08-02,Art. 113 second subparagraph,,,medium,This procedure can affect high-risk legal-AI systems presenting risks despite formal compliance.,"[""Art. 82(3)"", ""Art. 82(5)""]",https://eur-lex.europa.eu/eli/reg/2024/1689/oj/eng#art_82
art-83-1-formal-noncompliance,83,1,,"[""market-surveillance-authority"", ""provider""]",enforcement-power,high-risk,"When formal non-compliance is found, including CE marking, EU declaration, database registration, authorised-representative or technical-documentation failures, the authority must require the provider to end it.","""it shall require the relevant provider to put an end to the non-compliance concerned, within a period it may prescribe""",2026-08-02,Art. 113 second subparagraph,,,high,High-risk legal-AI providers can be required to fix formal compliance failures.,"[""Art. 47"", ""Art. 48"", ""Art. 71""]",https://eur-lex.europa.eu/eli/reg/2024/1689/oj/eng#art_83
art-83-2-restrict-withdraw,83,2,,"[""market-surveillance-authority""]",enforcement-power,high-risk,"If formal non-compliance persists, the authority must take proportionate measures to restrict, prohibit, recall or withdraw the high-risk AI system without delay.","""the market surveillance authority of the Member State concerned shall take appropriate and proportionate measures to restrict or prohibit the high-risk AI system being made available on the market""",2026-08-02,Art. 113 second subparagraph,,,high,Persistent formal failures can remove a high-risk legal-AI system from the market.,"[""Art. 83(1)""]",https://eur-lex.europa.eu/eli/reg/2024/1689/oj/eng#art_83
art-84-1-testing-structures,84,1,,"[""commission""]",support-measure,not-tier-specific,The Commission must designate one or more Union AI testing support structures to perform AI-related tasks under Regulation (EU) 2019/1020.,"""The Commission shall designate one or more Union AI testing support structures to perform the tasks listed under Article 21(6) of Regulation (EU) 2019/1020""",2026-08-02,Art. 113 second subparagraph,,,low,This creates institutional testing support rather than a direct legal-sector duty.,"[""Art. 21(6) Regulation (EU) 2019/1020""]",https://eur-lex.europa.eu/eli/reg/2024/1689/oj/eng#art_84
art-84-2-technical-advice,84,2,,"[""other""]",support-measure,not-tier-specific,"Union AI testing support structures must provide independent technical or scientific advice when requested by the Board, Commission or market surveillance authorities.","""Union AI testing support structures shall also provide independent technical or scientific advice at the request of the Board, the Commission, or of market surveillance authorities.""",2026-08-02,Art. 113 second subparagraph,,,low,This supports enforcement and governance bodies.,[],https://eur-lex.europa.eu/eli/reg/2024/1689/oj/eng#art_84
art-85-0-complaint,85,,,"[""natural-person"", ""other""]",right-of-person,not-tier-specific,Any natural or legal person with grounds to consider there has been an AI Act infringement may submit complaints to the relevant market surveillance authority.,"""any natural or legal person having grounds to consider that there has been an infringement of the provisions of this Regulation may submit complaints to the relevant market surveillance authority""",2026-08-02,Art. 113 second subparagraph,,,high,"Clients, employees, litigants or organisations may complain about AI Act infringements affecting legal contexts.","[""Regulation (EU) 2019/1020""]",https://eur-lex.europa.eu/eli/reg/2024/1689/oj/eng#art_85
art-85-0-handling,85,,,"[""market-surveillance-authority""]",cooperation-with-authorities,not-tier-specific,Market surveillance authorities must take such complaints into account for market-surveillance activities and handle them through dedicated procedures.,"""such complaints shall be taken into account for the purpose of conducting market surveillance activities, and shall be handled in line with the dedicated procedures""",2026-08-02,Art. 113 second subparagraph,,,medium,Complaints about legal-AI systems can feed into market surveillance procedures.,"[""Regulation (EU) 2019/1020""]",https://eur-lex.europa.eu/eli/reg/2024/1689/oj/eng#art_85
art-86-1-explanation-right,86,1,,"[""natural-person"", ""deployer""]",right-of-person,high-risk,Affected persons subject to certain deployer decisions based on Annex III high-risk AI outputs with legal or similarly significant effects have a right to clear and meaningful explanations.,"""shall have the right to obtain from the deployer clear and meaningful explanations of the role of the AI system in the decision-making procedure""",2026-08-02,Art. 113 second subparagraph,,,high,This is directly relevant where legal or public-authority decisions use high-risk AI outputs.,"[""Annex III"", ""Art. 86(3)""]",https://eur-lex.europa.eu/eli/reg/2024/1689/oj/eng#art_86
art-86-2-exceptions,86,2,,"[""deployer"", ""natural-person""]",derogation-or-exemption,high-risk,"The explanation right does not apply where Union or national law, in compliance with Union law, provides exceptions or restrictions to that obligation.","""Paragraph 1 shall not apply to the use of AI systems for which exceptions from, or restrictions to, the obligation under that paragraph follow from Union or national law""",2026-08-02,Art. 113 second subparagraph,,,high,Legal decision-making contexts may have Union or national-law limits on explanations.,"[""Art. 86(1)""]",https://eur-lex.europa.eu/eli/reg/2024/1689/oj/eng#art_86
art-86-3-union-law-limit,86,3,,"[""natural-person"", ""deployer""]",derogation-or-exemption,high-risk,Article 86 applies only to the extent the same explanation right is not otherwise provided under Union law.,"""This Article shall apply only to the extent that the right referred to in paragraph 1 is not otherwise provided for under Union law.""",2026-08-02,Art. 113 second subparagraph,,,medium,The Article 86 right coexists with other Union-law explanation or information rights.,"[""Art. 86(1)""]",https://eur-lex.europa.eu/eli/reg/2024/1689/oj/eng#art_86
art-87-0-whistleblowers,87,,,"[""natural-person""]",right-of-person,not-tier-specific,The EU whistleblower directive applies to reporting AI Act infringements and protecting persons who report them.,"""Directive (EU) 2019/1937 shall apply to the reporting of infringements of this Regulation and the protection of persons reporting such infringements.""",2026-08-02,Art. 113 second subparagraph,,,medium,Personnel at legal organisations or vendors reporting AI Act infringements may receive whistleblower protections.,"[""Directive (EU) 2019/1937""]",https://eur-lex.europa.eu/eli/reg/2024/1689/oj/eng#art_87
art-88-1-commission-exclusive,88,1,,"[""commission"", ""ai-office""]",enforcement-power,gpai,"The Commission has exclusive power to supervise and enforce Chapter V for GPAI models and entrusts implementation to the AI Office, subject to procedural guarantees.","""The Commission shall have exclusive powers to supervise and enforce Chapter V, taking into account the procedural guarantees under Article 94.""",2026-08-02,Art. 113 second subparagraph,,,medium,GPAI model providers serving legal-AI vendors are supervised at Union level.,"[""Chapter V"", ""Art. 94""]",https://eur-lex.europa.eu/eli/reg/2024/1689/oj/eng#art_88
art-88-2-authority-request,88,2,,"[""market-surveillance-authority"", ""commission""]",cooperation-with-authorities,gpai,Market surveillance authorities may request the Commission to use Section 5 powers where necessary and proportionate for their AI Act tasks.,"""market surveillance authorities may request the Commission to exercise the powers laid down in this Section""",2026-08-02,Art. 113 second subparagraph,,,medium,A national investigation of legal AI using GPAI may lead to a Commission enforcement request.,"[""Art. 75(3)""]",https://eur-lex.europa.eu/eli/reg/2024/1689/oj/eng#art_88
art-89-1-monitoring-actions,89,1,,"[""ai-office""]",enforcement-power,gpai,"The AI Office may take necessary monitoring actions for effective implementation and compliance by GPAI model providers, including adherence to approved codes of practice.","""the AI Office may take the necessary actions to monitor the effective implementation and compliance with this Regulation by providers of general-purpose AI models""",2026-08-02,Art. 113 second subparagraph,,,medium,Monitoring of GPAI model providers can affect models incorporated into legal AI products.,"[""Art. 56""]",https://eur-lex.europa.eu/eli/reg/2024/1689/oj/eng#art_89
art-89-2-downstream-complaint,89,2,,"[""downstream-provider""]",right-of-person,gpai,"Downstream providers have the right to lodge a reasoned complaint alleging GPAI-provider infringement, with contact, facts, provisions and relevant supporting information.","""Downstream providers shall have the right to lodge a complaint alleging an infringement of this Regulation.""",2026-08-02,Art. 113 second subparagraph,,,medium,A legal-AI vendor integrating a GPAI model may complain about the model provider.,"[""Art. 89(2)(a)-(c)""]",https://eur-lex.europa.eu/eli/reg/2024/1689/oj/eng#art_89
art-90-1-qualified-alert,90,1,,"[""scientific-panel""]",cooperation-with-authorities,gpai-systemic-risk,The scientific panel may provide a qualified alert to the AI Office when it suspects a GPAI model poses Union-level concrete identifiable risk or meets systemic-risk conditions.,"""The scientific panel may provide a qualified alert to the AI Office where it has reason to suspect""",2026-08-02,Art. 113 second subparagraph,,,medium,A widely used GPAI model in legal products could be subject to systemic-risk alert processes.,"[""Art. 51""]",https://eur-lex.europa.eu/eli/reg/2024/1689/oj/eng#art_90
art-90-2-ai-office-measures,90,2,,"[""commission"", ""ai-office"", ""ai-board""]",enforcement-power,gpai-systemic-risk,"After a qualified alert, the Commission through the AI Office may exercise Section 5 powers and must inform the Board of Article 91 to 94 measures.","""the Commission, through the AI Office and after having informed the Board, may exercise the powers laid down in this Section""",2026-08-02,Art. 113 second subparagraph,,,medium,"This can trigger documentation, access or mitigation steps for GPAI models used in legal AI.","[""Art. 91"", ""Art. 94""]",https://eur-lex.europa.eu/eli/reg/2024/1689/oj/eng#art_90
art-90-3-alert-contents,90,3,,"[""scientific-panel""]",documentation,gpai-systemic-risk,"A qualified alert must be reasoned and include the provider contact point, facts, reasons and any other relevant information gathered by the scientific panel.","""A qualified alert shall be duly reasoned and indicate at least""",2026-08-02,Art. 113 second subparagraph,,,low,This is a scientific panel procedural content requirement.,"[""Art. 90(1)""]",https://eur-lex.europa.eu/eli/reg/2024/1689/oj/eng#art_90
art-91-1-document-request,91,1,,"[""commission"", ""gpai-provider""]",cooperation-with-authorities,gpai,The Commission may require a GPAI model provider to provide Article 53 and 55 documentation or other information needed to assess compliance.,"""The Commission may request the provider of the general-purpose AI model concerned to provide the documentation drawn up by the provider in accordance with Articles 53 and 55""",2026-08-02,Art. 113 second subparagraph,,Art. 101,medium,GPAI providers that supply models for legal AI may have to produce compliance documentation.,"[""Art. 53"", ""Art. 55""]",https://eur-lex.europa.eu/eli/reg/2024/1689/oj/eng#art_91
art-91-4-request-contents,91,4,,"[""commission""]",documentation,gpai,"Requests for GPAI information must state legal basis, purpose, required information, response period and Article 101 fines for incorrect, incomplete or misleading information.","""The request for information shall state the legal basis and the purpose of the request, specify what information is required, set a period within which the information is to be provided""",2026-08-02,Art. 113 second subparagraph,,,low,This is a procedural safeguard around Commission requests to GPAI providers.,"[""Art. 101""]",https://eur-lex.europa.eu/eli/reg/2024/1689/oj/eng#art_91
art-91-5-provider-supply,91,5,,"[""gpai-provider""]",cooperation-with-authorities,gpai,"The GPAI model provider or representative must supply requested information, with authorised persons or lawyers able to respond while clients remain responsible for completeness and accuracy.","""The provider of the general-purpose AI model concerned, or its representative shall supply the information requested.""",2026-08-02,Art. 113 second subparagraph,,Art. 101,medium,"Lawyers can supply information for clients, but GPAI-provider clients remain responsible if it is incomplete, incorrect or misleading.","[""Art. 91(4)""]",https://eur-lex.europa.eu/eli/reg/2024/1689/oj/eng#art_91
art-92-1-evaluations,92,1,,"[""ai-office""]",enforcement-power,gpai-systemic-risk,The AI Office may evaluate GPAI models to assess provider compliance where Article 91 information is insufficient or to investigate Union-level systemic risks.,"""The AI Office, after consulting the Board, may conduct evaluations of the general-purpose AI model concerned""",2026-08-02,Art. 113 second subparagraph,,,medium,Systemic GPAI models used in legal AI may be evaluated by the AI Office.,"[""Art. 91"", ""Art. 90(1)(a)""]",https://eur-lex.europa.eu/eli/reg/2024/1689/oj/eng#art_92
art-92-2-experts-access,92,2,,"[""commission"", ""gpai-provider""]",enforcement-power,gpai-systemic-risk,"The Commission may appoint independent experts and request model access through APIs or other technical means, including source code, for evaluations.","""the Commission may request access to the general-purpose AI model concerned through APIs or further appropriate technical means and tools, including source code""",2026-08-02,Art. 113 second subparagraph,,Art. 101,medium,GPAI providers behind legal-AI tooling may face technical access requests for model evaluation.,"[""Art. 68(2)""]",https://eur-lex.europa.eu/eli/reg/2024/1689/oj/eng#art_92
art-92-4-access-request,92,4,,"[""commission""]",documentation,gpai-systemic-risk,"A model-access request must state legal basis, purpose, reasons, response period and Article 101 fines for failure to provide access.","""The request for access shall state the legal basis, the purpose and reasons of the request and set the period within which the access is to be provided""",2026-08-02,Art. 113 second subparagraph,,,low,This is a procedural safeguard around model access requests.,"[""Art. 101""]",https://eur-lex.europa.eu/eli/reg/2024/1689/oj/eng#art_92
art-92-5-provider-access,92,5,,"[""gpai-provider""]",cooperation-with-authorities,gpai-systemic-risk,The GPAI model provider or its representative must provide the access requested for Commission or AI Office evaluations.,"""The providers of the general-purpose AI model concerned or its representative shall supply the information requested.""",2026-08-02,Art. 113 second subparagraph,,Art. 101,medium,GPAI providers used by legal AI systems may need to provide technical access for evaluations.,"[""Art. 92(3)""]",https://eur-lex.europa.eu/eli/reg/2024/1689/oj/eng#art_92
art-93-1-request-measures,93,1,,"[""commission"", ""gpai-provider""]",enforcement-power,gpai-systemic-risk,"Where necessary and appropriate, the Commission may request GPAI providers to comply with Articles 53 and 54, mitigate systemic risk, or restrict, withdraw or recall the model.","""Where necessary and appropriate, the Commission may request providers to:""",2026-08-02,Art. 113 second subparagraph,,Art. 101,medium,"Models integrated into legal AI could be subject to compliance, mitigation or market-restriction measures.","[""Art. 53"", ""Art. 54"", ""Art. 92""]",https://eur-lex.europa.eu/eli/reg/2024/1689/oj/eng#art_93
art-93-3-binding-commitments,93,3,,"[""commission"", ""gpai-provider""]",enforcement-power,gpai-systemic-risk,"If a systemic-risk GPAI provider offers mitigation commitments during structured dialogue, the Commission may make them binding and close further action grounds.","""the Commission may, by decision, make those commitments binding and declare that there are no further grounds for action""",2026-08-02,Art. 113 second subparagraph,,,low,This is a GPAI enforcement settlement-style mechanism.,"[""Art. 93(2)""]",https://eur-lex.europa.eu/eli/reg/2024/1689/oj/eng#art_93
art-94-0-procedural-rights,94,,,"[""gpai-provider""]",right-of-person,gpai,"Article 18 of Regulation (EU) 2019/1020 applies to GPAI providers, subject to more specific procedural rights in the AI Act.","""Article 18 of Regulation (EU) 2019/1020 shall apply mutatis mutandis to the providers of the general-purpose AI model""",2026-08-02,Art. 113 second subparagraph,,,medium,GPAI providers serving legal AI retain procedural rights in Commission enforcement.,"[""Regulation (EU) 2019/1020""]",https://eur-lex.europa.eu/eli/reg/2024/1689/oj/eng#art_94
art-95-1-voluntary-high-risk-reqs,95,1,,"[""ai-office"", ""member-state""]",support-measure,all-ai-systems,The AI Office and Member States must encourage and facilitate codes of conduct for voluntary application of some or all Chapter III Section 2 requirements to non-high-risk AI systems.,"""shall encourage and facilitate the drawing up of codes of conduct, including related governance mechanisms""",2026-08-02,Art. 113 second subparagraph,,,medium,Legal organisations using non-high-risk AI may be covered by voluntary codes modeled on high-risk requirements.,"[""Chapter III Section 2""]",https://eur-lex.europa.eu/eli/reg/2024/1689/oj/eng#art_95
art-95-2-specific-requirements,95,2,,"[""ai-office"", ""member-state"", ""deployer""]",support-measure,all-ai-systems,"The AI Office and Member States must facilitate codes on voluntary specific requirements for all AI systems, including ethics, environmental sustainability, AI literacy, inclusive design and vulnerable groups.","""shall facilitate the drawing up of codes of conduct concerning the voluntary application, including by deployers, of specific requirements to all AI systems""",2026-08-02,Art. 113 second subparagraph,,,high,"This can reach law firms, legal departments and courts as deployers through voluntary AI-use commitments.","[""Art. 4""]",https://eur-lex.europa.eu/eli/reg/2024/1689/oj/eng#art_95
art-95-3-code-authors-smes,95,3,,"[""provider"", ""deployer"", ""ai-office"", ""member-state""]",support-measure,all-ai-systems,"Codes of conduct may be drawn up by providers, deployers or their organisations with stakeholders, and the AI Office and Member States must consider SME and startup interests.","""Codes of conduct may be drawn up by individual providers or deployers of AI systems or by organisations representing them or by both""",2026-08-02,Art. 113 second subparagraph,,,medium,Legal-AI vendors and legal deployers may participate in sector codes of conduct.,"[""Art. 95(4)""]",https://eur-lex.europa.eu/eli/reg/2024/1689/oj/eng#art_95
art-96-1-guidelines,96,1,,"[""commission""]",support-measure,not-tier-specific,"The Commission must develop practical implementation guidelines on high-risk requirements, prohibited practices, substantial modification, transparency, harmonisation-law relationships and the AI-system definition.","""The Commission shall develop guidelines on the practical implementation of this Regulation""",2026-08-02,Art. 113 second subparagraph,,,high,Commission guidance will shape how legal-AI providers and deployers understand their obligations.,"[""Art. 5"", ""Art. 8"", ""Art. 15"", ""Art. 25"", ""Art. 50""]",https://eur-lex.europa.eu/eli/reg/2024/1689/oj/eng#art_96
art-96-2-guideline-updates,96,2,,"[""commission"", ""member-state"", ""ai-office""]",support-measure,not-tier-specific,"The Commission must update previously adopted guidelines when needed, on request from Member States or the AI Office or on its own initiative.","""the Commission shall update guidelines previously adopted when deemed necessary""",2026-08-02,Art. 113 second subparagraph,,,medium,Updates may change interpretive guidance relevant to legal-sector AI compliance.,"[""Art. 96(1)""]",https://eur-lex.europa.eu/eli/reg/2024/1689/oj/eng#art_96
art-97-1-delegation,97,1,,"[""commission""]",delegated-or-implementing-act,not-tier-specific,"The Commission receives delegated-act powers under listed provisions, subject to Article 97 conditions and a five-year delegation period starting 1 August 2024.","""The power to adopt delegated acts is conferred on the Commission subject to the conditions laid down in this Article.""",2026-08-02,Art. 113 second subparagraph,,,low,Delegated acts may later alter technical obligations affecting legal-AI providers or deployers.,"[""Art. 6(6)"", ""Art. 7(1)"", ""Art. 11(3)"", ""Art. 43(5)"", ""Art. 53(5)""]",https://eur-lex.europa.eu/eli/reg/2024/1689/oj/eng#art_97
art-97-2-report-extension,97,2,,"[""commission"", ""other""]",delegated-or-implementing-act,not-tier-specific,"The Commission must report on delegated powers before the five-year period ends, and delegation extends tacitly unless Parliament or Council opposes.","""The Commission shall draw up a report in respect of the delegation of power not later than nine months before the end of the five-year period.""",2026-08-02,Art. 113 second subparagraph,,,low,This is institutional oversight of the Act’s delegated powers.,"[""Art. 97(2)""]",https://eur-lex.europa.eu/eli/reg/2024/1689/oj/eng#art_97
art-97-6-no-objection,97,6,,"[""commission"", ""other""]",delegated-or-implementing-act,not-tier-specific,"Delegated acts enter into force only if Parliament and Council do not object within the three-month period, extendable by three months.","""shall enter into force only if no objection has been expressed by either the European Parliament or the Council within a period of three months""",2026-08-02,Art. 113 second subparagraph,,,low,This is the institutional control mechanism for delegated changes.,"[""Art. 97(3)"", ""Art. 97(4)"", ""Art. 97(5)""]",https://eur-lex.europa.eu/eli/reg/2024/1689/oj/eng#art_97
art-98-0-committee,98,,,"[""commission""]",delegated-or-implementing-act,not-tier-specific,"The Commission is assisted by a Regulation (EU) No 182/2011 committee, and the examination procedure applies where Article 98(2) is referenced.","""The Commission shall be assisted by a committee. That committee shall be a committee within the meaning of Regulation (EU) No 182/2011.""",2026-08-02,Art. 113 second subparagraph,,,low,This governs implementing acts relevant to AI Act administration.,"[""Regulation (EU) No 182/2011""]",https://eur-lex.europa.eu/eli/reg/2024/1689/oj/eng#art_98
art-99-1-member-state-penalties,99,1,,"[""member-state""]",penalty,not-tier-specific,Member States must set rules on penalties and other enforcement measures for operator infringements and ensure proper and effective implementation.,"""Member States shall lay down the rules on penalties and other enforcement measures, which may also include warnings and non-monetary measures, applicable to infringements of this Regulation by operators""",2025-08-02,Art. 113(b),,Art. 99(1),high,Member State penalty rules determine enforcement exposure for legal-AI operators.,"[""Art. 96""]",https://eur-lex.europa.eu/eli/reg/2024/1689/oj/eng#art_99
art-99-2-notify-commission,99,2,,"[""member-state""]",penalty,not-tier-specific,Member States must notify the Commission of penalty and enforcement-measure rules by the date of entry into application and of later amendments without delay.,"""The Member States shall, without delay and at the latest by the date of entry into application, notify the Commission of the rules on penalties""",2025-08-02,Art. 113(b),,Art. 99(2),low,This is a Member State notification duty.,[],https://eur-lex.europa.eu/eli/reg/2024/1689/oj/eng#art_99
art-99-3-prohibited-fine-tier,99,3,,"[""operator-any""]",penalty,prohibited-practice,"Non-compliance with Article 5 prohibited AI practices carries administrative fines of up to EUR 35 000 000 or, for undertakings, up to 7 % of worldwide annual turnover, whichever is higher.","""administrative fines of up to EUR 35 000 000 or, if the offender is an undertaking, up to 7 % of its total worldwide annual turnover for the preceding financial year, whichever is higher""",2025-08-02,Art. 113(b),,Art. 99(3),high,This is the highest fine tier and can apply to prohibited AI practices in legal services or courts.,"[""Art. 5""]",https://eur-lex.europa.eu/eli/reg/2024/1689/oj/eng#art_99
art-99-4-operator-fine-tier,99,4,,"[""provider"", ""deployer"", ""importer"", ""distributor"", ""authorised-representative"", ""notified-body""]",penalty,not-tier-specific,"Non-compliance with listed operator, notified-body and Article 50 transparency obligations carries fines of up to EUR 15 000 000 or up to 3 % of worldwide annual turnover, whichever is higher.","""administrative fines of up to EUR 15 000 000 or, if the offender is an undertaking, up to 3 % of its total worldwide annual turnover for the preceding financial year, whichever is higher""",2025-08-02,Art. 113(b),,Art. 99(4),high,This fine tier can reach legal-AI providers and deployers for listed obligations.,"[""Art. 16"", ""Art. 22"", ""Art. 23"", ""Art. 24"", ""Art. 26"", ""Art. 31"", ""Art. 33"", ""Art. 34"", ""Art. 50""]",https://eur-lex.europa.eu/eli/reg/2024/1689/oj/eng#art_99
art-99-5-incorrect-info-tier,99,5,,"[""operator-any""]",penalty,not-tier-specific,"Supplying incorrect, incomplete or misleading information to notified bodies or national competent authorities in reply to a request carries fines of up to EUR 7 500 000 or up to 1 % of worldwide annual turnover.","""administrative fines of up to EUR 7 500 000 or, if the offender is an undertaking, up to 1 % of its total worldwide annual turnover for the preceding financial year, whichever is higher""",2025-08-02,Art. 113(b),,Art. 99(5),high,Legal-AI actors responding to authority or notified-body requests face this accuracy-related fine tier.,[],https://eur-lex.europa.eu/eli/reg/2024/1689/oj/eng#art_99
art-99-6-sme-cap,99,6,,"[""member-state""]",penalty,not-tier-specific,"For SMEs, including startups, each Article 99 fine is capped at the lower of the applicable percentage or amount in Article 99(3), (4) or (5).","""In the case of SMEs, including start-ups, each fine referred to in this Article shall be up to the percentages or amount referred to in paragraphs 3, 4 and 5, whichever thereof is lower.""",2025-08-02,Art. 113(b),,Art. 99(6),high,Startup legal-AI vendors may benefit from the SME lower-of cap.,"[""Art. 99(3)"", ""Art. 99(4)"", ""Art. 99(5)""]",https://eur-lex.europa.eu/eli/reg/2024/1689/oj/eng#art_99
art-99-7-fine-factors,99,7,,"[""member-state"", ""national-competent-authority""]",penalty,not-tier-specific,"Authorities deciding whether and how much to fine must consider all relevant circumstances, including gravity, turnover, cooperation, responsibility, notification, intent and mitigation.","""all relevant circumstances of the specific situation shall be taken into account""",2025-08-02,Art. 113(b),,Art. 99(7),high,"Fine-setting factors are relevant to legal-AI providers, deployers and notified bodies in enforcement.","[""Art. 99(7)(a)-(j)""]",https://eur-lex.europa.eu/eli/reg/2024/1689/oj/eng#art_99
art-99-8-public-authorities,99,8,,"[""member-state""]",penalty,not-tier-specific,Each Member State must set rules on the extent to which administrative fines may be imposed on public authorities and bodies it establishes.,"""Each Member State shall lay down rules on to what extent administrative fines may be imposed on public authorities and bodies established in that Member State.""",2025-08-02,Art. 113(b),,Art. 99(8),high,This matters to courts and public legal bodies deploying AI where national law permits fines.,[],https://eur-lex.europa.eu/eli/reg/2024/1689/oj/eng#art_99
art-99-10-safeguards,99,10,,"[""member-state"", ""national-competent-authority""]",penalty,not-tier-specific,"The exercise of penalty powers must be subject to procedural safeguards under Union and national law, including effective judicial remedies and due process.","""The exercise of powers under this Article shall be subject to appropriate procedural safeguards in accordance with Union and national law""",2025-08-02,Art. 113(b),,Art. 99(10),medium,Legal-AI actors subject to penalties have procedural safeguards and remedies.,[],https://eur-lex.europa.eu/eli/reg/2024/1689/oj/eng#art_99
art-99-11-annual-fine-report,99,11,,"[""member-state""]",penalty,not-tier-specific,Member States must annually report to the Commission on administrative fines issued under Article 99 and related litigation or judicial proceedings.,"""Member States shall, on an annual basis, report to the Commission about the administrative fines they have issued during that year""",2025-08-02,Art. 113(b),,Art. 99(11),low,This is a Member State reporting duty about penalty enforcement.,[],https://eur-lex.europa.eu/eli/reg/2024/1689/oj/eng#art_99
art-100-1-edps-fines,100,1,,"[""union-institution"", ""other""]",penalty,not-tier-specific,"The European Data Protection Supervisor may impose administrative fines on Union institutions, bodies, offices and agencies within scope, taking all listed circumstances into account.","""The European Data Protection Supervisor may impose administrative fines on Union institutions, bodies, offices and agencies falling within the scope of this Regulation.""",2025-08-02,Art. 113(b),,Art. 100(1),medium,"This covers EU bodies that act as AI providers or deployers, including legal institutions outside judicial exceptions.","[""Art. 74(9)""]",https://eur-lex.europa.eu/eli/reg/2024/1689/oj/eng#art_100
art-100-2-prohibited-fine,100,2,,"[""union-institution""]",penalty,prohibited-practice,"Union institutions, bodies, offices and agencies that breach Article 5 prohibited practices face administrative fines of up to EUR 1 500 000.","""Non-compliance with the prohibition of the AI practices referred to in Article 5 shall be subject to administrative fines of up to EUR 1 500 000.""",2025-08-02,Art. 113(b),,Art. 100(2),high,This may affect EU legal bodies or institutions using prohibited AI practices.,"[""Art. 5""]",https://eur-lex.europa.eu/eli/reg/2024/1689/oj/eng#art_100
art-100-3-other-fine,100,3,,"[""union-institution""]",penalty,not-tier-specific,"Union institutions, bodies, offices and agencies face administrative fines of up to EUR 750 000 for other AI-system requirements or obligations under the Regulation.","""The non-compliance of the AI system with any requirements or obligations under this Regulation, other than those laid down in Article 5, shall be subject to administrative fines of up to EUR 750 000.""",2025-08-02,Art. 113(b),,Art. 100(3),medium,This can reach EU bodies deploying or providing regulated AI outside Article 5.,[],https://eur-lex.europa.eu/eli/reg/2024/1689/oj/eng#art_100
art-100-4-hearing-defence,100,4,,"[""other"", ""union-institution""]",penalty,not-tier-specific,"Before EDPS fine decisions, the affected Union institution or body must have an opportunity to be heard, complainants must be closely associated, and defence rights and file access must be respected.","""Before taking decisions pursuant to this Article, the European Data Protection Supervisor shall give the Union institution, body, office or agency which is the subject of the proceedings""",2025-08-02,Art. 113(b),,Art. 100(4),medium,This sets procedural rights for Union bodies in AI Act fine proceedings.,"[""Art. 100(5)""]",https://eur-lex.europa.eu/eli/reg/2024/1689/oj/eng#art_100
art-100-6-funds-reporting,100,6,,"[""other""]",penalty,not-tier-specific,"Funds from Article 100 fines contribute to the Union budget, fines must not affect effective operation of the fined body, and EDPS must notify the Commission annually.","""Funds collected by imposition of fines in this Article shall contribute to the general budget of the Union.""",2025-08-02,Art. 113(b),,Art. 100(6),low,This governs disposition and reporting of EDPS fines.,"[""Art. 100(7)""]",https://eur-lex.europa.eu/eli/reg/2024/1689/oj/eng#art_100
art-101-1-gpai-fines,101,1,,"[""gpai-provider""]",penalty,gpai,"The Commission may fine GPAI model providers up to 3 % of annual total worldwide turnover or EUR 15 000 000, whichever is higher, for intentional or negligent listed infringements.","""fines not exceeding 3 % of their annual total worldwide turnover in the preceding financial year or EUR 15 000 000, whichever is higher""",2026-08-02,"Art. 113(b), exception for Art. 101",,Art. 101(1),medium,This reaches GPAI providers whose models may be integrated into legal AI systems.,"[""Art. 91"", ""Art. 92"", ""Art. 93""]",https://eur-lex.europa.eu/eli/reg/2024/1689/oj/eng#art_101
art-101-2-hearing,101,2,,"[""commission"", ""gpai-provider""]",penalty,gpai,"Before adopting a GPAI fine decision, the Commission must communicate preliminary findings to the provider and give it an opportunity to be heard.","""the Commission shall communicate its preliminary findings to the provider of the general-purpose AI model and give it an opportunity to be heard""",2026-08-02,"Art. 113(b), exception for Art. 101",,Art. 101(2),medium,GPAI providers in legal-AI supply chains receive hearing rights before fines.,[],https://eur-lex.europa.eu/eli/reg/2024/1689/oj/eng#art_101
art-101-3-effective-fines,101,3,,"[""commission""]",penalty,gpai,"Fines imposed on GPAI providers under Article 101 must be effective, proportionate and dissuasive.","""Fines imposed in accordance with this Article shall be effective, proportionate and dissuasive.""",2026-08-02,"Art. 113(b), exception for Art. 101",,Art. 101(3),low,This is the Article 101 fine standard.,[],https://eur-lex.europa.eu/eli/reg/2024/1689/oj/eng#art_101
art-101-4-board-cjeu,101,4,,"[""commission"", ""ai-board"", ""other""]",penalty,gpai,"Information on Article 101 fines must be communicated to the Board as appropriate, and the Court of Justice has unlimited jurisdiction to review Commission fine decisions.","""The Court of Justice of the European Union shall have unlimited jurisdiction to review decisions of the Commission fixing a fine under this Article.""",2026-08-02,"Art. 113(b), exception for Art. 101",,Art. 101(5),medium,This provides judicial review for GPAI providers fined under Article 101.,"[""Art. 101(4)""]",https://eur-lex.europa.eu/eli/reg/2024/1689/oj/eng#art_101
art-101-6-procedural-acts,101,6,,"[""commission""]",delegated-or-implementing-act,gpai,The Commission must adopt implementing acts containing detailed arrangements and procedural safeguards for Article 101 fine proceedings.,"""The Commission shall adopt implementing acts containing detailed arrangements and procedural safeguards for proceedings""",2026-08-02,"Art. 113(b), exception for Art. 101",,Art. 101(6),low,This governs future procedure for GPAI fine cases.,"[""Art. 98(2)""]",https://eur-lex.europa.eu/eli/reg/2024/1689/oj/eng#art_101
art-102-0-amendment,102,,,"[""commission""]",amendment-of-other-act,not-tier-specific,Article 102 amends Regulation (EC) No 300/2008 so that AI Act Chapter III Section 2 requirements are taken into account for security equipment concerning Artificial Intelligence systems.,"""the requirements set out in Chapter III, Section 2, of that Regulation shall be taken into account""",2026-08-02,Art. 113 second subparagraph,,,none,This sectoral product-law amendment has no direct legal-practice obligation.,"[""Chapter III Section 2"", ""Annex I""]",https://eur-lex.europa.eu/eli/reg/2024/1689/oj/eng#art_102
art-103-0-amendment,103,,,"[""commission""]",amendment-of-other-act,not-tier-specific,Article 103 amends Regulation (EU) No 167/2013 so that AI Act Chapter III Section 2 requirements are taken into account for artificial intelligence systems which are safety components.,"""the requirements set out in Chapter III, Section 2, of that Regulation shall be taken into account""",2026-08-02,Art. 113 second subparagraph,,,none,This sectoral product-law amendment has no direct legal-practice obligation.,"[""Chapter III Section 2"", ""Annex I""]",https://eur-lex.europa.eu/eli/reg/2024/1689/oj/eng#art_103
art-104-0-amendment,104,,,"[""commission""]",amendment-of-other-act,not-tier-specific,Article 104 amends Regulation (EU) No 168/2013 so that AI Act Chapter III Section 2 requirements are taken into account for Artificial Intelligence systems which are safety components.,"""the requirements set out in Chapter III, Section 2, of that Regulation shall be taken into account""",2026-08-02,Art. 113 second subparagraph,,,none,This sectoral product-law amendment has no direct legal-practice obligation.,"[""Chapter III Section 2"", ""Annex I""]",https://eur-lex.europa.eu/eli/reg/2024/1689/oj/eng#art_104
art-105-0-amendment,105,,,"[""commission""]",amendment-of-other-act,not-tier-specific,Article 105 amends Directive 2014/90/EU so that AI Act Chapter III Section 2 requirements are taken into account for Artificial Intelligence systems which are safety components.,"""the Commission shall take into account the requirements set out in Chapter III, Section 2, of that Regulation""",2026-08-02,Art. 113 second subparagraph,,,none,This sectoral product-law amendment has no direct legal-practice obligation.,"[""Chapter III Section 2"", ""Annex I""]",https://eur-lex.europa.eu/eli/reg/2024/1689/oj/eng#art_105
art-106-0-amendment,106,,,"[""commission""]",amendment-of-other-act,not-tier-specific,Article 106 amends Directive (EU) 2016/797 so that AI Act Chapter III Section 2 requirements are taken into account for Artificial Intelligence systems which are safety components.,"""the requirements set out in Chapter III, Section 2, of that Regulation shall be taken into account""",2026-08-02,Art. 113 second subparagraph,,,none,This sectoral product-law amendment has no direct legal-practice obligation.,"[""Chapter III Section 2"", ""Annex I""]",https://eur-lex.europa.eu/eli/reg/2024/1689/oj/eng#art_106
art-107-0-amendment,107,,,"[""commission""]",amendment-of-other-act,not-tier-specific,Article 107 amends Regulation (EU) 2018/858 so that AI Act Chapter III Section 2 requirements are taken into account for Artificial Intelligence systems which are safety components.,"""the requirements set out in Chapter III, Section 2, of that Regulation shall be taken into account""",2026-08-02,Art. 113 second subparagraph,,,none,This sectoral product-law amendment has no direct legal-practice obligation.,"[""Chapter III Section 2"", ""Annex I""]",https://eur-lex.europa.eu/eli/reg/2024/1689/oj/eng#art_107
art-108-0-amendment,108,,,"[""commission""]",amendment-of-other-act,not-tier-specific,Article 108 amends several parts of Regulation (EU) 2018/1139 so AI Act Chapter III Section 2 requirements are considered for AI safety components in aviation acts.,"""the requirements set out in Chapter III, Section 2, of that Regulation shall be taken into account""",2026-08-02,Art. 113 second subparagraph,,,none,This aviation-sector amendment has no direct legal-practice obligation.,"[""Chapter III Section 2"", ""Annex I""]",https://eur-lex.europa.eu/eli/reg/2024/1689/oj/eng#art_108
art-109-0-amendment,109,,,"[""commission""]",amendment-of-other-act,not-tier-specific,Article 109 amends Regulation (EU) 2019/2144 so that AI Act Chapter III Section 2 requirements are taken into account for artificial intelligence systems which are safety components.,"""the requirements set out in Chapter III, Section 2, of that Regulation shall be taken into account""",2026-08-02,Art. 113 second subparagraph,,,none,This sectoral product-law amendment has no direct legal-practice obligation.,"[""Chapter III Section 2"", ""Annex I""]",https://eur-lex.europa.eu/eli/reg/2024/1689/oj/eng#art_109
art-110-0-amendment,110,,,"[""commission""]",amendment-of-other-act,not-tier-specific,Article 110 amends Directive (EU) 2020/1828 by adding the AI Act to Annex I on representative actions for collective consumer-interest protection.,"""In Annex I to Directive (EU) 2020/1828 of the European Parliament and of the Council (58), the following point is added:""",2026-08-02,Art. 113 second subparagraph,,,medium,Consumer collective-action lawyers may encounter AI Act claims through this amendment.,"[""Directive (EU) 2020/1828""]",https://eur-lex.europa.eu/eli/reg/2024/1689/oj/eng#art_110
art-111-1-large-scale-it,111,1,,"[""provider"", ""deployer"", ""operator-any""]",derogation-or-exemption,high-risk,"AI components of Annex X large-scale IT systems placed on the market or put into service before 2 August 2027 must comply by 31 December 2030, without prejudice to Article 5.","""AI systems which are components of the large-scale IT systems established by the legal acts listed in Annex X that have been placed on the market or put into service before 2 August 2027 shall be brought into compliance with this Regulation by 31 December 2030""",2026-08-02,Art. 113 second subparagraph,Annex X large-scale IT AI components placed on the market or put into service before 2 August 2027 have until 31 December 2030.,,low,"This transitional rule mainly affects public large-scale IT systems in freedom, security and justice.","[""Art. 5"", ""Annex X""]",https://eur-lex.europa.eu/eli/reg/2024/1689/oj/eng#art_111
art-111-1-annex10,111,1,Annex X,"[""provider"", ""deployer"", ""operator-any""]",derogation-or-exemption,high-risk,"Annex X lists large-scale freedom, security and justice IT systems that receive the Article 111 transitional compliance rule for AI components.","""Schengen Information System""",2026-08-02,Art. 113 second subparagraph,Annex X systems are tied to the Article 111(1) 31 December 2030 transition.,,low,This is mostly relevant to public-sector justice and border-management IT systems.,"[""Art. 111(1)"", ""Art. 2(8)""]",https://eur-lex.europa.eu/eli/reg/2024/1689/oj/eng#anx_X
art-111-2-pre-2026-high-risk,111,2,,"[""operator-any"", ""provider"", ""deployer"", ""public-authority-deployer""]",derogation-or-exemption,high-risk,"For other high-risk AI systems placed on the market or put into service before 2 August 2026, the Regulation applies only after significant design changes, while public-authority systems must comply by 2 August 2030.","""this Regulation shall apply to operators of high-risk AI systems, other than the systems referred to in paragraph 1 of this Article, that have been placed on the market or put into service before 2 August 2026, only if""",2026-08-02,Art. 113 second subparagraph,Pre-2 August 2026 high-risk systems are covered only upon significant design changes; public-authority high-risk systems must comply by 2 August 2030.,,high,This transitional rule matters for courts and public legal bodies already using high-risk AI.,"[""Art. 5""]",https://eur-lex.europa.eu/eli/reg/2024/1689/oj/eng#art_111
art-111-3-pre-2025-gpai,111,3,,"[""gpai-provider""]",derogation-or-exemption,gpai,Providers of GPAI models placed on the market before 2 August 2025 must take necessary steps to comply with AI Act obligations by 2 August 2027.,"""Providers of general-purpose AI models that have been placed on the market before 2 August 2025 shall take the necessary steps in order to comply with the obligations laid down in this Regulation by 2 August 2027.""",2026-08-02,Art. 113 second subparagraph,Pre-2 August 2025 GPAI models must comply by 2 August 2027.,,medium,Legacy GPAI models used by legal-AI tools receive this transition period.,"[""Chapter V""]",https://eur-lex.europa.eu/eli/reg/2024/1689/oj/eng#art_111
art-112-1-annual-annex-review,112,1,,"[""commission""]",governance-institutional,not-tier-specific,"The Commission must annually assess the need to amend Annex III and Article 5 prohibited-practice lists until the Article 97 delegation period ends, and submit findings to Parliament and Council.","""The Commission shall assess the need for amendment of the list set out in Annex III and of the list of prohibited AI practices laid down in Article 5, once a year""",2026-08-02,Art. 113 second subparagraph,,,high,"Annex III point 8 and Article 5 changes could materially affect legal-AI providers, courts and deployers.","[""Annex III"", ""Art. 5"", ""Art. 97""]",https://eur-lex.europa.eu/eli/reg/2024/1689/oj/eng#art_112
art-112-2-four-year-review,112,2,,"[""commission""]",governance-institutional,not-tier-specific,"By 2 August 2028 and every four years thereafter, the Commission must evaluate and report on Annex III headings, Article 50 transparency systems and supervision/governance effectiveness.","""By 2 August 2028 and every four years thereafter, the Commission shall evaluate and report to the European Parliament and to the Council""",2026-08-02,Art. 113 second subparagraph,,,medium,Reviews may change high-risk and transparency categories relevant to legal-sector AI.,"[""Annex III"", ""Art. 50""]",https://eur-lex.europa.eu/eli/reg/2024/1689/oj/eng#art_112
art-112-3-regulation-review,112,3,,"[""commission""]",governance-institutional,not-tier-specific,"By 2 August 2029 and every four years thereafter, the Commission must report on evaluation and review of the Regulation, including enforcement structure and possible need for a Union agency.","""By 2 August 2029 and every four years thereafter, the Commission shall submit a report on the evaluation and review of this Regulation""",2026-08-02,Art. 113 second subparagraph,,,low,This is a general review duty that may affect future AI Act governance.,[],https://eur-lex.europa.eu/eli/reg/2024/1689/oj/eng#art_112
art-112-4-report-focus,112,4,,"[""commission""]",governance-institutional,not-tier-specific,"Article 112 reports must pay specific attention to authority resources, penalties, harmonised standards/common specifications and numbers of new market entrants and SMEs.","""The reports referred to in paragraph 2 shall pay specific attention to the following""",2026-08-02,Art. 113 second subparagraph,,,medium,Penalty and standards data may affect legal-AI compliance expectations.,"[""Art. 99"", ""Art. 40"", ""Art. 41""]",https://eur-lex.europa.eu/eli/reg/2024/1689/oj/eng#art_112
art-112-5-ai-office-review,112,5,,"[""commission""]",governance-institutional,not-tier-specific,"By 2 August 2028, the Commission must evaluate the AI Office’s functioning, powers, competences and resources and report to Parliament and Council.","""By 2 August 2028, the Commission shall evaluate the functioning of the AI Office""",2026-08-02,Art. 113 second subparagraph,,,low,This affects institutional enforcement capacity rather than direct legal-sector duties.,"[""AI Office""]",https://eur-lex.europa.eu/eli/reg/2024/1689/oj/eng#art_112
art-112-6-energy-report,112,6,,"[""commission""]",governance-institutional,gpai,"By 2 August 2028 and every four years thereafter, the Commission must report publicly on standardisation deliverables for energy-efficient GPAI model development and assess whether further measures are needed.","""the Commission shall submit a report on the review of the progress on the development of standardisation deliverables on the energy-efficient development of general-purpose AI models""",2026-08-02,Art. 113 second subparagraph,,,low,"This is most relevant to GPAI model providers, including models used in legal AI.","[""general-purpose AI models""]",https://eur-lex.europa.eu/eli/reg/2024/1689/oj/eng#art_112
art-112-7-codes-evaluation,112,7,,"[""commission""]",governance-institutional,all-ai-systems,"By 2 August 2028 and every three years thereafter, the Commission must evaluate the impact and effectiveness of voluntary codes of conduct for non-high-risk AI requirements and sustainability.","""the Commission shall evaluate the impact and effectiveness of voluntary codes of conduct""",2026-08-02,Art. 113 second subparagraph,,,medium,Voluntary codes may influence legal-sector AI governance for non-high-risk systems.,"[""Art. 95"", ""Chapter III Section 2""]",https://eur-lex.europa.eu/eli/reg/2024/1689/oj/eng#art_112
art-112-8-information-methodology,112,8,,"[""ai-board"", ""member-state"", ""national-competent-authority"", ""ai-office"", ""commission""]",cooperation-with-authorities,not-tier-specific,"The Board, Member States and national authorities must provide requested information without undue delay, and the AI Office must develop a participative methodology for evaluating risk levels and list additions.","""the Board, the Member States and national competent authorities shall provide the Commission with information upon its request and without undue delay""",2026-08-02,Art. 113 second subparagraph,,,medium,Risk-level methodology can affect whether legal AI becomes listed as high-risk or transparency-risk.,"[""Art. 112(11)"", ""Annex III"", ""Art. 5"", ""Art. 50""]",https://eur-lex.europa.eu/eli/reg/2024/1689/oj/eng#art_112
art-113-0-entry,113,,,"[""other""]",entry-into-force,not-tier-specific,The Regulation enters into force on the twentieth day after publication in the Official Journal of the European Union.,"""This Regulation shall enter into force on the twentieth day following that of its publication in the Official Journal of the European Union.""",2024-08-01,Art. 113 first paragraph,,,low,This sets the legal entry-into-force date.,[],https://eur-lex.europa.eu/eli/reg/2024/1689/oj/eng#art_113
art-113-0-general,113,,,"[""operator-any""]",entry-into-force,not-tier-specific,"Unless a specific Article 113 exception applies, the Regulation applies from 2 August 2026.","""It shall apply from 2 August 2026. However:""",2026-08-02,Art. 113 second subparagraph,,,high,This is the general application date for most legal-sector AI obligations.,[],https://eur-lex.europa.eu/eli/reg/2024/1689/oj/eng#art_113
art-113-a-chapters-i-ii,113,,Art. 113(a),"[""operator-any""]",entry-into-force,not-tier-specific,"Chapters I and II, including scope, definitions and prohibited AI practices, apply from 2 February 2025.","""Chapters I and II shall apply from 2 February 2025;""",2025-02-02,Art. 113(a),,,high,Article 5 prohibited-practice rules apply early to legal-sector AI.,"[""Chapter I"", ""Chapter II""]",https://eur-lex.europa.eu/eli/reg/2024/1689/oj/eng#art_113
art-113-b-selected-chapters,113,,Art. 113(b),"[""operator-any""]",entry-into-force,not-tier-specific,"Chapter III Section 4, Chapter V, Chapter VII, Chapter XII and Article 78 apply from 2 August 2025, except Article 101.","""Chapter III Section 4, Chapter V, Chapter VII and Chapter XII and Article 78 shall apply from 2 August 2025, with the exception of Article 101;""",2025-08-02,Art. 113(b),,,high,"This brings penalties and confidentiality, but not Article 101, into application on 2 August 2025.","[""Chapter III Section 4"", ""Chapter V"", ""Chapter VII"", ""Chapter XII"", ""Art. 78"", ""Art. 101""]",https://eur-lex.europa.eu/eli/reg/2024/1689/oj/eng#art_113
art-113-c-art-6-1,113,,Art. 113(c),"[""provider"", ""operator-any""]",entry-into-force,high-risk,Article 6(1) and corresponding obligations apply from 2 August 2027.,"""Article 6(1) and the corresponding obligations in this Regulation shall apply from 2 August 2027.""",2027-08-02,Art. 113(c),,,medium,"This delayed date applies to Annex I product-safety high-risk systems, not Annex III legal AI.","[""Art. 6(1)"", ""Annex I""]",https://eur-lex.europa.eu/eli/reg/2024/1689/oj/eng#art_113
